source_id,source_name,latitude,longitude,pvgis_year,annual_kwh_per_kwp,annual_cf,hourly_file,error
FR.CAED/7624.FACILITY,KEM ONE,43.45583,4.93172,2023,1923.46,0.219574,/Users/annayuen/Desktop/IECC/industrial_decarb/LCOH_EU_workflow/off_grid_electricity_run/outputs/pvgis_hourly/FR.CAED_7624.FACILITY.csv,
FR.CAED/10790.FACILITY,VERSALIS FRANCE S.A.S.,51.03032,2.2455,2023,1292.15,0.147506,/Users/annayuen/Desktop/IECC/industrial_decarb/LCOH_EU_workflow/off_grid_electricity_run/outputs/pvgis_hourly/FR.CAED_10790.FACILITY.csv,
IT.CAED/850122001.FACILITY,CENTRO OLI TEMPA ROSSA,40.4101,16.0871,2023,1721.35,0.196501,/Users/annayuen/Desktop/IECC/industrial_decarb/LCOH_EU_workflow/off_grid_electricity_run/outputs/pvgis_hourly/IT.CAED_850122001.FACILITY.csv,
ES.CAED/003701000.FACILITY,"PETROLEOS DEL NORTE, PETRONOR, S.A. (PETRONOR)",43.325743,-3.110944,2023,1518.29,0.173321,/Users/annayuen/Desktop/IECC/industrial_decarb/LCOH_EU_workflow/off_grid_electricity_run/outputs/pvgis_hourly/ES.CAED_003701000.FACILITY.csv,
PL.MŚ/000000232.FACILITY,Dyckerhoff Polska Sp. z o.o.,50.806941986084,20.5222225189209,2023,1207.07,0.137793,/Users/annayuen/Desktop/IECC/industrial_decarb/LCOH_EU_workflow/off_grid_electricity_run/outputs/pvgis_hourly/PL.MŚ_000000232.FACILITY.csv,
IT.CAED/441221002.FACILITY,YARA ITALIA SPA - STABILIMENTO DI FERRARA,44.856,11.5921,2023,1643.67,0.187633,/Users/annayuen/Desktop/IECC/industrial_decarb/LCOH_EU_workflow/off_grid_electricity_run/outputs/pvgis_hourly/IT.CAED_441221002.FACILITY.csv,
FR.CAED/3437.FACILITY,CRISTAL UNION,49.35335,4.15622,2023,1281.4,0.146279,/Users/annayuen/Desktop/IECC/industrial_decarb/LCOH_EU_workflow/off_grid_electricity_run/outputs/pvgis_hourly/FR.CAED_3437.FACILITY.csv,
ES.CAED/001482000.FACILITY,REFINERÍA LA RÁBIDA,37.184329,-6.894507,2023,2033.73,0.232161,/Users/annayuen/Desktop/IECC/industrial_decarb/LCOH_EU_workflow/off_grid_electricity_run/outputs/pvgis_hourly/ES.CAED_001482000.FACILITY.csv,
FR.CAED/7658.FACILITY,TOTALENERGIES RAFFINAGE FRANCE,43.38846,5.15267,2023,1934.2,0.220799,/Users/annayuen/Desktop/IECC/industrial_decarb/LCOH_EU_workflow/off_grid_electricity_run/outputs/pvgis_hourly/FR.CAED_7658.FACILITY.csv,
ES.CAED/002762000.FACILITY,SAICA PAPER EL BURGO DE EBRO,41.546601,-0.678377,2023,1979.66,0.225988,/Users/annayuen/Desktop/IECC/industrial_decarb/LCOH_EU_workflow/off_grid_electricity_run/outputs/pvgis_hourly/ES.CAED_002762000.FACILITY.csv,
IT.CAED/960101005.FACILITY,Raffineria ISAB Impianti NORD,37.1791,15.1825,2023,1868.87,0.213342,/Users/annayuen/Desktop/IECC/industrial_decarb/LCOH_EU_workflow/off_grid_electricity_run/outputs/pvgis_hourly/IT.CAED_960101005.FACILITY.csv,
IT.CAED/850592002.FACILITY,Centro Olio Val d'Agri,40.3136,15.8972,2023,1686.91,0.19257,/Users/annayuen/Desktop/IECC/industrial_decarb/LCOH_EU_workflow/off_grid_electricity_run/outputs/pvgis_hourly/IT.CAED_850592002.FACILITY.csv,
ES.CAED/001528000.FACILITY,REPSOL PETROLEO S.A.,38.672,-4.0497,2023,1952.81,0.222923,/Users/annayuen/Desktop/IECC/industrial_decarb/LCOH_EU_workflow/off_grid_electricity_run/outputs/pvgis_hourly/ES.CAED_001528000.FACILITY.csv,
FR.CAED/12675.FACILITY,TEREOS FRANCE,48.08478,1.88246,2023,1332.22,0.15208,/Users/annayuen/Desktop/IECC/industrial_decarb/LCOH_EU_workflow/off_grid_electricity_run/outputs/pvgis_hourly/FR.CAED_12675.FACILITY.csv,
FR.CAED/10838.FACILITY,SUCRERIES DISTILLERIES HAUTS DE FRANCE,50.55963,2.49065,2023,1243.87,0.141995,/Users/annayuen/Desktop/IECC/industrial_decarb/LCOH_EU_workflow/off_grid_electricity_run/outputs/pvgis_hourly/FR.CAED_10838.FACILITY.csv,
PL.MŚ/000000108.FACILITY,Grupa Azoty Zakłady Azotowe Kędzierzyn Spółka Akcyjna,50.303394317627,18.2594203948975,2023,1224.78,0.139815,/Users/annayuen/Desktop/IECC/industrial_decarb/LCOH_EU_workflow/off_grid_electricity_run/outputs/pvgis_hourly/PL.MŚ_000000108.FACILITY.csv,
FR.CAED/3814.FACILITY,TOTALENERGIES RAFFINAGE FRANCE,49.51034,0.22592,2023,1371.93,0.156614,/Users/annayuen/Desktop/IECC/industrial_decarb/LCOH_EU_workflow/off_grid_electricity_run/outputs/pvgis_hourly/FR.CAED_3814.FACILITY.csv,
IT.CAED/600151001.FACILITY,api Raffineria di Ancona spa,43.6395,13.3813,2023,1740.75,0.198716,/Users/annayuen/Desktop/IECC/industrial_decarb/LCOH_EU_workflow/off_grid_electricity_run/outputs/pvgis_hourly/IT.CAED_600151001.FACILITY.csv,
FR.CAED/7615.FACILITY,NAPHTACHIMIE,43.38438,5.01737,2023,1942.63,0.221761,/Users/annayuen/Desktop/IECC/industrial_decarb/LCOH_EU_workflow/off_grid_electricity_run/outputs/pvgis_hourly/FR.CAED_7615.FACILITY.csv,
FR.CAED/6705.FACILITY,TOTALENERGIES MARKETING SERVICES,47.37229,-2.12805,2023,1451.88,0.16574,/Users/annayuen/Desktop/IECC/industrial_decarb/LCOH_EU_workflow/off_grid_electricity_run/outputs/pvgis_hourly/FR.CAED_6705.FACILITY.csv,
PL.MŚ/000000138.FACILITY,Arctic Paper Kostrzyn S.A.,52.5945816040039,14.6254749298096,2023,1172.63,0.133862,/Users/annayuen/Desktop/IECC/industrial_decarb/LCOH_EU_workflow/off_grid_electricity_run/outputs/pvgis_hourly/PL.MŚ_000000138.FACILITY.csv,
PL.MŚ/000000221.FACILITY,"Huta Cynku ""Miasteczko Śląskie"" S.A.",50.5025901794434,18.9307708740234,2023,1226.94,0.140061,/Users/annayuen/Desktop/IECC/industrial_decarb/LCOH_EU_workflow/off_grid_electricity_run/outputs/pvgis_hourly/PL.MŚ_000000221.FACILITY.csv,
ES.CAED/001526000.FACILITY,REPSOL COMPLEJO INDUSTRIAL A CORUÑA,43.353129,-8.446743,2023,1526.3,0.174235,/Users/annayuen/Desktop/IECC/industrial_decarb/LCOH_EU_workflow/off_grid_electricity_run/outputs/pvgis_hourly/ES.CAED_001526000.FACILITY.csv,
FR.CAED/9415.FACILITY,ROQUETTE FRERES,48.85849,8.08496,2023,1323.15,0.151044,/Users/annayuen/Desktop/IECC/industrial_decarb/LCOH_EU_workflow/off_grid_electricity_run/outputs/pvgis_hourly/FR.CAED_9415.FACILITY.csv,
ES.CAED/002761000.FACILITY,SAICA 1,41.670085,-0.871259,2023,1968.4,0.224703,/Users/annayuen/Desktop/IECC/industrial_decarb/LCOH_EU_workflow/off_grid_electricity_run/outputs/pvgis_hourly/ES.CAED_002761000.FACILITY.csv,
FR.CAED/5914.FACILITY,NOVACARB,48.6394,6.26553,2023,1326.8,0.151461,/Users/annayuen/Desktop/IECC/industrial_decarb/LCOH_EU_workflow/off_grid_electricity_run/outputs/pvgis_hourly/FR.CAED_5914.FACILITY.csv,
IT.CAED/090181001.FACILITY,Sarlux srl,39.0971,9.0113,2023,1941.19,0.221597,/Users/annayuen/Desktop/IECC/industrial_decarb/LCOH_EU_workflow/off_grid_electricity_run/outputs/pvgis_hourly/IT.CAED_090181001.FACILITY.csv,
ES.CAED/002716000.FACILITY,DOW CHEMICAL IBERICA (DOW NORD),41.178667,1.220202,2023,1922.21,0.21943,/Users/annayuen/Desktop/IECC/industrial_decarb/LCOH_EU_workflow/off_grid_electricity_run/outputs/pvgis_hourly/ES.CAED_002716000.FACILITY.csv,
ES.CAED/001562000.FACILITY,REPSOL QUIMICA,41.194305,1.226122,2023,1922.72,0.219488,/Users/annayuen/Desktop/IECC/industrial_decarb/LCOH_EU_workflow/off_grid_electricity_run/outputs/pvgis_hourly/ES.CAED_001562000.FACILITY.csv,
FR.CAED/6144.FACILITY,NORSKE SKOG GOLBEY,48.20944,6.42027,2023,1346.47,0.153706,/Users/annayuen/Desktop/IECC/industrial_decarb/LCOH_EU_workflow/off_grid_electricity_run/outputs/pvgis_hourly/FR.CAED_6144.FACILITY.csv,
EL.CAED/100048.FACILITY,METLEN ENERGY & METALS S.A. - ALOUMINIUM OF GREECE,38.36083,22.69167,2023,1756.54,0.200518,/Users/annayuen/Desktop/IECC/industrial_decarb/LCOH_EU_workflow/off_grid_electricity_run/outputs/pvgis_hourly/EL.CAED_100048.FACILITY.csv,
IT.CAED/280691001.FACILITY,RAFFINERIA SARPOM DI TRECATE,45.4372,8.7858,2023,1593.18,0.18187,/Users/annayuen/Desktop/IECC/industrial_decarb/LCOH_EU_workflow/off_grid_electricity_run/outputs/pvgis_hourly/IT.CAED_280691001.FACILITY.csv,
FR.CAED/5422.FACILITY,TOTALENERGIES RAFFINAGE FRANCE,45.67743,4.86113,2023,1518.83,0.173383,/Users/annayuen/Desktop/IECC/industrial_decarb/LCOH_EU_workflow/off_grid_electricity_run/outputs/pvgis_hourly/FR.CAED_5422.FACILITY.csv,
FR.CAED/788.FACILITY,RAYONIER A.M. TARTAS,43.83137,-0.82634,2023,1495.28,0.170695,/Users/annayuen/Desktop/IECC/industrial_decarb/LCOH_EU_workflow/off_grid_electricity_run/outputs/pvgis_hourly/FR.CAED_788.FACILITY.csv,
PL.MŚ/000000068.FACILITY,Holcim Polska S.A.; ODDZIAŁ W BIELAWACH,52.8368148803711,17.9895725250244,2023,1176.51,0.134304,/Users/annayuen/Desktop/IECC/industrial_decarb/LCOH_EU_workflow/off_grid_electricity_run/outputs/pvgis_hourly/PL.MŚ_000000068.FACILITY.csv,
FR.CAED/9517.FACILITY,TEREOS STARCH & SWEETENERS EUROPE,48.1668,7.59363,2023,1370.87,0.156492,/Users/annayuen/Desktop/IECC/industrial_decarb/LCOH_EU_workflow/off_grid_electricity_run/outputs/pvgis_hourly/FR.CAED_9517.FACILITY.csv,
FR.CAED/7656.FACILITY,ARCELORMITTAL MEDITERRANEE,43.46551,4.93663,2023,1923.81,0.219613,/Users/annayuen/Desktop/IECC/industrial_decarb/LCOH_EU_workflow/off_grid_electricity_run/outputs/pvgis_hourly/FR.CAED_7656.FACILITY.csv,
IT.CAED/960101006.FACILITY,SASOL ITALY ENERGIA SRL,37.2191,15.1752,2023,1863.57,0.212737,/Users/annayuen/Desktop/IECC/industrial_decarb/LCOH_EU_workflow/off_grid_electricity_run/outputs/pvgis_hourly/IT.CAED_960101006.FACILITY.csv,
PL.MŚ/000000197.FACILITY,ANWIL S.A.,52.7022247314453,18.9658336639404,2023,1176.62,0.134317,/Users/annayuen/Desktop/IECC/industrial_decarb/LCOH_EU_workflow/off_grid_electricity_run/outputs/pvgis_hourly/PL.MŚ_000000197.FACILITY.csv,
ES.CAED/000704000.FACILITY,"BP ENERGÍA ESPAÑA, S.A.",39.976742,0.014574,2023,1991.08,0.227292,/Users/annayuen/Desktop/IECC/industrial_decarb/LCOH_EU_workflow/off_grid_electricity_run/outputs/pvgis_hourly/ES.CAED_000704000.FACILITY.csv,
PL.MŚ/000000278.FACILITY,"Huta Miedzi ""Legnica""",51.1823844909668,16.1176204681396,2023,1234.85,0.140964,/Users/annayuen/Desktop/IECC/industrial_decarb/LCOH_EU_workflow/off_grid_electricity_run/outputs/pvgis_hourly/PL.MŚ_000000278.FACILITY.csv,
FR.CAED/11135.FACILITY,ROQUETTE FRERES,50.63404,2.67593,2023,1231.97,0.140635,/Users/annayuen/Desktop/IECC/industrial_decarb/LCOH_EU_workflow/off_grid_electricity_run/outputs/pvgis_hourly/FR.CAED_11135.FACILITY.csv,
FR.CAED/6155.FACILITY,EGGER PANNEAUX ET DECORS,48.33671,6.65654,2023,1327.17,0.151504,/Users/annayuen/Desktop/IECC/industrial_decarb/LCOH_EU_workflow/off_grid_electricity_run/outputs/pvgis_hourly/FR.CAED_6155.FACILITY.csv,
FR.CAED/791.FACILITY,LES DERIVES RESINIQUES ET TERPENIQUES,43.94703,-1.29872,2023,1562.24,0.178338,/Users/annayuen/Desktop/IECC/industrial_decarb/LCOH_EU_workflow/off_grid_electricity_run/outputs/pvgis_hourly/FR.CAED_791.FACILITY.csv,
FR.CAED/7646.FACILITY,RHONE ENERGIES FOS-SUR-MER SAS,43.44832,4.93111,2023,1923.2,0.219543,/Users/annayuen/Desktop/IECC/industrial_decarb/LCOH_EU_workflow/off_grid_electricity_run/outputs/pvgis_hourly/FR.CAED_7646.FACILITY.csv,
PL.MŚ/000000212.FACILITY,Kronospan Mielec Sp. z o.o.,50.307014465332,21.470874786377,2023,1204.12,0.137456,/Users/annayuen/Desktop/IECC/industrial_decarb/LCOH_EU_workflow/off_grid_electricity_run/outputs/pvgis_hourly/PL.MŚ_000000212.FACILITY.csv,
FR.CAED/1260.FACILITY,STE BEARNAISE DE GESTION INDUSTRIELLE,43.41473,-0.61294,2023,1535.72,0.17531,/Users/annayuen/Desktop/IECC/industrial_decarb/LCOH_EU_workflow/off_grid_electricity_run/outputs/pvgis_hourly/FR.CAED_1260.FACILITY.csv,
FR.CAED/7588.FACILITY,FIBRE EXCELLENCE PROVENCE,43.7932,4.66201,2023,1839.31,0.209967,/Users/annayuen/Desktop/IECC/industrial_decarb/LCOH_EU_workflow/off_grid_electricity_run/outputs/pvgis_hourly/FR.CAED_7588.FACILITY.csv,
PL.MŚ/000000136.FACILITY,"Celsa ""Huta Ostrowiec"" Sp.o.o.",50.9482231140137,21.4450912475586,2023,1216.47,0.138867,/Users/annayuen/Desktop/IECC/industrial_decarb/LCOH_EU_workflow/off_grid_electricity_run/outputs/pvgis_hourly/PL.MŚ_000000136.FACILITY.csv,
ES.CAED/003378000.FACILITY,CEASA ENCE- FÁBRICA DE NAVIA,43.54111,-6.72114,2023,1626.29,0.18565,/Users/annayuen/Desktop/IECC/industrial_decarb/LCOH_EU_workflow/off_grid_electricity_run/outputs/pvgis_hourly/ES.CAED_003378000.FACILITY.csv,
EE.KAUR.TTR/88.FACILITY,"Horizon Tselluloosi ja Paberi AS, Kehra paberivabrik",59.3405854971,25.3401582309,2023,1114.19,0.127191,/Users/annayuen/Desktop/IECC/industrial_decarb/LCOH_EU_workflow/off_grid_electricity_run/outputs/pvgis_hourly/EE.KAUR.TTR_88.FACILITY.csv,
IT.CAED/330282002.FACILITY,Stabilimento di Tolmezzo,46.3939,13.0169,2023,1450.97,0.165636,/Users/annayuen/Desktop/IECC/industrial_decarb/LCOH_EU_workflow/off_grid_electricity_run/outputs/pvgis_hourly/IT.CAED_330282002.FACILITY.csv,
FR.CAED/9964.FACILITY,SOC D'EXPLOITATION THERMIQUE DU MIRAIL,43.55826,1.39858,2023,1504.5,0.171746,/Users/annayuen/Desktop/IECC/industrial_decarb/LCOH_EU_workflow/off_grid_electricity_run/outputs/pvgis_hourly/FR.CAED_9964.FACILITY.csv,
FR.CAED/3936.FACILITY,LAT NITROGEN FRANCE,49.42375,1.03674,2023,1292.14,0.147505,/Users/annayuen/Desktop/IECC/industrial_decarb/LCOH_EU_workflow/off_grid_electricity_run/outputs/pvgis_hourly/FR.CAED_3936.FACILITY.csv,
FR.CAED/10011.FACILITY,FIBRE EXCELLENCE SAINT-GAUDENS SAS,43.09995,0.72184,2023,1603.41,0.183038,/Users/annayuen/Desktop/IECC/industrial_decarb/LCOH_EU_workflow/off_grid_electricity_run/outputs/pvgis_hourly/FR.CAED_10011.FACILITY.csv,
FR.CAED/662.FACILITY,SMURFIT WESTROCK CELLULOSE DU PIN,44.62884,-0.97612,2023,1484.85,0.169504,/Users/annayuen/Desktop/IECC/industrial_decarb/LCOH_EU_workflow/off_grid_electricity_run/outputs/pvgis_hourly/FR.CAED_662.FACILITY.csv,
FR.CAED/5938.FACILITY,SAINT-GOBAIN PAM CANALISATION,48.89672,6.05187,2023,1315.99,0.150227,/Users/annayuen/Desktop/IECC/industrial_decarb/LCOH_EU_workflow/off_grid_electricity_run/outputs/pvgis_hourly/FR.CAED_5938.FACILITY.csv,
PL.MŚ/000000053.FACILITY,Grupa Ożarów S.A.,50.9304275512695,21.6765041351318,2023,1214.28,0.138616,/Users/annayuen/Desktop/IECC/industrial_decarb/LCOH_EU_workflow/off_grid_electricity_run/outputs/pvgis_hourly/PL.MŚ_000000053.FACILITY.csv,
ES.CAED/001619000.FACILITY,FÁBRICA DE PALOS DE LA FRONTERA (CEPSA QUÍMICA),37.18396,-6.889568,2023,2033.72,0.23216,/Users/annayuen/Desktop/IECC/industrial_decarb/LCOH_EU_workflow/off_grid_electricity_run/outputs/pvgis_hourly/ES.CAED_001619000.FACILITY.csv,
PL.MŚ/000000273.FACILITY,Euroglas Polska Sp. z o.o.,51.6197776794434,19.9349212646484,2023,1184.74,0.135245,/Users/annayuen/Desktop/IECC/industrial_decarb/LCOH_EU_workflow/off_grid_electricity_run/outputs/pvgis_hourly/PL.MŚ_000000273.FACILITY.csv,
ES.CAED/001960000.FACILITY,"DS SMITH SPAIN, S.A.",41.84,-4.559444,2023,1789.21,0.204248,/Users/annayuen/Desktop/IECC/industrial_decarb/LCOH_EU_workflow/off_grid_electricity_run/outputs/pvgis_hourly/ES.CAED_001960000.FACILITY.csv,
FR.CAED/44.FACILITY,SOLVAY FRANCE,47.03851,5.41265,2023,1447.45,0.165234,/Users/annayuen/Desktop/IECC/industrial_decarb/LCOH_EU_workflow/off_grid_electricity_run/outputs/pvgis_hourly/FR.CAED_44.FACILITY.csv,
FR.CAED/3839.FACILITY,TOTALENERGIES PETROCHEMICALS FRANCE,49.50488,0.20609,2023,1371.7,0.156586,/Users/annayuen/Desktop/IECC/industrial_decarb/LCOH_EU_workflow/off_grid_electricity_run/outputs/pvgis_hourly/FR.CAED_3839.FACILITY.csv,
IT.CAED/980571001.FACILITY,Raffineria di Milazzo S.C.p.A.,38.2027,15.2723,2023,1810.89,0.206723,/Users/annayuen/Desktop/IECC/industrial_decarb/LCOH_EU_workflow/off_grid_electricity_run/outputs/pvgis_hourly/IT.CAED_980571001.FACILITY.csv,
EL.CAED/100058.FACILITY,HELLENIC PETROLEUM R.S.S.O.P.P. S.A. –SOUTH REFINERIES COMPLEX – ELEFSIS INDUSTRIAL FACILITIES,38.04222,23.51083,2023,1811.88,0.206835,/Users/annayuen/Desktop/IECC/industrial_decarb/LCOH_EU_workflow/off_grid_electricity_run/outputs/pvgis_hourly/EL.CAED_100058.FACILITY.csv,
PL.MŚ/000000058.FACILITY,ArcelorMittal Poland S.A. Oddział Dąbrowa Górnicza,50.3461112976074,19.28444480896,2023,1223.69,0.13969,/Users/annayuen/Desktop/IECC/industrial_decarb/LCOH_EU_workflow/off_grid_electricity_run/outputs/pvgis_hourly/PL.MŚ_000000058.FACILITY.csv,
IT.CAED/301751001.FACILITY,Raffineria di Venezia,45.4594,12.2667,2023,1623.99,0.185387,/Users/annayuen/Desktop/IECC/industrial_decarb/LCOH_EU_workflow/off_grid_electricity_run/outputs/pvgis_hourly/IT.CAED_301751001.FACILITY.csv,
IT.CAED/930121001.FACILITY,Bioraffineria di Gela S.p.A  (ex RAFFINERIA di Gela SpA),37.0554,14.2772,2023,1922.48,0.219461,/Users/annayuen/Desktop/IECC/industrial_decarb/LCOH_EU_workflow/off_grid_electricity_run/outputs/pvgis_hourly/IT.CAED_930121001.FACILITY.csv,
IT.CAED/030392001.FACILITY,Stabilimento di Sora (FR),41.6994,13.5869,2023,1656.29,0.189074,/Users/annayuen/Desktop/IECC/industrial_decarb/LCOH_EU_workflow/off_grid_electricity_run/outputs/pvgis_hourly/IT.CAED_030392001.FACILITY.csv,
FR.CAED/759.FACILITY,GASCOGNE PAPIER,44.20724,-1.2716,2023,1577.68,0.1801,/Users/annayuen/Desktop/IECC/industrial_decarb/LCOH_EU_workflow/off_grid_electricity_run/outputs/pvgis_hourly/FR.CAED_759.FACILITY.csv,
ES.CAED/001529000.FACILITY,"REPSOL PETRÓLEO, S.A. - C.I. CARTAGENA",37.622214,-0.982184,2023,2038.48,0.232703,/Users/annayuen/Desktop/IECC/industrial_decarb/LCOH_EU_workflow/off_grid_electricity_run/outputs/pvgis_hourly/ES.CAED_001529000.FACILITY.csv,
FR.CAED/146.FACILITY,SAICA PAPER FRANCE,49.36547,3.41373,2023,1287.43,0.146967,/Users/annayuen/Desktop/IECC/industrial_decarb/LCOH_EU_workflow/off_grid_electricity_run/outputs/pvgis_hourly/FR.CAED_146.FACILITY.csv,
FR.CAED/4151.FACILITY,TEREOS STARCH & SWEETENERS LBN,49.48913,0.52521,2023,1310.05,0.149549,/Users/annayuen/Desktop/IECC/industrial_decarb/LCOH_EU_workflow/off_grid_electricity_run/outputs/pvgis_hourly/FR.CAED_4151.FACILITY.csv,
FR.CAED/7626.FACILITY,LYONDELL CHIMIE FRANCE,43.42011,4.8602,2023,1924.66,0.21971,/Users/annayuen/Desktop/IECC/industrial_decarb/LCOH_EU_workflow/off_grid_electricity_run/outputs/pvgis_hourly/FR.CAED_7626.FACILITY.csv,
EL.CAED/100053.FACILITY,HELLENIC PETROLEUM R.S.S.O.P.P. S.A. - INDUSTRIAL DIVISION OF ASPROPYRGOS,38.03236,23.60276,2023,1813.81,0.207056,/Users/annayuen/Desktop/IECC/industrial_decarb/LCOH_EU_workflow/off_grid_electricity_run/outputs/pvgis_hourly/EL.CAED_100053.FACILITY.csv,
EL.CAED/100062.FACILITY,HELLENIC PETROLEUM R.S.S.O.P.P. S.A. - THESSALONIKI INDUSTRIAL COMPLEX,40.67952,22.87819,2023,1646.18,0.18792,/Users/annayuen/Desktop/IECC/industrial_decarb/LCOH_EU_workflow/off_grid_electricity_run/outputs/pvgis_hourly/EL.CAED_100062.FACILITY.csv,
FR.CAED/3829.FACILITY,YARA FRANCE,49.50521,0.20993,2023,1369.04,0.156283,/Users/annayuen/Desktop/IECC/industrial_decarb/LCOH_EU_workflow/off_grid_electricity_run/outputs/pvgis_hourly/FR.CAED_3829.FACILITY.csv,
IT.CAED/030402001.FACILITY,Unità Locale 3 - Impianto di Termovalorizzazione rifiuti non pericolosi.,41.4375,13.8971,2023,1663.5,0.189897,/Users/annayuen/Desktop/IECC/industrial_decarb/LCOH_EU_workflow/off_grid_electricity_run/outputs/pvgis_hourly/IT.CAED_030402001.FACILITY.csv,
PL.MŚ/000000072.FACILITY,International Paper - Kwidzyn Sp. z o.o.,53.6997413635254,18.9216861724854,2023,1176.06,0.134254,/Users/annayuen/Desktop/IECC/industrial_decarb/LCOH_EU_workflow/off_grid_electricity_run/outputs/pvgis_hourly/PL.MŚ_000000072.FACILITY.csv,
IT.CAED/570162008.FACILITY,SOLVAY CHIMICA ITALIA S.P.A. ROSIGNANO,43.4089,10.4739,2023,1715.97,0.195887,/Users/annayuen/Desktop/IECC/industrial_decarb/LCOH_EU_workflow/off_grid_electricity_run/outputs/pvgis_hourly/IT.CAED_570162008.FACILITY.csv,
FR.CAED/9481.FACILITY,ALSACHIMIE,47.8265,7.54591,2023,1368.23,0.156191,/Users/annayuen/Desktop/IECC/industrial_decarb/LCOH_EU_workflow/off_grid_electricity_run/outputs/pvgis_hourly/FR.CAED_9481.FACILITY.csv,
FR.CAED/9469.FACILITY,BUTACHIMIE,47.81907,7.53852,2023,1368.2,0.156187,/Users/annayuen/Desktop/IECC/industrial_decarb/LCOH_EU_workflow/off_grid_electricity_run/outputs/pvgis_hourly/FR.CAED_9469.FACILITY.csv,
IT.CAED/960101007.FACILITY,Versalis S.p.A.,37.167,15.1973,2023,1868.94,0.213349,/Users/annayuen/Desktop/IECC/industrial_decarb/LCOH_EU_workflow/off_grid_electricity_run/outputs/pvgis_hourly/IT.CAED_960101007.FACILITY.csv,
IT.CAED/240442002.FACILITY,Tenaris Dalmine - Stabilimento di Dalmine,45.6425,9.5969,2023,1596.36,0.182233,/Users/annayuen/Desktop/IECC/industrial_decarb/LCOH_EU_workflow/off_grid_electricity_run/outputs/pvgis_hourly/IT.CAED_240442002.FACILITY.csv,
PL.MŚ/000000023.FACILITY,LOTOS ASfalt Sp. z o.o.,54.3499298095703,18.7296676635742,2023,1247.84,0.142447,/Users/annayuen/Desktop/IECC/industrial_decarb/LCOH_EU_workflow/off_grid_electricity_run/outputs/pvgis_hourly/PL.MŚ_000000023.FACILITY.csv,
FR.CAED/6088.FACILITY,ARKEMA FRANCE,49.1401,6.70733,2023,1299.65,0.148362,/Users/annayuen/Desktop/IECC/industrial_decarb/LCOH_EU_workflow/off_grid_electricity_run/outputs/pvgis_hourly/FR.CAED_6088.FACILITY.csv,
FR.CAED/7874.FACILITY,PETROINEOS MANUFACTURING FRANCE SAS,43.38403,5.02829,2023,1942.81,0.221782,/Users/annayuen/Desktop/IECC/industrial_decarb/LCOH_EU_workflow/off_grid_electricity_run/outputs/pvgis_hourly/FR.CAED_7874.FACILITY.csv,
FR.CAED/8363.FACILITY,ENORIS,48.71938,2.27887,2023,1318.4,0.150503,/Users/annayuen/Desktop/IECC/industrial_decarb/LCOH_EU_workflow/off_grid_electricity_run/outputs/pvgis_hourly/FR.CAED_8363.FACILITY.csv,
IT.CAED/051002003.FACILITY,ACEA AMBIENTE Srl UL1_Impianto di Termovalorizzazione,42.5806,12.6615,2023,1660.33,0.189535,/Users/annayuen/Desktop/IECC/industrial_decarb/LCOH_EU_workflow/off_grid_electricity_run/outputs/pvgis_hourly/IT.CAED_051002003.FACILITY.csv,
FR.CAED/9451.FACILITY,LAT NITROGEN OTTMARSHEIM,47.79004,7.51929,2023,1366.85,0.156033,/Users/annayuen/Desktop/IECC/industrial_decarb/LCOH_EU_workflow/off_grid_electricity_run/outputs/pvgis_hourly/FR.CAED_9451.FACILITY.csv,
PL.MŚ/000000021.FACILITY,KOKSOWNIA RADLIN,50.0377769470215,18.4866676330566,2023,1216.95,0.138921,/Users/annayuen/Desktop/IECC/industrial_decarb/LCOH_EU_workflow/off_grid_electricity_run/outputs/pvgis_hourly/PL.MŚ_000000021.FACILITY.csv,
PL.MŚ/000000309.FACILITY,SAINT-GOBAIN INNOVATIVE MATERIALS POLSKA SPÓŁKA Z O.O. ODDZIAŁ GLASS,50.3058013916016,19.3013935089111,2023,1224.19,0.139748,/Users/annayuen/Desktop/IECC/industrial_decarb/LCOH_EU_workflow/off_grid_electricity_run/outputs/pvgis_hourly/PL.MŚ_000000309.FACILITY.csv,
IT.CAED/960111001.FACILITY,Sonatrach Raffineria Italiana-Raffineria di Augusta,37.2216,15.1905,2023,1863.67,0.212748,/Users/annayuen/Desktop/IECC/industrial_decarb/LCOH_EU_workflow/off_grid_electricity_run/outputs/pvgis_hourly/IT.CAED_960111001.FACILITY.csv,
FR.CAED/3572.FACILITY,CRISTAL UNION,48.53275,4.11393,2023,1311.75,0.149743,/Users/annayuen/Desktop/IECC/industrial_decarb/LCOH_EU_workflow/off_grid_electricity_run/outputs/pvgis_hourly/FR.CAED_3572.FACILITY.csv,
PL.MŚ/000000067.FACILITY,"CEMENTOWNIA ""WARTA"" SPÓŁKA AKCYJNA",51.1030540466309,18.9263877868652,2023,1217.96,0.139036,/Users/annayuen/Desktop/IECC/industrial_decarb/LCOH_EU_workflow/off_grid_electricity_run/outputs/pvgis_hourly/PL.MŚ_000000067.FACILITY.csv,
IT.CAED/100752001.FACILITY,Ahlstrom-Munksjö Italia S.p.A.,45.2533,7.5397,2023,1594.26,0.181993,/Users/annayuen/Desktop/IECC/industrial_decarb/LCOH_EU_workflow/off_grid_electricity_run/outputs/pvgis_hourly/IT.CAED_100752001.FACILITY.csv,
FR.CAED/132.FACILITY,TEREOS FRANCE,49.83966,3.48056,2023,1263.36,0.144219,/Users/annayuen/Desktop/IECC/industrial_decarb/LCOH_EU_workflow/off_grid_electricity_run/outputs/pvgis_hourly/FR.CAED_132.FACILITY.csv,
FR.CAED/3834.FACILITY,ESSO RAFFINAGE,49.48838,0.56521,2023,1313.85,0.149983,/Users/annayuen/Desktop/IECC/industrial_decarb/LCOH_EU_workflow/off_grid_electricity_run/outputs/pvgis_hourly/FR.CAED_3834.FACILITY.csv,
FR.CAED/82.FACILITY,TEREOS FRANCE,49.39409,3.37064,2023,1289.85,0.147243,/Users/annayuen/Desktop/IECC/industrial_decarb/LCOH_EU_workflow/off_grid_electricity_run/outputs/pvgis_hourly/FR.CAED_82.FACILITY.csv,
PL.MŚ/000000063.FACILITY,LAFARGE CEMENT S.A,50.8286399841309,20.2727031707764,2023,1205.42,0.137605,/Users/annayuen/Desktop/IECC/industrial_decarb/LCOH_EU_workflow/off_grid_electricity_run/outputs/pvgis_hourly/PL.MŚ_000000063.FACILITY.csv,
IT.CAED/270391001.FACILITY,RAFFINERIA DI SANNAZZARO DE' BURGONDI,45.0997,8.8768,2023,1574.77,0.179768,/Users/annayuen/Desktop/IECC/industrial_decarb/LCOH_EU_workflow/off_grid_electricity_run/outputs/pvgis_hourly/IT.CAED_270391001.FACILITY.csv,
ES.CAED/001998000.FACILITY,ALUMINA ESPAÑOLA S.A.,43.697515,-7.454929,2023,1601.56,0.182826,/Users/annayuen/Desktop/IECC/industrial_decarb/LCOH_EU_workflow/off_grid_electricity_run/outputs/pvgis_hourly/ES.CAED_001998000.FACILITY.csv,
FR.CAED/3833.FACILITY,EXXONMOBIL CHEMICAL FRANCE,49.48838,0.56521,2023,1313.85,0.149983,/Users/annayuen/Desktop/IECC/industrial_decarb/LCOH_EU_workflow/off_grid_electricity_run/outputs/pvgis_hourly/FR.CAED_3833.FACILITY.csv,
PL.MŚ/000000109.FACILITY,Trzuskawica Spółka Akcyjna Zakład Kujawy,52.8271408081055,18.0081462860107,2023,1173.81,0.133996,/Users/annayuen/Desktop/IECC/industrial_decarb/LCOH_EU_workflow/off_grid_electricity_run/outputs/pvgis_hourly/PL.MŚ_000000109.FACILITY.csv,
FR.CAED/10727.FACILITY,TEREOS FRANCE,50.20943,2.76763,2023,1259.02,0.143723,/Users/annayuen/Desktop/IECC/industrial_decarb/LCOH_EU_workflow/off_grid_electricity_run/outputs/pvgis_hourly/FR.CAED_10727.FACILITY.csv,
FR.CAED/6359.FACILITY,INEOS POLYMERS SARRALBE SAS,49.0053,7.03121,2023,1297.4,0.148105,/Users/annayuen/Desktop/IECC/industrial_decarb/LCOH_EU_workflow/off_grid_electricity_run/outputs/pvgis_hourly/FR.CAED_6359.FACILITY.csv,
FR.CAED/4602.FACILITY,SYLVAMO FRANCE SA,45.86907,0.82809,2023,1399.85,0.159801,/Users/annayuen/Desktop/IECC/industrial_decarb/LCOH_EU_workflow/off_grid_electricity_run/outputs/pvgis_hourly/FR.CAED_4602.FACILITY.csv,
PL.MŚ/000000062.FACILITY,"Cementownia ""Odra"" S.A.",50.6806411743164,17.9139156341553,2023,1225.22,0.139865,/Users/annayuen/Desktop/IECC/industrial_decarb/LCOH_EU_workflow/off_grid_electricity_run/outputs/pvgis_hourly/PL.MŚ_000000062.FACILITY.csv,
FR.CAED/5125.FACILITY,SAICA PAPER FRANCE,45.21534,4.81297,2023,1613.31,0.184168,/Users/annayuen/Desktop/IECC/industrial_decarb/LCOH_EU_workflow/off_grid_electricity_run/outputs/pvgis_hourly/FR.CAED_5125.FACILITY.csv,
PL.MŚ/000000190.FACILITY,CEMEX Polska Sp. z o.o. - Zakład Cementownia Rudniki,50.8750915527344,19.2573299407959,2023,1217.45,0.138978,/Users/annayuen/Desktop/IECC/industrial_decarb/LCOH_EU_workflow/off_grid_electricity_run/outputs/pvgis_hourly/PL.MŚ_000000190.FACILITY.csv,
FR.CAED/3466.FACILITY,TEREOS FRANCE,48.7222,3.92123,2023,1317.79,0.150432,/Users/annayuen/Desktop/IECC/industrial_decarb/LCOH_EU_workflow/off_grid_electricity_run/outputs/pvgis_hourly/FR.CAED_3466.FACILITY.csv,
FR.CAED/5900.FACILITY,SOLVAY OPERATIONS FRANCE,48.6196,6.35778,2023,1326.05,0.151376,/Users/annayuen/Desktop/IECC/industrial_decarb/LCOH_EU_workflow/off_grid_electricity_run/outputs/pvgis_hourly/FR.CAED_5900.FACILITY.csv,
EL.CAED/100066.FACILITY,MOTOR OIL HELLLAS-CORINTH REFINERIES S.A.,37.91778,23.07361,2023,1811.5,0.206793,/Users/annayuen/Desktop/IECC/industrial_decarb/LCOH_EU_workflow/off_grid_electricity_run/outputs/pvgis_hourly/EL.CAED_100066.FACILITY.csv,
IT.CAED/201532001.FACILITY,Impianto di termovalorizzazione Silla 2,45.5042,9.0706,2023,1583.52,0.180767,/Users/annayuen/Desktop/IECC/industrial_decarb/LCOH_EU_workflow/off_grid_electricity_run/outputs/pvgis_hourly/IT.CAED_201532001.FACILITY.csv,
PL.MŚ/000000215.FACILITY,CEMEX Polska Sp. z o.o - Zakład Cementownia Chełm,51.1371726989746,23.5443572998047,2023,1203.17,0.137348,/Users/annayuen/Desktop/IECC/industrial_decarb/LCOH_EU_workflow/off_grid_electricity_run/outputs/pvgis_hourly/PL.MŚ_000000215.FACILITY.csv,
