run_type,source_id,source_name,country,iso3_country,eprtr_activity,latitude,longitude,annual_heat_demand_MWh_th,heat_demand_provenance,pvgis_year,pvgis_annual_cf,pvgis_kwh_per_kwp,bnef_annual_cost_usd_kw_yr,bnef_data_source,site_pv_lcoe_eur_mwh,bnef_country_lcoe_eur_mwh,lcoe_delta_eur_mwh,lcoh_hb_site_specific_eur_mwhth,lcoh_hb_bnef_eur_mwhth,lcoh_hb_delta_eur_mwhth,lcoh_gas_eur_mwhth,lcoh_hb_vs_gas_delta_eur_mwhth,electricity_needed_mwh_yr,solar_capacity_needed_mwp,land_needed_km2,suitable_land_km2,land_feasibility,land_surplus_deficit_km2,computation_status,notes
offgrid_bnef_pv,PL.MŚ/000000232.FACILITY,Dyckerhoff Polska Sp. z o.o.,Poland,POL,3(c),50.806941986084,20.5222225189209,8533.33,HEAT_DEMAND_FROM_SUBSTITUTABLE_THERMAL,2023,0.137793,1207.07,54.68,proxied,41.721,38.332,3.389,48.509,44.744,3.765,104.661,-56.152,9481.5,7.855,0.7855,36.0434,FEASIBLE,35.26,COMPUTED,
offgrid_bnef_pv,FR.CAED/10790.FACILITY,VERSALIS FRANCE S.A.S.,France,FRA,4(a)(i),51.03032,2.2455,330602.13,HEAT_DEMAND_FROM_SUBSTITUTABLE_THERMAL,2023,0.147506,1292.15,42.22,bnef,30.093,39.096,-9.003,35.589,45.593,-10.004,99.913,-64.324,367335.7,284.282,28.4282,92.9684,FEASIBLE,64.54,COMPUTED,SITE_LCOE_DEVIATES_GT20PCT_FROM_BNEF
offgrid_bnef_pv,ES.CAED/002762000.FACILITY,SAICA PAPER EL BURGO DE EBRO,Spain,ESP,6(b),41.546601,-0.678377,1136283.56,HEAT_DEMAND_FROM_SUBSTITUTABLE_THERMAL,2023,0.225988,1979.66,49.78,bnef,23.159,31.314,-8.155,27.885,36.946,-9.061,73.216,-45.331,1262537.3,637.756,63.7756,109.9292,FEASIBLE,46.15,COMPUTED,SITE_LCOE_DEVIATES_GT20PCT_FROM_BNEF
offgrid_bnef_pv,FR.CAED/7624.FACILITY,KEM ONE,France,FRA,4(a)(vi),43.45583,4.93172,143978.08,HEAT_DEMAND_FROM_SUBSTITUTABLE_THERMAL,2023,0.219574,1923.46,42.22,bnef,20.216,39.096,-18.88,24.615,45.593,-20.978,99.913,-75.298,159975.6,83.17,8.317,45.9613,FEASIBLE,37.64,COMPUTED,SITE_LCOE_DEVIATES_GT20PCT_FROM_BNEF
offgrid_bnef_pv,IT.CAED/441221002.FACILITY,YARA ITALIA SPA - STABILIMENTO DI FERRARA,Italy,ITA,4(b),44.856,11.5921,289961.11,HEAT_DEMAND_FROM_SUBSTITUTABLE_THERMAL,2023,0.187633,1643.67,47.52,bnef,26.627,33.128,-6.501,31.738,38.962,-7.224,83.636,-51.898,322179.0,196.013,19.6013,238.1149,FEASIBLE,218.51,COMPUTED,
offgrid_bnef_pv,ES.CAED/001482000.FACILITY,REFINERÍA LA RÁBIDA,Spain,ESP,1(a),37.184329,-6.894507,3154384.19,HEAT_DEMAND_FROM_SUBSTITUTABLE_THERMAL,2023,0.232161,2033.73,49.78,bnef,22.543,31.314,-8.771,27.201,36.946,-9.745,73.216,-46.015,3504871.3,1723.371,172.3371,62.1466,INFEASIBLE,-110.19,COMPUTED,SITE_LCOE_DEVIATES_GT20PCT_FROM_BNEF
offgrid_bnef_pv,FR.CAED/3437.FACILITY,CRISTAL UNION,France,FRA,8(b)(ii),49.35335,4.15622,635777.18,HEAT_DEMAND_FROM_SUBSTITUTABLE_THERMAL,2023,0.146279,1281.4,42.22,bnef,30.345,39.096,-8.751,35.87,45.593,-9.723,99.913,-64.043,706419.1,551.285,55.1285,266.4086,FEASIBLE,211.28,COMPUTED,SITE_LCOE_DEVIATES_GT20PCT_FROM_BNEF
offgrid_bnef_pv,FR.CAED/7658.FACILITY,TOTALENERGIES RAFFINAGE FRANCE,France,FRA,1(a),43.38846,5.15267,704648.34,HEAT_DEMAND_INFERRED_FROM_TOTAL_FUEL,2023,0.220799,1934.2,42.22,bnef,20.104,39.096,-18.992,24.49,45.593,-21.103,99.913,-75.423,782942.6,404.789,40.4789,24.0593,INFEASIBLE,-16.42,COMPUTED,SITE_LCOE_DEVIATES_GT20PCT_FROM_BNEF
offgrid_bnef_pv,ES.CAED/003701000.FACILITY,"PETROLEOS DEL NORTE, PETRONOR, S.A. (PETRONOR)",Spain,ESP,1(a),43.325743,-3.110944,905883.33,HEAT_DEMAND_FROM_SUBSTITUTABLE_THERMAL,2023,0.173321,1518.29,49.78,bnef,30.197,31.314,-1.117,35.704,36.946,-1.242,73.216,-37.512,1006537.0,662.94,66.294,9.0944,INFEASIBLE,-57.2,COMPUTED,
offgrid_bnef_pv,IT.CAED/850122001.FACILITY,CENTRO OLI TEMPA ROSSA,Italy,ITA,3(a),40.4101,16.0871,560340.35,HEAT_DEMAND_INFERRED_FROM_TOTAL_FUEL,2023,0.196501,1721.35,47.52,bnef,25.425,33.128,-7.703,30.403,38.962,-8.559,83.636,-53.233,622600.4,361.693,36.1693,9.2408,INFEASIBLE,-26.93,COMPUTED,SITE_LCOE_DEVIATES_GT20PCT_FROM_BNEF
offgrid_bnef_pv,IT.CAED/960101005.FACILITY,Raffineria ISAB Impianti NORD,Italy,ITA,1(a),37.1791,15.1825,3192093.73,HEAT_DEMAND_FROM_SUBSTITUTABLE_THERMAL,2023,0.213342,1868.87,47.52,bnef,23.418,33.128,-9.71,28.173,38.962,-10.789,83.636,-55.463,3546770.8,1897.81,189.781,54.3263,INFEASIBLE,-135.45,COMPUTED,SITE_LCOE_DEVIATES_GT20PCT_FROM_BNEF
offgrid_bnef_pv,FR.CAED/12675.FACILITY,TEREOS FRANCE,France,FRA,8(b)(ii),48.08478,1.88246,256422.72,HEAT_DEMAND_FROM_SUBSTITUTABLE_THERMAL,2023,0.15208,1332.22,42.22,bnef,29.188,39.096,-9.908,34.583,45.593,-11.01,99.913,-65.33,284914.1,213.864,21.3864,237.9014,FEASIBLE,216.51,COMPUTED,SITE_LCOE_DEVIATES_GT20PCT_FROM_BNEF
offgrid_bnef_pv,IT.CAED/850592002.FACILITY,Centro Olio Val d'Agri,Italy,ITA,3(a),40.3136,15.8972,495833.33,HEAT_DEMAND_FROM_SUBSTITUTABLE_THERMAL,2023,0.19257,1686.91,47.52,bnef,25.944,33.128,-7.184,30.98,38.962,-7.982,83.636,-52.656,550925.9,326.588,32.6588,39.3743,FEASIBLE,6.72,COMPUTED,SITE_LCOE_DEVIATES_GT20PCT_FROM_BNEF
offgrid_bnef_pv,FR.CAED/3814.FACILITY,TOTALENERGIES RAFFINAGE FRANCE,France,FRA,1(a),49.51034,0.22592,3893874.64,HEAT_DEMAND_FROM_SUBSTITUTABLE_THERMAL,2023,0.156614,1371.93,42.22,bnef,28.343,39.096,-10.753,33.645,45.593,-11.948,99.913,-66.268,4326527.4,3153.587,315.3587,113.1161,INFEASIBLE,-202.24,COMPUTED,SITE_LCOE_DEVIATES_GT20PCT_FROM_BNEF
offgrid_bnef_pv,PL.MŚ/000000108.FACILITY,Grupa Azoty Zakłady Azotowe Kędzierzyn Spółka Akcyjna,Poland,POL,4(c),50.303394317627,18.2594203948975,70701.77,HEAT_DEMAND_FROM_SUBSTITUTABLE_THERMAL,2023,0.139815,1224.78,54.68,proxied,41.118,38.332,2.786,47.839,44.744,3.095,104.661,-56.822,78557.5,64.14,6.414,113.5526,FEASIBLE,107.14,COMPUTED,
offgrid_bnef_pv,ES.CAED/001528000.FACILITY,REPSOL PETROLEO S.A.,Spain,ESP,1(a),38.672,-4.0497,1554280.0,HEAT_DEMAND_FROM_SUBSTITUTABLE_THERMAL,2023,0.222923,1952.81,49.78,bnef,23.478,31.314,-7.836,28.239,36.946,-8.707,73.216,-44.977,1726977.8,884.357,88.4357,107.3984,FEASIBLE,18.96,COMPUTED,SITE_LCOE_DEVIATES_GT20PCT_FROM_BNEF
offgrid_bnef_pv,FR.CAED/10838.FACILITY,SUCRERIES DISTILLERIES HAUTS DE FRANCE,France,FRA,8(b)(ii),50.55963,2.49065,405954.32,HEAT_DEMAND_FROM_SUBSTITUTABLE_THERMAL,2023,0.141995,1243.87,42.22,bnef,31.261,39.096,-7.835,36.887,45.593,-8.706,99.913,-63.026,451060.4,362.625,36.2625,203.0906,FEASIBLE,166.83,COMPUTED,SITE_LCOE_DEVIATES_GT20PCT_FROM_BNEF
offgrid_bnef_pv,FR.CAED/7615.FACILITY,NAPHTACHIMIE,France,FRA,4(a)(i),43.38438,5.01737,383525.96,HEAT_DEMAND_FROM_SUBSTITUTABLE_THERMAL,2023,0.221761,1942.63,42.22,bnef,20.017,39.096,-19.079,24.393,45.593,-21.2,99.913,-75.52,426140.0,219.363,21.9363,21.614,INFEASIBLE,-0.32,COMPUTED,SITE_LCOE_DEVIATES_GT20PCT_FROM_BNEF
offgrid_bnef_pv,FR.CAED/6705.FACILITY,TOTALENERGIES MARKETING SERVICES,France,FRA,1(a),47.37229,-2.12805,243562.14,HEAT_DEMAND_FROM_SUBSTITUTABLE_THERMAL,2023,0.16574,1451.88,42.22,bnef,26.782,39.096,-12.314,31.911,45.593,-13.682,99.913,-68.002,270624.6,186.396,18.6396,52.932,FEASIBLE,34.29,COMPUTED,SITE_LCOE_DEVIATES_GT20PCT_FROM_BNEF
offgrid_bnef_pv,IT.CAED/600151001.FACILITY,api Raffineria di Ancona spa,Italy,ITA,1(a),43.6395,13.3813,423215.0,HEAT_DEMAND_INFERRED_FROM_TOTAL_FUEL,2023,0.198716,1740.75,47.52,bnef,25.142,33.128,-7.986,30.088,38.962,-8.874,83.636,-53.548,470238.9,270.135,27.0135,54.4373,FEASIBLE,27.42,COMPUTED,SITE_LCOE_DEVIATES_GT20PCT_FROM_BNEF
offgrid_bnef_pv,PL.MŚ/000000138.FACILITY,Arctic Paper Kostrzyn S.A.,Poland,POL,6(b),52.5945816040039,14.6254749298096,709933.33,HEAT_DEMAND_FROM_SUBSTITUTABLE_THERMAL,2023,0.133862,1172.63,54.68,proxied,42.946,38.332,4.614,49.871,44.744,5.127,104.661,-54.79,788814.8,672.688,67.2688,58.5496,INFEASIBLE,-8.72,COMPUTED,
offgrid_bnef_pv,PL.MŚ/000000221.FACILITY,"Huta Cynku ""Miasteczko Śląskie"" S.A.",Poland,POL,2(e),50.5025901794434,18.9307708740234,870.0,HEAT_DEMAND_FROM_SUBSTITUTABLE_THERMAL,2023,0.140061,1226.94,54.68,proxied,41.046,38.332,2.714,47.759,44.744,3.015,104.661,-56.902,966.7,0.788,0.0788,56.3207,FEASIBLE,56.24,COMPUTED,
offgrid_bnef_pv,ES.CAED/001526000.FACILITY,REPSOL COMPLEJO INDUSTRIAL A CORUÑA,Spain,ESP,1(a),43.353129,-8.446743,872779.48,HEAT_DEMAND_FROM_SUBSTITUTABLE_THERMAL,2023,0.174235,1526.3,49.78,bnef,30.038,31.314,-1.276,35.528,36.946,-1.418,73.216,-37.688,969755.0,635.364,63.5364,18.5375,INFEASIBLE,-45.0,COMPUTED,
offgrid_bnef_pv,FR.CAED/5914.FACILITY,NOVACARB,France,FRA,4(b)(iv),48.6394,6.26553,791198.64,HEAT_DEMAND_FROM_SUBSTITUTABLE_THERMAL,2023,0.151461,1326.8,42.22,bnef,29.307,39.096,-9.789,34.716,45.593,-10.877,99.913,-65.197,879109.6,662.58,66.258,133.1527,FEASIBLE,66.89,COMPUTED,SITE_LCOE_DEVIATES_GT20PCT_FROM_BNEF
offgrid_bnef_pv,ES.CAED/001562000.FACILITY,REPSOL QUIMICA,Spain,ESP,4(a)(i),41.194305,1.226122,2575955.56,HEAT_DEMAND_FROM_SUBSTITUTABLE_THERMAL,2023,0.219488,1922.72,49.78,bnef,23.845,31.314,-7.469,28.647,36.946,-8.299,73.216,-44.569,2862172.8,1488.61,148.861,124.3153,INFEASIBLE,-24.55,COMPUTED,SITE_LCOE_DEVIATES_GT20PCT_FROM_BNEF
offgrid_bnef_pv,ES.CAED/002716000.FACILITY,DOW CHEMICAL IBERICA (DOW NORD),Spain,ESP,4(a)(viii),41.178667,1.220202,1338944.44,HEAT_DEMAND_FROM_SUBSTITUTABLE_THERMAL,2023,0.21943,1922.21,49.78,bnef,23.851,31.314,-7.463,28.654,36.946,-8.292,73.216,-44.562,1487716.0,773.963,77.3963,118.2676,FEASIBLE,40.87,COMPUTED,SITE_LCOE_DEVIATES_GT20PCT_FROM_BNEF
offgrid_bnef_pv,FR.CAED/9415.FACILITY,ROQUETTE FRERES,France,FRA,8(b)(ii),48.85849,8.08496,163288.0,HEAT_DEMAND_FROM_SUBSTITUTABLE_THERMAL,2023,0.151044,1323.15,42.22,bnef,29.388,39.096,-9.708,34.806,45.593,-10.787,99.913,-65.107,181431.1,137.121,13.7121,76.2743,FEASIBLE,62.56,COMPUTED,SITE_LCOE_DEVIATES_GT20PCT_FROM_BNEF
offgrid_bnef_pv,ES.CAED/002761000.FACILITY,SAICA 1,Spain,ESP,6(b),41.670085,-0.871259,724563.56,HEAT_DEMAND_FROM_SUBSTITUTABLE_THERMAL,2023,0.224703,1968.4,49.78,bnef,23.292,31.314,-8.022,28.032,36.946,-8.914,73.216,-45.184,805070.6,408.998,40.8998,141.3978,FEASIBLE,100.5,COMPUTED,SITE_LCOE_DEVIATES_GT20PCT_FROM_BNEF
offgrid_bnef_pv,IT.CAED/090181001.FACILITY,Sarlux srl,Italy,ITA,1(a),39.0971,9.0113,1084948.77,HEAT_DEMAND_FROM_SUBSTITUTABLE_THERMAL,2023,0.221597,1941.19,47.52,bnef,22.546,33.128,-10.582,27.204,38.962,-11.758,83.636,-56.432,1205498.6,621.01,62.101,38.5076,INFEASIBLE,-23.59,COMPUTED,SITE_LCOE_DEVIATES_GT20PCT_FROM_BNEF
offgrid_bnef_pv,FR.CAED/6144.FACILITY,NORSKE SKOG GOLBEY,France,FRA,6(b),48.20944,6.42027,71862.94,HEAT_DEMAND_FROM_SUBSTITUTABLE_THERMAL,2023,0.153706,1346.47,42.22,bnef,28.879,39.096,-10.217,34.24,45.593,-11.353,99.913,-65.673,79847.7,59.302,5.9302,89.6201,FEASIBLE,83.69,COMPUTED,SITE_LCOE_DEVIATES_GT20PCT_FROM_BNEF
offgrid_bnef_pv,EL.CAED/100048.FACILITY,METLEN ENERGY & METALS S.A. - ALOUMINIUM OF GREECE,Greece,GRC,2(e),38.36083,22.69167,2457916.0,HEAT_DEMAND_FROM_SUBSTITUTABLE_THERMAL,2023,0.200518,1756.54,51.73,proxied,27.123,38.332,-11.209,32.29,44.744,-12.454,70.504,-38.214,2731017.8,1554.773,155.4773,10.6249,INFEASIBLE,-144.85,COMPUTED,SITE_LCOE_DEVIATES_GT20PCT_FROM_BNEF
offgrid_bnef_pv,FR.CAED/5422.FACILITY,TOTALENERGIES RAFFINAGE FRANCE,France,FRA,1(a),45.67743,4.86113,184800.81,HEAT_DEMAND_FROM_SUBSTITUTABLE_THERMAL,2023,0.173383,1518.83,42.22,bnef,25.602,39.096,-13.494,30.599,45.593,-14.994,99.913,-69.314,205334.2,135.192,13.5192,76.7624,FEASIBLE,63.24,COMPUTED,SITE_LCOE_DEVIATES_GT20PCT_FROM_BNEF
offgrid_bnef_pv,IT.CAED/280691001.FACILITY,RAFFINERIA SARPOM DI TRECATE,Italy,ITA,1(a),45.4372,8.7858,43225.62,HEAT_DEMAND_FROM_SUBSTITUTABLE_THERMAL,2023,0.18187,1593.18,47.52,bnef,27.471,33.128,-5.657,32.676,38.962,-6.286,83.636,-50.96,48028.5,30.146,3.0146,179.4574,FEASIBLE,176.44,COMPUTED,
offgrid_bnef_pv,IT.CAED/960101006.FACILITY,SASOL ITALY ENERGIA SRL,Italy,ITA,4(a),37.2191,15.1752,,NO_HEAT_DATA,2023,0.212737,1863.57,47.52,bnef,23.485,33.128,,28.247,,,,,,,,59.9547,NOT_COMPUTABLE,PENDING,COMPUTED,SITE_LCOE_DEVIATES_GT20PCT_FROM_BNEF
offgrid_bnef_pv,FR.CAED/788.FACILITY,RAYONIER A.M. TARTAS,France,FRA,6(a),43.83137,-0.82634,80155.03,HEAT_DEMAND_FROM_SUBSTITUTABLE_THERMAL,2023,0.170695,1495.28,42.22,bnef,26.005,39.096,-13.091,31.047,45.593,-14.546,99.913,-68.866,89061.1,59.561,5.9561,116.1941,FEASIBLE,110.24,COMPUTED,SITE_LCOE_DEVIATES_GT20PCT_FROM_BNEF
offgrid_bnef_pv,PL.MŚ/000000068.FACILITY,Holcim Polska S.A.; ODDZIAŁ W BIELAWACH,Poland,POL,3(c),52.8368148803711,17.9895725250244,,NO_HEAT_DATA,2023,0.134304,1176.51,54.68,proxied,42.805,38.332,,49.714,,,,,,,,216.0659,NOT_COMPUTABLE,PENDING,COMPUTED,
offgrid_bnef_pv,ES.CAED/000704000.FACILITY,"BP ENERGÍA ESPAÑA, S.A.",Spain,ESP,1(a),39.976742,0.014574,403151.67,HEAT_DEMAND_FROM_SUBSTITUTABLE_THERMAL,2023,0.227292,1991.08,49.78,bnef,23.026,31.314,-8.288,27.737,36.946,-9.209,73.216,-45.479,447946.3,224.977,22.4977,61.0441,FEASIBLE,38.55,COMPUTED,SITE_LCOE_DEVIATES_GT20PCT_FROM_BNEF
offgrid_bnef_pv,PL.MŚ/000000197.FACILITY,ANWIL S.A.,Poland,POL,4(c),52.7022247314453,18.9658336639404,87330.0,HEAT_DEMAND_FROM_SUBSTITUTABLE_THERMAL,2023,0.134317,1176.62,54.68,proxied,42.801,38.332,4.469,49.709,44.744,4.965,104.661,-54.952,97033.3,82.468,8.2468,117.1924,FEASIBLE,108.95,COMPUTED,
offgrid_bnef_pv,FR.CAED/7656.FACILITY,ARCELORMITTAL MEDITERRANEE,France,FRA,2(b),43.46551,4.93663,44706.56,HEAT_DEMAND_FROM_SUBSTITUTABLE_THERMAL,2023,0.219613,1923.81,42.22,bnef,20.212,39.096,-18.884,24.611,45.593,-20.982,99.913,-75.302,49674.0,25.821,2.5821,45.8955,FEASIBLE,43.31,COMPUTED,SITE_LCOE_DEVIATES_GT20PCT_FROM_BNEF
offgrid_bnef_pv,FR.CAED/9517.FACILITY,TEREOS STARCH & SWEETENERS EUROPE,France,FRA,8(b)(ii),48.1668,7.59363,657354.83,HEAT_DEMAND_FROM_SUBSTITUTABLE_THERMAL,2023,0.156492,1370.87,42.22,bnef,28.365,39.096,-10.731,33.669,45.593,-11.924,99.913,-66.244,730394.3,532.796,53.2796,140.0674,FEASIBLE,86.79,COMPUTED,SITE_LCOE_DEVIATES_GT20PCT_FROM_BNEF
offgrid_bnef_pv,PL.MŚ/000000278.FACILITY,"Huta Miedzi ""Legnica""",Poland,POL,2(e),51.1823844909668,16.1176204681396,46900.0,HEAT_DEMAND_FROM_SUBSTITUTABLE_THERMAL,2023,0.140964,1234.85,54.68,proxied,40.783,38.332,2.451,47.467,44.744,2.723,104.661,-57.194,52111.1,42.201,4.2201,222.5482,FEASIBLE,218.33,COMPUTED,
offgrid_bnef_pv,FR.CAED/11135.FACILITY,ROQUETTE FRERES,France,FRA,8(b)(ii),50.63404,2.67593,1762585.7,HEAT_DEMAND_FROM_SUBSTITUTABLE_THERMAL,2023,0.140635,1231.97,42.22,bnef,31.563,39.096,-7.533,37.223,45.593,-8.37,99.913,-62.69,1958428.6,1589.682,158.9682,246.7102,FEASIBLE,87.74,COMPUTED,
offgrid_bnef_pv,PL.MŚ/000000212.FACILITY,Kronospan Mielec Sp. z o.o.,Poland,POL,6(b),50.307014465332,21.470874786377,160577.78,HEAT_DEMAND_FROM_SUBSTITUTABLE_THERMAL,2023,0.137456,1204.12,54.68,proxied,41.823,38.332,3.491,48.623,44.744,3.879,104.661,-56.038,178419.8,148.175,14.8175,112.6046,FEASIBLE,97.79,COMPUTED,
offgrid_bnef_pv,FR.CAED/7646.FACILITY,RHONE ENERGIES FOS-SUR-MER SAS,France,FRA,1(a),43.44832,4.93111,1654664.84,HEAT_DEMAND_INFERRED_FROM_TOTAL_FUEL,2023,0.219543,1923.2,42.22,bnef,20.219,39.096,-18.877,24.618,45.593,-20.975,99.913,-75.295,1838516.5,955.969,95.5969,45.1231,INFEASIBLE,-50.47,COMPUTED,SITE_LCOE_DEVIATES_GT20PCT_FROM_BNEF
offgrid_bnef_pv,FR.CAED/6155.FACILITY,EGGER PANNEAUX ET DECORS,France,FRA,6(b),48.33671,6.65654,41129.73,HEAT_DEMAND_FROM_SUBSTITUTABLE_THERMAL,2023,0.151504,1327.17,42.22,bnef,29.299,39.096,-9.797,34.707,45.593,-10.886,99.913,-65.206,45699.7,34.434,3.4434,104.7903,FEASIBLE,101.35,COMPUTED,SITE_LCOE_DEVIATES_GT20PCT_FROM_BNEF
offgrid_bnef_pv,FR.CAED/1260.FACILITY,STE BEARNAISE DE GESTION INDUSTRIELLE,France,FRA,1(b),43.41473,-0.61294,456494.87,HEAT_DEMAND_INFERRED_FROM_TOTAL_FUEL,2023,0.17531,1535.72,42.22,bnef,25.32,39.096,-13.776,30.286,45.593,-15.307,99.913,-69.627,507216.5,330.28,33.028,104.0581,FEASIBLE,71.03,COMPUTED,SITE_LCOE_DEVIATES_GT20PCT_FROM_BNEF
offgrid_bnef_pv,FR.CAED/791.FACILITY,LES DERIVES RESINIQUES ET TERPENIQUES,France,FRA,4(a)(ii),43.94703,-1.29872,88790.97,HEAT_DEMAND_FROM_SUBSTITUTABLE_THERMAL,2023,0.178338,1562.24,42.22,bnef,24.89,39.096,-14.206,29.808,45.593,-15.785,99.913,-70.105,98656.6,63.151,6.3151,52.8118,FEASIBLE,46.5,COMPUTED,SITE_LCOE_DEVIATES_GT20PCT_FROM_BNEF
offgrid_bnef_pv,PL.MŚ/000000136.FACILITY,"Celsa ""Huta Ostrowiec"" Sp.o.o.",Poland,POL,2(b),50.9482231140137,21.4450912475586,625380.0,HEAT_DEMAND_FROM_SUBSTITUTABLE_THERMAL,2023,0.138867,1216.47,54.68,proxied,41.399,38.332,3.067,48.151,44.744,3.407,104.661,-56.51,694866.7,571.213,57.1213,51.6088,INFEASIBLE,-5.51,COMPUTED,
offgrid_bnef_pv,ES.CAED/003378000.FACILITY,CEASA ENCE- FÁBRICA DE NAVIA,Spain,ESP,6(a),43.54111,-6.72114,16352.17,HEAT_DEMAND_FROM_SUBSTITUTABLE_THERMAL,2023,0.18565,1626.29,49.78,bnef,28.191,31.314,-3.123,33.476,36.946,-3.47,73.216,-39.74,18169.1,11.172,1.1172,30.2752,FEASIBLE,29.16,COMPUTED,
offgrid_bnef_pv,FR.CAED/7588.FACILITY,FIBRE EXCELLENCE PROVENCE,France,FRA,6(a),43.7932,4.66201,47637.37,HEAT_DEMAND_FROM_SUBSTITUTABLE_THERMAL,2023,0.209967,1839.31,42.22,bnef,21.141,39.096,-17.955,25.642,45.593,-19.951,99.913,-74.271,52930.4,28.777,2.8777,119.3867,FEASIBLE,116.51,COMPUTED,SITE_LCOE_DEVIATES_GT20PCT_FROM_BNEF
offgrid_bnef_pv,EE.KAUR.TTR/88.FACILITY,"Horizon Tselluloosi ja Paberi AS, Kehra paberivabrik",Estonia,EST,6(b),59.3405854971,25.3401582309,8555.56,HEAT_DEMAND_FROM_SUBSTITUTABLE_THERMAL,2023,0.127191,1114.19,60.97,proxied,50.398,38.332,12.066,58.151,44.744,13.407,83.883,-25.732,9506.2,8.532,0.8532,100.1514,FEASIBLE,99.3,COMPUTED,SITE_LCOE_DEVIATES_GT20PCT_FROM_BNEF
offgrid_bnef_pv,FR.CAED/9964.FACILITY,SOC D'EXPLOITATION THERMIQUE DU MIRAIL,France,FRA,5(b),43.55826,1.39858,1461.92,HEAT_DEMAND_FROM_SUBSTITUTABLE_THERMAL,2023,0.171746,1504.5,42.22,bnef,25.846,39.096,-13.25,30.87,45.593,-14.723,99.913,-69.043,1624.4,1.08,0.108,62.7731,FEASIBLE,62.67,COMPUTED,SITE_LCOE_DEVIATES_GT20PCT_FROM_BNEF
offgrid_bnef_pv,FR.CAED/10011.FACILITY,FIBRE EXCELLENCE SAINT-GAUDENS SAS,France,FRA,6(a),43.09995,0.72184,10955.22,HEAT_DEMAND_FROM_SUBSTITUTABLE_THERMAL,2023,0.183038,1603.41,42.22,bnef,24.251,39.096,-14.845,29.098,45.593,-16.495,99.913,-70.815,12172.5,7.592,0.7592,105.6059,FEASIBLE,104.85,COMPUTED,SITE_LCOE_DEVIATES_GT20PCT_FROM_BNEF
offgrid_bnef_pv,IT.CAED/330282002.FACILITY,Stabilimento di Tolmezzo,Italy,ITA,6(b),46.3939,13.0169,387966.22,HEAT_DEMAND_FROM_SUBSTITUTABLE_THERMAL,2023,0.165636,1450.97,47.52,bnef,30.163,33.128,-2.965,35.667,38.962,-3.295,83.636,-47.969,431073.6,297.093,29.7093,17.1423,INFEASIBLE,-12.57,COMPUTED,
offgrid_bnef_pv,FR.CAED/662.FACILITY,SMURFIT WESTROCK CELLULOSE DU PIN,France,FRA,6(a),44.62884,-0.97612,3987.58,HEAT_DEMAND_FROM_SUBSTITUTABLE_THERMAL,2023,0.169504,1484.85,42.22,bnef,26.187,39.096,-12.909,31.25,45.593,-14.343,99.913,-68.663,4430.6,2.984,0.2984,5.94,FEASIBLE,5.64,COMPUTED,SITE_LCOE_DEVIATES_GT20PCT_FROM_BNEF
offgrid_bnef_pv,FR.CAED/3936.FACILITY,LAT NITROGEN FRANCE,France,FRA,4(b)(ii),49.42375,1.03674,840970.68,HEAT_DEMAND_FROM_SUBSTITUTABLE_THERMAL,2023,0.147505,1292.14,42.22,bnef,30.093,39.096,-9.003,35.589,45.593,-10.004,99.913,-64.324,934411.9,723.149,72.3149,30.7995,INFEASIBLE,-41.52,COMPUTED,SITE_LCOE_DEVIATES_GT20PCT_FROM_BNEF
offgrid_bnef_pv,PL.MŚ/000000053.FACILITY,Grupa Ożarów S.A.,Poland,POL,3(c),50.9304275512695,21.6765041351318,52466.67,HEAT_DEMAND_FROM_SUBSTITUTABLE_THERMAL,2023,0.138616,1214.28,54.68,proxied,41.473,38.332,3.141,48.234,44.744,3.49,104.661,-56.427,58296.3,48.009,4.8009,127.9045,FEASIBLE,123.1,COMPUTED,
offgrid_bnef_pv,FR.CAED/5938.FACILITY,SAINT-GOBAIN PAM CANALISATION,France,FRA,2(b),48.89672,6.05187,84619.79,HEAT_DEMAND_FROM_SUBSTITUTABLE_THERMAL,2023,0.150227,1315.99,42.22,bnef,29.548,39.096,-9.548,34.984,45.593,-10.609,99.913,-64.929,94022.0,71.446,7.1446,59.1619,FEASIBLE,52.02,COMPUTED,SITE_LCOE_DEVIATES_GT20PCT_FROM_BNEF
offgrid_bnef_pv,ES.CAED/001619000.FACILITY,FÁBRICA DE PALOS DE LA FRONTERA (CEPSA QUÍMICA),Spain,ESP,4(a)(i),37.18396,-6.889568,463266.67,HEAT_DEMAND_FROM_SUBSTITUTABLE_THERMAL,2023,0.23216,2033.72,49.78,bnef,22.544,31.314,-8.77,27.201,36.946,-9.745,73.216,-46.015,514740.7,253.103,25.3103,64.0661,FEASIBLE,38.76,COMPUTED,SITE_LCOE_DEVIATES_GT20PCT_FROM_BNEF
offgrid_bnef_pv,PL.MŚ/000000273.FACILITY,Euroglas Polska Sp. z o.o.,Poland,POL,3(e),51.6197776794434,19.9349212646484,61086.67,HEAT_DEMAND_FROM_SUBSTITUTABLE_THERMAL,2023,0.135245,1184.74,54.68,proxied,42.507,38.332,4.175,49.383,44.744,4.639,104.661,-55.278,67874.1,57.29,5.729,173.1835,FEASIBLE,167.45,COMPUTED,
offgrid_bnef_pv,ES.CAED/001960000.FACILITY,"DS SMITH SPAIN, S.A.",Spain,ESP,6(b),41.84,-4.559444,422708.89,HEAT_DEMAND_FROM_SUBSTITUTABLE_THERMAL,2023,0.204248,1789.21,49.78,bnef,25.624,31.314,-5.69,30.624,36.946,-6.322,73.216,-42.592,469676.5,262.505,26.2505,185.4393,FEASIBLE,159.19,COMPUTED,
offgrid_bnef_pv,FR.CAED/44.FACILITY,SOLVAY FRANCE,France,FRA,4(a)(vi),47.03851,5.41265,1189377.39,HEAT_DEMAND_FROM_SUBSTITUTABLE_THERMAL,2023,0.165234,1447.45,42.22,bnef,26.864,39.096,-12.232,32.002,45.593,-13.591,99.913,-67.911,1321530.4,913.006,91.3006,151.799,FEASIBLE,60.5,COMPUTED,SITE_LCOE_DEVIATES_GT20PCT_FROM_BNEF
offgrid_bnef_pv,FR.CAED/3839.FACILITY,TOTALENERGIES PETROCHEMICALS FRANCE,France,FRA,4(a)(i),49.50488,0.20609,132600.02,HEAT_DEMAND_FROM_SUBSTITUTABLE_THERMAL,2023,0.156586,1371.7,42.22,bnef,28.348,39.096,-10.748,33.65,45.593,-11.943,99.913,-66.263,147333.4,107.41,10.741,103.5445,FEASIBLE,92.8,COMPUTED,SITE_LCOE_DEVIATES_GT20PCT_FROM_BNEF
offgrid_bnef_pv,PL.MŚ/000000058.FACILITY,ArcelorMittal Poland S.A. Oddział Dąbrowa Górnicza,Poland,POL,2(b),50.3461112976074,19.28444480896,85020.0,HEAT_DEMAND_FROM_SUBSTITUTABLE_THERMAL,2023,0.13969,1223.69,54.68,proxied,41.155,38.332,2.823,47.88,44.744,3.136,104.661,-56.781,94466.7,77.199,7.7199,73.1453,FEASIBLE,65.43,COMPUTED,
offgrid_bnef_pv,IT.CAED/980571001.FACILITY,Raffineria di Milazzo S.C.p.A.,Italy,ITA,1(a),38.2027,15.2723,217100.0,HEAT_DEMAND_FROM_SUBSTITUTABLE_THERMAL,2023,0.206723,1810.89,47.52,bnef,24.168,33.128,-8.96,29.006,38.962,-9.956,83.636,-54.63,241222.2,133.206,13.3206,16.6242,FEASIBLE,3.3,COMPUTED,SITE_LCOE_DEVIATES_GT20PCT_FROM_BNEF
offgrid_bnef_pv,IT.CAED/930121001.FACILITY,Bioraffineria di Gela S.p.A  (ex RAFFINERIA di Gela SpA),Italy,ITA,4(a),37.0554,14.2772,,NO_HEAT_DATA,2023,0.219461,1922.48,47.52,bnef,22.765,33.128,,27.447,,,,,,,,42.7837,NOT_COMPUTABLE,PENDING,COMPUTED,SITE_LCOE_DEVIATES_GT20PCT_FROM_BNEF
offgrid_bnef_pv,EL.CAED/100058.FACILITY,HELLENIC PETROLEUM R.S.S.O.P.P. S.A. –SOUTH REFINERIES COMPLEX – ELEFSIS INDUSTRIAL FACILITIES,Greece,GRC,1(a),38.04222,23.51083,2346.5,HEAT_DEMAND_FROM_SUBSTITUTABLE_THERMAL,2023,0.206835,1811.88,51.73,proxied,26.295,38.332,-12.037,31.369,44.744,-13.375,70.504,-39.135,2607.2,1.439,0.1439,45.6641,FEASIBLE,45.52,COMPUTED,SITE_LCOE_DEVIATES_GT20PCT_FROM_BNEF
offgrid_bnef_pv,IT.CAED/301751001.FACILITY,Raffineria di Venezia,Italy,ITA,4(a),45.4594,12.2667,179568.89,HEAT_DEMAND_FROM_SUBSTITUTABLE_THERMAL,2023,0.185387,1623.99,47.52,bnef,26.95,33.128,-6.178,32.097,38.962,-6.865,83.636,-51.539,199521.0,122.858,12.2858,88.7723,FEASIBLE,76.49,COMPUTED,
offgrid_bnef_pv,FR.CAED/759.FACILITY,GASCOGNE PAPIER,France,FRA,6(a),44.20724,-1.2716,44341.0,HEAT_DEMAND_FROM_SUBSTITUTABLE_THERMAL,2023,0.1801,1577.68,42.22,bnef,24.647,39.096,-14.449,29.538,45.593,-16.055,99.913,-70.375,49267.8,31.228,3.1228,35.7779,FEASIBLE,32.66,COMPUTED,SITE_LCOE_DEVIATES_GT20PCT_FROM_BNEF
offgrid_bnef_pv,IT.CAED/030392001.FACILITY,Stabilimento di Sora (FR),Italy,ITA,6(b),41.6994,13.5869,971133.16,HEAT_DEMAND_FROM_SUBSTITUTABLE_THERMAL,2023,0.189074,1656.29,47.52,bnef,26.424,33.128,-6.704,31.513,38.962,-7.449,83.636,-52.123,1079036.8,651.479,65.1479,27.1978,INFEASIBLE,-37.95,COMPUTED,SITE_LCOE_DEVIATES_GT20PCT_FROM_BNEF
offgrid_bnef_pv,FR.CAED/146.FACILITY,SAICA PAPER FRANCE,France,FRA,6(a),49.36547,3.41373,48449.63,HEAT_DEMAND_FROM_SUBSTITUTABLE_THERMAL,2023,0.146967,1287.43,42.22,bnef,30.203,39.096,-8.893,35.712,45.593,-9.881,99.913,-64.201,53832.9,41.814,4.1814,149.2329,FEASIBLE,145.05,COMPUTED,SITE_LCOE_DEVIATES_GT20PCT_FROM_BNEF
offgrid_bnef_pv,ES.CAED/001529000.FACILITY,"REPSOL PETRÓLEO, S.A. - C.I. CARTAGENA",Spain,ESP,1(a),37.622214,-0.982184,1094374.67,HEAT_DEMAND_FROM_SUBSTITUTABLE_THERMAL,2023,0.232703,2038.48,49.78,bnef,22.491,31.314,-8.823,27.143,36.946,-9.803,73.216,-46.073,1215971.9,596.51,59.651,128.0532,FEASIBLE,68.4,COMPUTED,SITE_LCOE_DEVIATES_GT20PCT_FROM_BNEF
offgrid_bnef_pv,FR.CAED/7626.FACILITY,LYONDELL CHIMIE FRANCE,France,FRA,4(a)(ii),43.42011,4.8602,495422.73,HEAT_DEMAND_FROM_SUBSTITUTABLE_THERMAL,2023,0.21971,1924.66,42.22,bnef,20.203,39.096,-18.893,24.601,45.593,-20.992,99.913,-75.312,550469.7,286.009,28.6009,29.6165,FEASIBLE,1.02,COMPUTED,SITE_LCOE_DEVIATES_GT20PCT_FROM_BNEF
offgrid_bnef_pv,FR.CAED/4151.FACILITY,TEREOS STARCH & SWEETENERS LBN,France,FRA,4(a)(ii),49.48913,0.52521,103025.69,HEAT_DEMAND_FROM_SUBSTITUTABLE_THERMAL,2023,0.149549,1310.05,42.22,bnef,29.682,39.096,-9.414,35.132,45.593,-10.461,99.913,-64.781,114473.0,87.381,8.7381,57.6948,FEASIBLE,48.96,COMPUTED,SITE_LCOE_DEVIATES_GT20PCT_FROM_BNEF
offgrid_bnef_pv,EL.CAED/100062.FACILITY,HELLENIC PETROLEUM R.S.S.O.P.P. S.A. - THESSALONIKI INDUSTRIAL COMPLEX,Greece,GRC,1(a),40.67952,22.87819,864798.78,HEAT_DEMAND_INFERRED_FROM_TOTAL_FUEL,2023,0.18792,1646.18,51.73,proxied,28.942,38.332,-9.39,34.31,44.744,-10.434,70.504,-36.194,960887.5,583.708,58.3708,73.3597,FEASIBLE,14.99,COMPUTED,SITE_LCOE_DEVIATES_GT20PCT_FROM_BNEF
offgrid_bnef_pv,EL.CAED/100053.FACILITY,HELLENIC PETROLEUM R.S.S.O.P.P. S.A. - INDUSTRIAL DIVISION OF ASPROPYRGOS,Greece,GRC,1(a),38.03236,23.60276,630649.5,HEAT_DEMAND_FROM_SUBSTITUTABLE_THERMAL,2023,0.207056,1813.81,51.73,proxied,26.267,38.332,-12.065,31.338,44.744,-13.406,70.504,-39.166,700721.7,386.326,38.6326,38.5272,INFEASIBLE,-0.11,COMPUTED,SITE_LCOE_DEVIATES_GT20PCT_FROM_BNEF
offgrid_bnef_pv,IT.CAED/030402001.FACILITY,Unità Locale 3 - Impianto di Termovalorizzazione rifiuti non pericolosi.,Italy,ITA,5(b),41.4375,13.8971,,NO_HEAT_DATA,2023,0.189897,1663.5,47.52,bnef,26.31,33.128,,31.385,,,,,,,,56.4987,NOT_COMPUTABLE,PENDING,COMPUTED,SITE_LCOE_DEVIATES_GT20PCT_FROM_BNEF
offgrid_bnef_pv,FR.CAED/3829.FACILITY,YARA FRANCE,France,FRA,4(b)(i),49.50521,0.20993,567130.02,HEAT_DEMAND_FROM_SUBSTITUTABLE_THERMAL,2023,0.156283,1369.04,42.22,bnef,28.403,39.096,-10.693,33.711,45.593,-11.882,99.913,-66.202,630144.5,460.282,46.0282,104.6629,FEASIBLE,58.63,COMPUTED,SITE_LCOE_DEVIATES_GT20PCT_FROM_BNEF
offgrid_bnef_pv,IT.CAED/570162008.FACILITY,SOLVAY CHIMICA ITALIA S.P.A. ROSIGNANO,Italy,ITA,4(b),43.4089,10.4739,33027.78,HEAT_DEMAND_FROM_SUBSTITUTABLE_THERMAL,2023,0.195887,1715.97,47.52,bnef,25.505,33.128,-7.623,30.492,38.962,-8.47,83.636,-53.144,36697.5,21.386,2.1386,64.9524,FEASIBLE,62.81,COMPUTED,SITE_LCOE_DEVIATES_GT20PCT_FROM_BNEF
offgrid_bnef_pv,PL.MŚ/000000072.FACILITY,International Paper - Kwidzyn Sp. z o.o.,Poland,POL,6(b),53.6997413635254,18.9216861724854,1781551.11,HEAT_DEMAND_FROM_SUBSTITUTABLE_THERMAL,2023,0.134254,1176.06,54.68,proxied,42.821,38.332,4.489,49.731,44.744,4.987,104.661,-54.93,1979501.2,1683.156,168.3156,152.7946,INFEASIBLE,-15.52,COMPUTED,
offgrid_bnef_pv,FR.CAED/9481.FACILITY,ALSACHIMIE,France,FRA,4(a)(ii),47.8265,7.54591,497213.11,HEAT_DEMAND_FROM_SUBSTITUTABLE_THERMAL,2023,0.156191,1368.23,42.22,bnef,28.42,39.096,-10.676,33.73,45.593,-11.863,99.913,-66.183,552459.0,403.775,40.3775,74.7378,FEASIBLE,34.36,COMPUTED,SITE_LCOE_DEVIATES_GT20PCT_FROM_BNEF
offgrid_bnef_pv,FR.CAED/9469.FACILITY,BUTACHIMIE,France,FRA,4(a)(iv),47.81907,7.53852,69840.89,HEAT_DEMAND_FROM_SUBSTITUTABLE_THERMAL,2023,0.156187,1368.2,42.22,bnef,28.42,39.096,-10.676,33.731,45.593,-11.862,99.913,-66.182,77601.0,56.718,5.6718,74.2073,FEASIBLE,68.54,COMPUTED,SITE_LCOE_DEVIATES_GT20PCT_FROM_BNEF
offgrid_bnef_pv,IT.CAED/240442002.FACILITY,Tenaris Dalmine - Stabilimento di Dalmine,Italy,ITA,2(b),45.6425,9.5969,313260.0,HEAT_DEMAND_FROM_SUBSTITUTABLE_THERMAL,2023,0.182233,1596.36,47.52,bnef,27.416,33.128,-5.712,32.615,38.962,-6.347,83.636,-51.021,348066.7,218.038,21.8038,140.3846,FEASIBLE,118.58,COMPUTED,
offgrid_bnef_pv,IT.CAED/960101007.FACILITY,Versalis S.p.A.,Italy,ITA,4(a),37.167,15.1973,611471.47,HEAT_DEMAND_INFERRED_FROM_TOTAL_FUEL,2023,0.213349,1868.94,47.52,bnef,23.418,33.128,-9.71,28.172,38.962,-10.79,83.636,-55.464,679412.7,363.529,36.3529,50.703,FEASIBLE,14.35,COMPUTED,SITE_LCOE_DEVIATES_GT20PCT_FROM_BNEF
offgrid_bnef_pv,PL.MŚ/000000023.FACILITY,LOTOS ASfalt Sp. z o.o.,Poland,POL,1(a),54.3499298095703,18.7296676635742,849.33,HEAT_DEMAND_FROM_SUBSTITUTABLE_THERMAL,2023,0.142447,1247.84,54.68,proxied,40.358,38.332,2.026,46.995,44.744,2.251,104.661,-57.666,943.7,0.756,0.0756,73.895,FEASIBLE,73.82,COMPUTED,
offgrid_bnef_pv,FR.CAED/6088.FACILITY,ARKEMA FRANCE,France,FRA,4(a)(ii),49.1401,6.70733,292993.53,HEAT_DEMAND_FROM_SUBSTITUTABLE_THERMAL,2023,0.148362,1299.65,42.22,bnef,29.919,39.096,-9.177,35.396,45.593,-10.197,99.913,-64.517,325548.4,250.489,25.0489,60.854,FEASIBLE,35.81,COMPUTED,SITE_LCOE_DEVIATES_GT20PCT_FROM_BNEF
offgrid_bnef_pv,FR.CAED/8363.FACILITY,ENORIS,France,FRA,5(b),48.71938,2.27887,54333.95,HEAT_DEMAND_FROM_SUBSTITUTABLE_THERMAL,2023,0.150503,1318.4,42.22,bnef,29.494,39.096,-9.602,34.923,45.593,-10.67,99.913,-64.99,60371.1,45.791,4.5791,55.1489,FEASIBLE,50.57,COMPUTED,SITE_LCOE_DEVIATES_GT20PCT_FROM_BNEF
offgrid_bnef_pv,FR.CAED/7874.FACILITY,PETROINEOS MANUFACTURING FRANCE SAS,France,FRA,1(a),43.38403,5.02829,1571463.86,HEAT_DEMAND_INFERRED_FROM_TOTAL_FUEL,2023,0.221782,1942.81,42.22,bnef,20.015,39.096,-19.081,24.391,45.593,-21.202,99.913,-75.522,1746071.0,898.735,89.8735,21.6995,INFEASIBLE,-68.17,COMPUTED,SITE_LCOE_DEVIATES_GT20PCT_FROM_BNEF
offgrid_bnef_pv,FR.CAED/9451.FACILITY,LAT NITROGEN OTTMARSHEIM,France,FRA,4(c),47.79004,7.51929,98824.92,HEAT_DEMAND_FROM_SUBSTITUTABLE_THERMAL,2023,0.156033,1366.85,42.22,bnef,28.448,39.096,-10.648,33.762,45.593,-11.831,99.913,-66.151,109805.5,80.335,8.0335,73.2547,FEASIBLE,65.22,COMPUTED,SITE_LCOE_DEVIATES_GT20PCT_FROM_BNEF
offgrid_bnef_pv,IT.CAED/051002003.FACILITY,ACEA AMBIENTE Srl UL1_Impianto di Termovalorizzazione,Italy,ITA,5(b),42.5806,12.6615,4088.74,HEAT_DEMAND_FROM_SUBSTITUTABLE_THERMAL,2023,0.189535,1660.33,47.52,bnef,26.36,33.128,-6.768,31.441,38.962,-7.521,83.636,-52.195,4543.0,2.736,0.2736,28.7262,FEASIBLE,28.45,COMPUTED,SITE_LCOE_DEVIATES_GT20PCT_FROM_BNEF
offgrid_bnef_pv,PL.MŚ/000000309.FACILITY,SAINT-GOBAIN INNOVATIVE MATERIALS POLSKA SPÓŁKA Z O.O. ODDZIAŁ GLASS,Poland,POL,3(e),50.3058013916016,19.3013935089111,139211.11,HEAT_DEMAND_FROM_SUBSTITUTABLE_THERMAL,2023,0.139748,1224.19,54.68,proxied,41.138,38.332,2.806,47.861,44.744,3.117,104.661,-56.8,154679.0,126.352,12.6352,60.2288,FEASIBLE,47.59,COMPUTED,
offgrid_bnef_pv,PL.MŚ/000000021.FACILITY,KOKSOWNIA RADLIN,Poland,POL,1(d),50.0377769470215,18.4866676330566,92335.0,HEAT_DEMAND_FROM_SUBSTITUTABLE_THERMAL,2023,0.138921,1216.95,54.68,proxied,41.382,38.332,3.05,48.133,44.744,3.389,104.661,-56.528,102594.4,84.305,8.4305,102.3464,FEASIBLE,93.92,COMPUTED,
offgrid_bnef_pv,IT.CAED/960111001.FACILITY,Sonatrach Raffineria Italiana-Raffineria di Augusta,Italy,ITA,1(a),37.2216,15.1905,1067516.67,HEAT_DEMAND_FROM_SUBSTITUTABLE_THERMAL,2023,0.212748,1863.67,47.52,bnef,23.484,33.128,-9.644,28.246,38.962,-10.716,83.636,-55.39,1186129.6,636.447,63.6447,53.9813,INFEASIBLE,-9.66,COMPUTED,SITE_LCOE_DEVIATES_GT20PCT_FROM_BNEF
offgrid_bnef_pv,FR.CAED/3572.FACILITY,CRISTAL UNION,France,FRA,8(b)(ii),48.53275,4.11393,544376.3,HEAT_DEMAND_FROM_SUBSTITUTABLE_THERMAL,2023,0.149743,1311.75,42.22,bnef,29.643,39.096,-9.453,35.09,45.593,-10.503,99.913,-64.823,604862.6,461.112,46.1112,267.9033,FEASIBLE,221.79,COMPUTED,SITE_LCOE_DEVIATES_GT20PCT_FROM_BNEF
offgrid_bnef_pv,PL.MŚ/000000067.FACILITY,"CEMENTOWNIA ""WARTA"" SPÓŁKA AKCYJNA",Poland,POL,3(c),51.1030540466309,18.9263877868652,209046.67,HEAT_DEMAND_FROM_SUBSTITUTABLE_THERMAL,2023,0.139036,1217.96,54.68,proxied,41.348,38.332,3.016,48.095,44.744,3.351,104.661,-56.566,232274.1,190.708,19.0708,147.7017,FEASIBLE,128.63,COMPUTED,
offgrid_bnef_pv,IT.CAED/100752001.FACILITY,Ahlstrom-Munksjö Italia S.p.A.,Italy,ITA,6(b),45.2533,7.5397,675.56,HEAT_DEMAND_FROM_SUBSTITUTABLE_THERMAL,2023,0.181993,1594.26,47.52,bnef,27.452,33.128,-5.676,32.655,38.962,-6.307,83.636,-50.981,750.6,0.471,0.0471,53.1212,FEASIBLE,53.07,COMPUTED,
offgrid_bnef_pv,FR.CAED/82.FACILITY,TEREOS FRANCE,France,FRA,8(b)(ii),49.39409,3.37064,317925.28,HEAT_DEMAND_FROM_SUBSTITUTABLE_THERMAL,2023,0.147243,1289.85,42.22,bnef,30.147,39.096,-8.949,35.649,45.593,-9.944,99.913,-64.264,353250.3,273.87,27.387,150.7064,FEASIBLE,123.32,COMPUTED,SITE_LCOE_DEVIATES_GT20PCT_FROM_BNEF
offgrid_bnef_pv,FR.CAED/132.FACILITY,TEREOS FRANCE,France,FRA,8(b)(ii),49.83966,3.48056,874135.09,HEAT_DEMAND_FROM_SUBSTITUTABLE_THERMAL,2023,0.144219,1263.36,42.22,bnef,30.779,39.096,-8.317,36.351,45.593,-9.242,99.913,-63.562,971261.2,768.793,76.8793,230.3586,FEASIBLE,153.48,COMPUTED,SITE_LCOE_DEVIATES_GT20PCT_FROM_BNEF
offgrid_bnef_pv,FR.CAED/3834.FACILITY,ESSO RAFFINAGE,France,FRA,1(a),49.48838,0.56521,1220293.33,HEAT_DEMAND_FROM_SUBSTITUTABLE_THERMAL,2023,0.149983,1313.85,42.22,bnef,29.596,39.096,-9.5,35.037,45.593,-10.556,99.913,-64.876,1355881.5,1031.99,103.199,46.6667,INFEASIBLE,-56.53,COMPUTED,SITE_LCOE_DEVIATES_GT20PCT_FROM_BNEF
offgrid_bnef_pv,PL.MŚ/000000063.FACILITY,LAFARGE CEMENT S.A,Poland,POL,3(c),50.8286399841309,20.2727031707764,119462.67,HEAT_DEMAND_FROM_SUBSTITUTABLE_THERMAL,2023,0.137605,1205.42,54.68,proxied,41.778,38.332,3.446,48.573,44.744,3.829,104.661,-56.088,132736.3,110.116,11.0116,30.7778,FEASIBLE,19.77,COMPUTED,
offgrid_bnef_pv,IT.CAED/270391001.FACILITY,RAFFINERIA DI SANNAZZARO DE' BURGONDI,Italy,ITA,1(a),45.0997,8.8768,26720.57,HEAT_DEMAND_FROM_SUBSTITUTABLE_THERMAL,2023,0.179768,1574.77,47.52,bnef,27.792,33.128,-5.336,33.033,38.962,-5.929,83.636,-50.603,29689.5,18.853,1.8853,201.2737,FEASIBLE,199.39,COMPUTED,
offgrid_bnef_pv,FR.CAED/3833.FACILITY,EXXONMOBIL CHEMICAL FRANCE,France,FRA,4(a)(i),49.48838,0.56521,1251582.9,HEAT_DEMAND_FROM_SUBSTITUTABLE_THERMAL,2023,0.149983,1313.85,42.22,bnef,29.596,39.096,-9.5,35.037,45.593,-10.556,99.913,-64.876,1390647.7,1058.452,105.8452,46.6667,INFEASIBLE,-59.18,COMPUTED,SITE_LCOE_DEVIATES_GT20PCT_FROM_BNEF
offgrid_bnef_pv,ES.CAED/001998000.FACILITY,ALUMINA ESPAÑOLA S.A.,Spain,ESP,4(b)(v),43.697515,-7.454929,1624966.67,HEAT_DEMAND_FROM_SUBSTITUTABLE_THERMAL,2023,0.182826,1601.56,49.78,bnef,28.627,31.314,-2.687,33.96,36.946,-2.986,73.216,-39.256,1805518.5,1127.353,112.7353,10.7049,INFEASIBLE,-102.03,COMPUTED,
offgrid_bnef_pv,FR.CAED/6359.FACILITY,INEOS POLYMERS SARRALBE SAS,France,FRA,4(a)(viii),49.0053,7.03121,264914.82,HEAT_DEMAND_FROM_SUBSTITUTABLE_THERMAL,2023,0.148105,1297.4,42.22,bnef,29.971,39.096,-9.125,35.454,45.593,-10.139,99.913,-64.459,294349.8,226.877,22.6877,128.0971,FEASIBLE,105.41,COMPUTED,SITE_LCOE_DEVIATES_GT20PCT_FROM_BNEF
offgrid_bnef_pv,PL.MŚ/000000109.FACILITY,Trzuskawica Spółka Akcyjna Zakład Kujawy,Poland,POL,3(c),52.8271408081055,18.0081462860107,,NO_HEAT_DATA,2023,0.133996,1173.81,54.68,proxied,42.903,38.332,,49.823,,,,,,,,221.6648,NOT_COMPUTABLE,PENDING,COMPUTED,
offgrid_bnef_pv,FR.CAED/10727.FACILITY,TEREOS FRANCE,France,FRA,8(b)(ii),50.20943,2.76763,398859.22,HEAT_DEMAND_FROM_SUBSTITUTABLE_THERMAL,2023,0.143723,1259.02,42.22,bnef,30.885,39.096,-8.211,36.469,45.593,-9.124,99.913,-63.444,443176.9,352.003,35.2003,255.4073,FEASIBLE,220.21,COMPUTED,SITE_LCOE_DEVIATES_GT20PCT_FROM_BNEF
offgrid_bnef_pv,PL.MŚ/000000062.FACILITY,"Cementownia ""Odra"" S.A.",Poland,POL,3(c),50.6806411743164,17.9139156341553,43510.67,HEAT_DEMAND_FROM_SUBSTITUTABLE_THERMAL,2023,0.139865,1225.22,54.68,proxied,41.103,38.332,2.771,47.823,44.744,3.079,104.661,-56.838,48345.2,39.458,3.9458,181.4273,FEASIBLE,177.48,COMPUTED,
offgrid_bnef_pv,FR.CAED/4602.FACILITY,SYLVAMO FRANCE SA,France,FRA,6(b),45.86907,0.82809,67000.09,HEAT_DEMAND_FROM_SUBSTITUTABLE_THERMAL,2023,0.159801,1399.85,42.22,bnef,27.778,39.096,-11.318,33.017,45.593,-12.576,99.913,-66.896,74444.5,53.18,5.318,93.7892,FEASIBLE,88.47,COMPUTED,SITE_LCOE_DEVIATES_GT20PCT_FROM_BNEF
offgrid_bnef_pv,FR.CAED/5125.FACILITY,SAICA PAPER FRANCE,France,FRA,6(a),45.21534,4.81297,110888.33,HEAT_DEMAND_FROM_SUBSTITUTABLE_THERMAL,2023,0.184168,1613.31,42.22,bnef,24.102,39.096,-14.994,28.933,45.593,-16.66,99.913,-70.98,123209.3,76.37,7.637,112.9462,FEASIBLE,105.31,COMPUTED,SITE_LCOE_DEVIATES_GT20PCT_FROM_BNEF
offgrid_bnef_pv,PL.MŚ/000000190.FACILITY,CEMEX Polska Sp. z o.o. - Zakład Cementownia Rudniki,Poland,POL,3(c),50.8750915527344,19.2573299407959,212.0,HEAT_DEMAND_FROM_SUBSTITUTABLE_THERMAL,2023,0.138978,1217.45,54.68,proxied,41.365,38.332,3.033,48.114,44.744,3.37,104.661,-56.547,235.6,0.193,0.0193,182.2203,FEASIBLE,182.2,COMPUTED,
offgrid_bnef_pv,EL.CAED/100066.FACILITY,MOTOR OIL HELLLAS-CORINTH REFINERIES S.A.,Greece,GRC,1(a),37.91778,23.07361,673335.0,HEAT_DEMAND_FROM_SUBSTITUTABLE_THERMAL,2023,0.206793,1811.5,51.73,proxied,26.3,38.332,-12.032,31.375,44.744,-13.369,70.504,-39.129,748150.0,412.999,41.2999,26.4497,INFEASIBLE,-14.85,COMPUTED,SITE_LCOE_DEVIATES_GT20PCT_FROM_BNEF
offgrid_bnef_pv,FR.CAED/3466.FACILITY,TEREOS FRANCE,France,FRA,8(b)(ii),48.7222,3.92123,439154.56,HEAT_DEMAND_FROM_SUBSTITUTABLE_THERMAL,2023,0.150432,1317.79,42.22,bnef,29.508,39.096,-9.588,34.939,45.593,-10.654,99.913,-64.974,487949.5,370.28,37.028,272.4426,FEASIBLE,235.41,COMPUTED,SITE_LCOE_DEVIATES_GT20PCT_FROM_BNEF
offgrid_bnef_pv,PL.MŚ/000000215.FACILITY,CEMEX Polska Sp. z o.o - Zakład Cementownia Chełm,Poland,POL,3(c),51.1371726989746,23.5443572998047,62437.33,HEAT_DEMAND_FROM_SUBSTITUTABLE_THERMAL,2023,0.137348,1203.17,54.68,proxied,41.856,38.332,3.524,48.66,44.744,3.916,104.661,-56.001,69374.8,57.66,5.766,99.2332,FEASIBLE,93.47,COMPUTED,
offgrid_bnef_pv,IT.CAED/201532001.FACILITY,Impianto di termovalorizzazione Silla 2,Italy,ITA,5(b),45.5042,9.0706,3552.18,HEAT_DEMAND_FROM_SUBSTITUTABLE_THERMAL,2023,0.180767,1583.52,47.52,bnef,27.638,33.128,-5.49,32.862,38.962,-6.1,83.636,-50.774,3946.9,2.492,0.2492,90.2011,FEASIBLE,89.95,COMPUTED,
offgrid_bnef_pv,FR.CAED/5900.FACILITY,SOLVAY OPERATIONS FRANCE,France,FRA,4(b)(iv),48.6196,6.35778,879780.36,HEAT_DEMAND_FROM_SUBSTITUTABLE_THERMAL,2023,0.151376,1326.05,42.22,bnef,29.324,39.096,-9.772,34.734,45.593,-10.859,99.913,-65.179,977533.7,737.175,73.7175,167.325,FEASIBLE,93.61,COMPUTED,SITE_LCOE_DEVIATES_GT20PCT_FROM_BNEF
