activity_code,activity_code_raw,ippc_code,is_subitem,description
1(a),1.(a),1.2,False,Mineral oil and gas refineries
1(b),1.(b),1.4,False,Installations for gasification and liquefaction
1(c),1.(c),1.1,False,Thermal power stations and other combustion installations
1(d),1.(d),1.3,False,Coke ovens
1(e),1.(e),,False,Coal rolling mills
1(f),1.(f),,False,Installations for the manufacture of coal products and solid smokeless fuel
2(a),2.(a),2.1,False,Metal ore (including sulphide ore) roasting or sintering installations
2(b),2.(b),2.2,False,Installations for the production of pig iron or steel (primary or secondary melting) including continuous casting
2(c),2.(c),2.3,False,Installations for the processing of ferrous metals
2(c)(i),2.(c).(i),2.3.(a),True,Hot-rolling mills
2(c)(ii),2.(c).(ii),2.3.(b),True,Smitheries with hammers
2(c)(iii),2.(c).(iii),2.3.(c),True,Application of protective fused metal coats
2(d),2.(d),2.4,False,Ferrous metal foundries
2(e),2.(e),2.5,False,Installations:
2(e)(i),2.(e).(i),2.5.(a),True,"For the production of non-ferrous crude metals from ore, concentrates or secondary raw materials by metallurgical, chemical or electrolytic processes"
2(e)(ii),2.(e).(ii),2.5.(b),True,"For the smelting, including the alloying, of non-ferrous metals, including recovered products (refining, foundry casting, etc.)"
2(f),2.(f),2.6,False,Installations for surface treatment of metals and plastic materials using an electrolytic or chemical process
3(a),3.(a),,False,Underground mining and related operations
3(b),3.(b),,False,Opencast mining and quarrying
3(c),3.(c),3.1,False,Installations for the production of:
3(c)(i),3.(c).(i),3.1,True,Cement clinker in rotary kilns
3(c)(ii),3.(c).(ii),3.1,True,Lime in rotary kilns
3(c)(iii),3.(c).(iii),3.1,True,Cement clinker or lime in other furnaces
3(d),3.(d),3.2,False,Installations for the production of asbestos and the manufacture of asbestos-based products
3(e),3.(e),3.3,False,"Installations for the manufacture of glass, including glass fibre"
3(f),3.(f),3.4,False,"Installations for melting mineral substances, including the production of mineral fibres"
3(g),3.(g),3.5,False,"Installations for the manufacture of ceramic products by firing, in particular roofing tiles, bricks, refractory bricks, tiles, stoneware or porcelain"
4(a),4.(a),4.1,False,"Chemical installations for the production on an industrial scale of basic organic chemicals, such as:"
4(a)(i),4.(a).(i),4.1.(a),True,"Simple hydrocarbons (linear or cyclic, saturated or unsaturated, aliphatic or aromatic)"
4(a)(ii),4.(a).(ii),4.1.(b),True,Oxygen-containing hydrocarbons
4(a)(iii),4.(a).(iii),4.1.(c),True,Sulphurous hydrocarbons
4(a)(iv),4.(a).(iv),4.1.(d),True,Nitrogenous hydrocarbons
4(a)(v),4.(a).(v),4.1.(e),True,Phosphorus-containing hydrocarbons
4(a)(vi),4.(a).(vi),4.1.(f),True,Halogenic hydrocarbons
4(a)(vii),4.(a).(vii),4.1.(g),True,Organometallic compounds
4(a)(viii),4.(a).(viii),4.1.(h),True,"Basic plastic materials (polymers, synthetic fibres and cellulose-based fibres)"
4(a)(ix),4.(a).(ix),4.1.(i),True,Synthetic rubbers
4(a)(x),4.(a).(x),4.1.(j),True,Dyes and pigments
4(a)(xi),4.(a).(xi),4.1.(k),True,Surface-active agents and surfactants
4(b),4.(b),4.2,False,"Chemical installations for the production on an industrial scale of basic inorganic chemicals, such as:"
4(b)(i),4.(b).(i),4.2.(a),True,Gases
4(b)(ii),4.(b).(ii),4.2.(b),True,Acids
4(b)(iii),4.(b).(iii),4.2.(c),True,Bases
4(b)(iv),4.(b).(iv),4.2.(d),True,Salts
4(b)(v),4.(b).(v),4.2.(e),True,"Non-metals, metal oxides or other inorganic compounds"
4(c),4.(c),4.3,False,"Chemical installations for the production on an industrial scale of phosphorous-, nitrogen- or potassium-based fertilisers (simple or compound fertilisers)"
4(d),4.(d),4.4,False,Chemical installations for the production on an industrial scale of basic plant health products and of biocides
4(e),4.(e),4.5,False,Installations using a chemical or biological process for the production on an industrial scale of basic pharmaceutical products
4(f),4.(f),4.6,False,Installations for the production on an industrial scale of explosives and pyrotechnic products
5(a),5.(a),5.1,False,Installations for the recovery or disposal of hazardous waste
5(b),5.(b),5.2,False,Installations for the incineration of non-hazardous waste in the scope of Directive 2000/76/EC of the European Parliament and of the Council of 4 December 2000 on the incineration of waste
5(c),5.(c),5.3,False,Installations for the disposal of non-hazardous waste
5(d),5.(d),5.4,False,Landfills (see note in Guidance Document)
5(e),5.(e),6.5,False,Installations for the disposal or recycling of animal carcasses and animal waste
5(f),5.(f),,False,Urban waste-water treatment plants
5(g),5.(g),,False,Independently operated industrial waste-water treatment plants which serve one or more activities of this annex
6(a),6.(a),6.1.(a),False,Industrial plants for the production of pulp from timber or similar fibrous materials
6(b),6.(b),6.1.(b),False,Industrial plants for the production of paper and board and other primary wood products
6(c),6.(c),,False,Industrial plants for the preservation of wood and wood products with chemicals
7(a),7.(a),6.6,False,Installations for the intensive rearing of poultry or pigs
7(a)(i),7.(a).(i),6.6.(a),True,With 40 000 places for poultry
7(a)(ii),7.(a).(ii),6.6.(b),True,With 2 000 places for production pigs (over 30kg)
7(a)(iii),7.(a).(iii),6.6.(c),True,With 750 places for sows
7(b),7.(b),,False,Intensive aquaculture
8(a),8.(a),6.4,False,Slaughterhouses
8(b),8.(b),,False,Treatment and processing intended for the production of food and beverage products from:
8(b)(i),8.(b).(i),,True,Animal raw materials (other than milk)
8(b)(ii),8.(b).(ii),,True,Vegetable raw materials
8(c),8.(c),,False,Treatment and processing of milk
9(a),9.(a),6.2,False,"Plants for the  pre-treatment (operations such as washing, bleaching, mercerisation) or dyeing of fibres or textiles"
9(b),9.(b),6.3,False,Plants for the tanning of hides and skins
9(c),9.(c),6.7,False,"Installations for the surface treatment of substances, objects or products using organic solvents, in particular for dressing, printing, coating, degreasing, waterproofing, sizing, painting, cleaning or impregnating"
9(d),9.(d),6.8,False,Installations for the production of carbon (hard-burnt coal) or electro-graphite by means of incineration or graphitisation
9(e),9.(e),,False,"Installations for the building of, and painting or removal of paint from ships"
