source_name,source_id,system:index,tree_cover_km2,shrubland_km2,grassland_km2,cropland_km2,built_up_km2,bare_sparse_km2,snow_ice_km2,water_km2,wetland_km2,mangroves_km2,moss_lichen_km2
"Horizon Tselluloosi ja Paberi AS, Kehra paberivabrik",EE.KAUR.TTR/88.FACILITY,00000000000000000032,158.73648774812,0.04651521420288086,52.75670715273139,46.93719813080347,1.469130247717046,0.4110278575294644,,1.1403717462821212,0.22699374856567384,,
TOTALENERGIES RAFFINAGE FRANCE,FR.CAED/7658.FACILITY,00000000000000000007,10.40039833204681,6.1935250491333,14.42448102577192,2.2739797905519974,35.966986265136946,1.167334790805712,,79.54601214470134,0.2378382350463867,,
TOTALENERGIES RAFFINAGE FRANCE,FR.CAED/3814.FACILITY,0000000000000000000d,32.95547911017492,,38.99645359311499,72.94920616476068,48.380928571247175,1.1704407332069546,,12.91530407049609,0.47134744677734375,,
TOTALENERGIES MARKETING SERVICES,FR.CAED/6705.FACILITY,00000000000000000012,13.97407223613376,,44.08058011151836,8.379552102043357,14.889513131525254,0.4718194000244141,,0.3735929606323242,0.20207916772460938,,
TOTALENERGIES RAFFINAGE FRANCE,FR.CAED/5422.FACILITY,0000000000000000001f,40.202424193660235,,31.97128532011933,44.03271074637833,101.59652070748261,0.7584054705200195,,4.512890131111175,0.006920942260742188,,
RHONE ENERGIES FOS-SUR-MER SAS,FR.CAED/7646.FACILITY,0000000000000000002b,13.42761121068211,11.760207347405407,27.19660225765477,1.7174677296638037,43.61514295949277,4.448797796683517,,83.68407882235287,7.13089734068436,,
PETROINEOS MANUFACTURING FRANCE SAS,FR.CAED/7874.FACILITY,00000000000000000057,12.905507997660317,7.910307673353007,11.36954830641683,0.9655741046819949,22.20839989154771,1.4541073932497515,,128.3719821140868,1.17587616382195,,
ESSO RAFFINAGE,FR.CAED/3834.FACILITY,00000000000000000062,11.863116523612234,,17.376149955972814,29.172941326766473,10.15176501299809,0.11763684289550781,,0.9850910463867187,0.038039968200683595,,
STE BEARNAISE DE GESTION INDUSTRIELLE,FR.CAED/1260.FACILITY,0000000000000000002d,25.669414956145175,0.001306467529296875,28.31417995448954,75.54393926081399,9.001981369514732,0.19871189727783203,,0.3887307094369926,0.0,,
ARCELORMITTAL MEDITERRANEE,FR.CAED/7656.FACILITY,00000000000000000026,14.192343462380556,11.844400795678949,28.2523186824269,1.8708877579462984,39.54492335553768,3.927891562921023,,80.62748643346166,6.167577333056162,,
SAINT-GOBAIN PAM CANALISATION,FR.CAED/5938.FACILITY,00000000000000000039,29.15927522918007,,21.73770281264599,37.191050303236075,8.425448848312078,0.23317225842285155,,5.273325279822974,0.012427743225097656,,
VERSALIS FRANCE S.A.S.,FR.CAED/10790.FACILITY,00000000000000000001,15.732302481173406,0.00170045166015625,31.12407535420376,59.11521452007267,43.88657550449362,2.7273796634262983,,29.525186952570166,0.8429233358623429,,
NAPHTACHIMIE,FR.CAED/7615.FACILITY,00000000000000000011,12.777581517894788,7.646685778782984,11.456428910221842,0.9529890056152344,22.571452714020374,1.557911904743748,,130.75414853526092,1.5009063452241789,,
TOTALENERGIES PETROCHEMICALS FRANCE,FR.CAED/3839.FACILITY,0000000000000000003e,31.29955622077709,,36.15823347782556,66.20517896790484,48.421013920866116,1.1810751713139551,,20.94985486578655,0.47134744677734375,,
EXXONMOBIL CHEMICAL FRANCE,FR.CAED/3833.FACILITY,00000000000000000065,11.863116523612234,,17.376149955972814,29.172941326766473,10.15176501299809,0.11763684289550781,,0.9850910463867187,0.038039968200683595,,
LES DERIVES RESINIQUES ET TERPENIQUES,FR.CAED/791.FACILITY,0000000000000000002e,115.2650496146722,0.0336203034754136,47.30627034649109,3.6963692543488147,2.6477712993302895,1.7755483876199156,,54.43838589468271,0.0019425178833007812,,
LYONDELL CHIMIE FRANCE,FR.CAED/7626.FACILITY,00000000000000000048,4.982909051755178,7.445618056323721,16.814994785355406,0.5450714813383215,26.056061702104397,4.810796441380161,,61.64520395288182,7.963994155262665,,
TEREOS STARCH & SWEETENERS LBN,FR.CAED/4151.FACILITY,00000000000000000049,13.52448128452699,,21.092162575365045,36.48261875714854,11.29864675117427,0.11997489965820313,,0.9856753310546875,0.038039968200683595,,
ALSACHIMIE,FR.CAED/9481.FACILITY,00000000000000000050,12.671328222083236,,15.984101766327267,58.5555750727367,17.897164106571452,0.19807335971536075,,0.06136207464599609,,,
ARKEMA FRANCE,FR.CAED/6088.FACILITY,00000000000000000055,59.53103137782076,,30.20164391472406,30.57217265317433,24.252954916665953,0.08013416369628906,,0.6299162213134766,0.02002659814453125,,
BUTACHIMIE,FR.CAED/9469.FACILITY,00000000000000000051,11.938739269527646,,14.772683607640635,59.237940658057354,17.538598461955704,0.19663305483326632,,0.08384885856909659,,,
KEM ONE,FR.CAED/7624.FACILITY,00000000000000000003,13.40570267369744,11.811967409902294,28.210736015297563,1.7550876565568512,41.77155419386081,4.183528296071011,,81.82257338147483,6.679156005192537,,
SOLVAY FRANCE,FR.CAED/44.FACILITY,0000000000000000003d,66.68603232064932,,34.3332875472252,117.20326602143165,18.068441462041882,0.26248551220703126,,0.9113917860476027,0.04045703924560547,,
INEOS POLYMERS SARRALBE SAS,FR.CAED/6359.FACILITY,00000000000000000067,66.25950899676705,,77.7544435261197,50.13059888937587,11.49195683620414,0.2120158955078125,,2.0511536304170495,0.018892295959472657,,
YARA FRANCE,FR.CAED/3829.FACILITY,0000000000000000004d,31.49199379370455,,36.536254099354004,66.93994032824648,48.382153482917815,1.1866709477792778,,19.479002424325504,0.4726964959487017,,
LAT NITROGEN FRANCE,FR.CAED/3936.FACILITY,00000000000000000037,66.08217142166488,0.0,18.23968898291996,12.258385782189704,53.821848827131696,0.3014232315673828,,3.772109698226869,0.003520634521484375,,
NOVACARB,FR.CAED/5914.FACILITY,00000000000000000017,50.42513095531539,,66.13675156697978,66.30849145709013,43.22736431345477,0.7074145115966797,,6.161030089572084,0.01606722491455078,,
SOLVAY OPERATIONS FRANCE,FR.CAED/5900.FACILITY,00000000000000000072,50.938838883545195,,74.52321953607208,92.17539113808188,15.713977995602118,0.6264379977416992,,5.293709225988292,0.025009061645507813,,
LAT NITROGEN OTTMARSHEIM,FR.CAED/9451.FACILITY,00000000000000000058,14.536283426527797,,15.09879400069939,57.79461576659396,19.984492064131196,0.3612949754396925,,0.8444222022705078,,,
SOC D'EXPLOITATION THERMIQUE DU MIRAIL,FR.CAED/9964.FACILITY,00000000000000000033,50.222711190757614,,31.17019979773979,31.069698047776864,115.81732481464778,0.5331541223257029,,0.916403852327474,0.00130236376953125,,
ENORIS,FR.CAED/8363.FACILITY,00000000000000000056,73.92280946485509,,23.765057793839993,30.753834961234286,112.11804705807086,0.6300404631340476,,1.941468637604358,0.017827325134277344,,
RAYONIER A.M. TARTAS,FR.CAED/788.FACILITY,00000000000000000022,112.22653478587966,0.006489389282226562,49.14445316655635,66.98083168944312,4.380935322690001,0.06234728918457031,,0.421390481195188,0.015587217468261718,,
FIBRE EXCELLENCE PROVENCE,FR.CAED/7588.FACILITY,00000000000000000031,50.62117422349735,10.016792269056857,41.39190646928186,66.9078481267234,15.23354494216381,1.0701672783861347,,0.7599912816626455,0.016236742309570312,,
FIBRE EXCELLENCE SAINT-GAUDENS SAS,FR.CAED/10011.FACILITY,00000000000000000034,24.57100799741809,0.0,55.09630306701827,50.459733306508255,9.65788771139299,0.049907435424804684,,0.2968677564086914,0.0,,
SMURFIT WESTROCK CELLULOSE DU PIN,FR.CAED/662.FACILITY,00000000000000000036,10.745466205059694,6.406343994140625E-4,4.778222932610724,1.1079864947718003,6.274346180293543,0.05317174981689453,,0.10827335620117187,0.0032037846069335935,,
GASCOGNE PAPIER,FR.CAED/759.FACILITY,00000000000000000044,81.01778171360509,0.007448989468443627,30.033141236515302,3.9840286371447995,4.637335877960324,1.7533079243963503,,109.92273663417731,6.446727294921875E-4,,
SAICA PAPER FRANCE,FR.CAED/146.FACILITY,00000000000000000046,50.44683393493029,,14.814032114171171,134.2235246748876,15.485564112174957,0.19529989196777345,,4.3178342695307705,0.04047134338378906,,
SAICA PAPER FRANCE,FR.CAED/5125.FACILITY,0000000000000000006c,23.781118121997082,0.017764629699707032,45.6500986680341,66.76634588950466,17.143225147524838,0.5119426268310547,,5.73931957599954,6.342137451171875E-4,,
NORSKE SKOG GOLBEY,FR.CAED/6144.FACILITY,0000000000000000001d,89.21244608221026,,52.62790747885717,36.88537602465486,18.407080312215886,0.10680006994628906,,2.908191172917145,0.026431420593261718,,
EGGER PANNEAUX ET DECORS,FR.CAED/6155.FACILITY,0000000000000000002c,86.07316474411421,,60.09831170983821,44.62727816621189,4.902152202411248,0.06468242755126953,,0.8292687015991211,0.013761358276367187,,
SYLVAMO FRANCE SA,FR.CAED/4602.FACILITY,0000000000000000006b,50.025769828642005,,66.0862687282738,27.657866680286617,5.8188092178639135,0.04510766491699219,,1.8768626773399204,,,
CRISTAL UNION,FR.CAED/3437.FACILITY,00000000000000000006,24.591870398362577,,11.240075302092187,255.0933789055707,10.148770058908742,0.07515588940429688,,0.06102599743652344,,,
TEREOS FRANCE,FR.CAED/12675.FACILITY,0000000000000000000b,24.27785906459673,,5.780092434195962,231.94132952494047,8.114314787456676,0.17994867684972427,,0.39224940746280446,0.03187981219482422,,
SUCRERIES DISTILLERIES HAUTS DE FRANCE,FR.CAED/10838.FACILITY,00000000000000000010,48.54393657357438,,44.80058392520103,158.22615603550713,30.748281345976952,0.06387013322490617,,1.901286001067996,0.10988866796875,,
ROQUETTE FRERES,FR.CAED/9415.FACILITY,0000000000000000001a,31.36352131705107,,19.005394444714607,56.92862745626777,21.23333184301926,0.3402473425292969,,3.269609960828595,0.0,,
TEREOS STARCH & SWEETENERS EUROPE,FR.CAED/9517.FACILITY,00000000000000000027,16.021796918517108,,17.024754613989728,122.96932145180145,14.606311710744105,0.07330061895751953,,0.8214269478182923,,,
ROQUETTE FRERES,FR.CAED/11135.FACILITY,00000000000000000029,39.15109222154564,,48.886593588002945,197.77270704237262,19.77864033246687,0.05087697821044922,,1.0145270402049344,0.0260737036032284,,
CRISTAL UNION,FR.CAED/3572.FACILITY,0000000000000000005d,17.445140045006845,,12.680985479079542,255.06946685339972,6.37246310956816,0.1528190732721067,,0.4174592301635742,0.0011928013916015624,,
TEREOS FRANCE,FR.CAED/82.FACILITY,00000000000000000060,48.4832638248904,,15.452386943655457,135.1149797218464,14.80868420149692,0.13904148596191407,,4.783446943814626,0.03871163024902344,,
TEREOS FRANCE,FR.CAED/132.FACILITY,00000000000000000061,19.207306536983946,,13.193453853247076,217.14592780480237,5.414267945545631,0.019172484924316405,,0.8296598067626954,0.07441080456542969,,
TEREOS FRANCE,FR.CAED/10727.FACILITY,00000000000000000069,23.552754686829314,,21.07079462227113,234.27080195702598,22.89709092831528,0.06570137310791016,,0.6350354366727942,0.0115365791015625,,
TEREOS FRANCE,FR.CAED/3466.FACILITY,0000000000000000006f,13.181060657562611,,12.007992448156733,260.2426368331476,5.4894096700415504,0.19201088262029908,,0.25250978454589845,0.00890333056640625,,
HELLENIC PETROLEUM R.S.S.O.P.P. S.A. –SOUTH REFINERIES COMPLEX – ELEFSIS INDUSTRIAL FACILITIES,EL.CAED/100058.FACILITY,00000000000000000042,13.513831002168068,4.69639580662411,30.170816552731498,8.316215467372519,40.54379428740185,2.4806600892556574,,73.72327116319079,0.04621125400773591,,
HELLENIC PETROLEUM R.S.S.O.P.P. S.A. - THESSALONIKI INDUSTRIAL COMPLEX,EL.CAED/100062.FACILITY,0000000000000000004a,9.299369729190122,0.571742283594468,16.994579030689913,55.083513020172695,64.99727932318497,0.7098884369892196,,23.63452832421085,0.8425978486794864,,
HELLENIC PETROLEUM R.S.S.O.P.P. S.A. - INDUSTRIAL DIVISION OF ASPROPYRGOS,EL.CAED/100053.FACILITY,0000000000000000004b,7.421687324652695,1.8723393405534334,25.335993179149664,8.284265262994746,80.26578212505828,3.0345941404158054,,55.74088994640013,0.051681350341796876,,
MOTOR OIL HELLLAS-CORINTH REFINERIES S.A.,EL.CAED/100066.FACILITY,0000000000000000006e,20.64388360968424,3.140820898887006,20.158462025684805,2.44799374685298,9.31956026420276,0.7023950034656002,,130.26227859211932,0.0014190853271484375,,
METLEN ENERGY & METALS S.A. - ALOUMINIUM OF GREECE,EL.CAED/100048.FACILITY,0000000000000000001e,5.955118404606359,3.103199611280972,6.792184462901156,0.5772912607421875,1.3456364589075422,0.152181833984375,,0.0021152098388671874,,,
Raffineria ISAB Impianti NORD,IT.CAED/960101005.FACILITY,0000000000000000000a,26.795496401296774,0.916303432161937,29.717709290204013,22.283573303854542,21.84895268022964,1.4087585751852596,,98.19366295093202,0.042644255847167974,,
api Raffineria di Ancona spa,IT.CAED/600151001.FACILITY,00000000000000000013,11.26413214390414,1.9192230952181946,11.435060651346365,40.341382141652055,13.43840741768655,0.74159675516884,,153.70312475598493,0.02865426739501953,,
Sarlux srl,IT.CAED/090181001.FACILITY,0000000000000000001c,12.009262419999429,2.7003321592033838,27.557060635326934,7.749481991391888,9.937130227745628,0.5007475011778588,,123.47766207517222,0.055091198181152344,,
RAFFINERIA SARPOM DI TRECATE,IT.CAED/280691001.FACILITY,00000000000000000020,21.417291237428657,,33.174920601338954,145.40719928521384,34.24853829975202,0.875266649442785,,0.551185301940918,6.321029052734375E-4,,
Raffineria di Milazzo S.C.p.A.,IT.CAED/980571001.FACILITY,00000000000000000040,32.53547258425796,0.5708767039426317,8.207048191712383,6.230828439903349,18.108872111645265,1.6154899476617552,,142.16866477773777,0.08404390338134765,,
Sonatrach Raffineria Italiana-Raffineria di Augusta,IT.CAED/960111001.FACILITY,0000000000000000005c,29.871955304524274,0.8382387362235276,28.18423881832826,23.777508450184094,19.119453088988543,1.1813042431030274,,120.15703205142347,0.04221407305908203,,
RAFFINERIA DI SANNAZZARO DE' BURGONDI,IT.CAED/270391001.FACILITY,00000000000000000064,30.430989536415723,0.0076299594116210935,13.454766039299463,186.24178652756794,14.243543529322249,1.5695484221969307,,4.302442499020804,0.025419190185546874,,
Tenaris Dalmine - Stabilimento di Dalmine,IT.CAED/240442002.FACILITY,00000000000000000052,35.729454545214615,,54.58437408081147,84.62050166189428,90.00101753282306,1.1797294603592219,,0.900470772325942,,,
CENTRO OLI TEMPA ROSSA,IT.CAED/850122001.FACILITY,00000000000000000009,4.820745146125584,0.5289983508272059,4.069927683057838,2.9845095313684795,0.4630173659667969,1.6574092236912148,,0.010963538940429687,,,
Centro Olio Val d'Agri,IT.CAED/850592002.FACILITY,0000000000000000000c,13.70968717489923,0.49724530929721006,14.517208922291246,24.212819558214367,3.6943086099939677,0.1470355444996553,,0.00479678759765625,0.0,,
SASOL ITALY ENERGIA SRL,IT.CAED/960101006.FACILITY,00000000000000000021,32.49208080974026,1.0505745270617917,31.224789259124176,26.49592423636787,19.406375164227413,1.18344559954834,,93.00575552777448,0.04149788842773437,,
Bioraffineria di Gela S.p.A  (ex RAFFINERIA di Gela SpA),IT.CAED/930121001.FACILITY,00000000000000000041,0.834600052323405,0.0237335818864411,6.2394487964391345,36.01689678675729,10.167447006914445,0.5036345669883578,,111.09701503352812,0.034399652465820316,,
Raffineria di Venezia,IT.CAED/301751001.FACILITY,00000000000000000043,21.06294986373411,,38.50900930859181,49.22541933421656,54.95326935738502,1.0378439791479972,,8.21612619346876,1.3518184318424002,,
Versalis S.p.A.,IT.CAED/960101007.FACILITY,00000000000000000053,25.180386051202287,0.7878142879078585,30.360103798793414,18.154237477328913,24.075285440799497,1.400811148376465,,115.91471033872347,0.039354787902832034,,
YARA ITALIA SPA - STABILIMENTO DI FERRARA,IT.CAED/441221002.FACILITY,00000000000000000004,15.504178607267976,,55.55060188673264,182.32867433826118,33.55978177818701,0.23558727336353974,,1.1439244220494889,0.3016509717210957,,
SOLVAY CHIMICA ITALIA S.P.A. ROSIGNANO,IT.CAED/570162008.FACILITY,0000000000000000004e,12.999919419593716,3.465329307684206,25.010560604753795,36.172729251926306,10.276965876475135,0.3038250168457031,,0.10589326501464844,0.32978428033447266,,
Unità Locale 3 - Impianto di Termovalorizzazione rifiuti non pericolosi.,IT.CAED/030402001.FACILITY,0000000000000000004c,41.776475922505924,9.300037766673126,24.757822738179534,22.3329966778215,11.581820428307147,0.10782350866699218,,0.22675996463024664,0.006068411315917969,,
ACEA AMBIENTE Srl UL1_Impianto di Termovalorizzazione,IT.CAED/051002003.FACILITY,00000000000000000059,18.782595123725205,1.7262353109915938,5.273840367687032,21.506788514095778,16.87037318685303,0.21938049430434284,,0.738803203552246,0.0,,
Impianto di termovalorizzazione Silla 2,IT.CAED/201532001.FACILITY,00000000000000000071,64.99009422297435,6.316268920898438E-4,42.66348906571818,46.584617236373596,121.00294574222698,0.9523414005277746,,1.5065574877903358,,,
Stabilimento di Tolmezzo,IT.CAED/330282002.FACILITY,00000000000000000035,12.794951078739894,,11.740475214462458,2.4484143997398222,6.577479139811915,2.953381686335067,,8.418668922632795,0.01616470715332031,,
Stabilimento di Sora (FR),IT.CAED/030392001.FACILITY,00000000000000000045,22.444796724960256,2.99820568103889,17.682540077334412,6.384739385309197,12.630947495511402,0.1322680708618164,,0.09668463763427734,0.0,,
Ahlstrom-Munksjö Italia S.p.A.,IT.CAED/100752001.FACILITY,0000000000000000005f,27.739629103757373,0.0,42.31415980616457,10.719559736198871,15.989177221351532,0.08746354577636718,,0.16344719354248047,,,
LOTOS ASfalt Sp. z o.o.,PL.MŚ/000000023.FACILITY,00000000000000000054,30.590905349498787,,32.4566268179271,40.4212624418256,39.18905123630922,1.0171200723024854,,41.58715930974479,1.8240163458366843,,
KOKSOWNIA RADLIN,PL.MŚ/000000021.FACILITY,0000000000000000005b,93.73075609390646,,54.94157087328509,45.861092031894366,41.211770672459465,1.543737391481407,,1.4762993877266686,0.08002845483470243,,
"Celsa ""Huta Ostrowiec"" Sp.o.o.",PL.MŚ/000000136.FACILITY,0000000000000000002f,46.263757545539434,,14.665239910569133,36.826563617509684,13.33973304111065,0.11695590301513673,,0.13858396020507813,0.06079540612792969,,
ArcelorMittal Poland S.A. Oddział Dąbrowa Górnicza,PL.MŚ/000000058.FACILITY,0000000000000000003f,113.20017075895797,,55.57694469112998,16.080237109418558,38.48010390727109,1.4880701865045287,,6.84218632071581,0.3716543889770508,,
"Huta Cynku ""Miasteczko Śląskie"" S.A.",PL.MŚ/000000221.FACILITY,00000000000000000015,193.6098157668695,,39.59082492726528,16.39047822817167,14.092630263269529,0.33940133009918816,,5.047104769606887,1.0322350725779814,,
"Huta Miedzi ""Legnica""",PL.MŚ/000000278.FACILITY,00000000000000000028,44.63382089881928,,39.89035666192868,182.22011264029626,22.30054692021315,0.4377007813943302,,3.6387250337579466,0.7954479910218483,,
Dyckerhoff Polska Sp. z o.o.,PL.MŚ/000000232.FACILITY,00000000000000000000,18.58997258470292,,25.43620147940198,8.443705875842289,14.277305071278287,2.1634927090753293,,0.4297195688476563,0.018785543701171876,,
Holcim Polska S.A.; ODDZIAŁ W BIELAWACH,PL.MŚ/000000068.FACILITY,00000000000000000023,32.88203737026799,,25.88188647750339,189.19803188197037,8.674305810084922,0.9859348338623047,,6.432801821721574,0.9484197739360735,,
Grupa Ożarów S.A.,PL.MŚ/000000053.FACILITY,00000000000000000038,107.9640434278713,,23.781663604497457,103.00442556845657,4.900843000228105,1.1183645205078125,,0.011921430969238282,0.0022577359169155945,,
"CEMENTOWNIA ""WARTA"" SPÓŁKA AKCYJNA",PL.MŚ/000000067.FACILITY,0000000000000000005e,104.73253612148936,,34.60793859417126,112.0254469870003,11.097584879880419,1.068286884399414,,0.49920511682128904,0.025471387145996095,,
LAFARGE CEMENT S.A,PL.MŚ/000000063.FACILITY,00000000000000000063,22.723703466171425,,17.090302134036076,12.88833475539838,3.186001281304812,0.7991262357788086,,0.014807737915039063,0.008530261840820312,,
Trzuskawica Spółka Akcyjna Zakład Kujawy,PL.MŚ/000000109.FACILITY,00000000000000000068,32.107406142346676,,25.49035623380125,194.97584125532066,9.687551379804788,1.1985605536515778,,7.835105072812787,0.959127488778866,,
"Cementownia ""Odra"" S.A.",PL.MŚ/000000062.FACILITY,0000000000000000006a,58.98652447713268,,43.892392621366376,136.73114903770517,33.330213594382855,0.8037402156163832,,4.521629204879462,0.25657207818603517,,
CEMEX Polska Sp. z o.o. - Zakład Cementownia Rudniki,PL.MŚ/000000190.FACILITY,0000000000000000006d,66.84188142897088,,62.768994258223906,118.40213751051633,15.549623637056243,1.0491932899720435,,0.12459704095458984,0.07327518208582261,,
CEMEX Polska Sp. z o.o - Zakład Cementownia Chełm,PL.MŚ/000000215.FACILITY,00000000000000000070,23.905984438253466,,26.872731801960548,71.50420142707543,14.149166509419041,0.8563022839355469,,0.4770233845825195,0.6438633005536247,,
Euroglas Polska Sp. z o.o.,PL.MŚ/000000273.FACILITY,0000000000000000003b,110.0675179848857,,44.61012022329198,128.41194203149672,10.783673789948825,0.16145447024883197,,0.32525788732910155,0.17777789609087777,,
SAINT-GOBAIN INNOVATIVE MATERIALS POLSKA SPÓŁKA Z O.O. ODDZIAŁ GLASS,PL.MŚ/000000309.FACILITY,0000000000000000005a,130.23920938120256,,49.15985794269039,9.462164736994243,42.66712171317856,1.6067610268770105,,4.626186361181401,0.32340459454345705,,
Grupa Azoty Zakłady Azotowe Kędzierzyn Spółka Akcyjna,PL.MŚ/000000108.FACILITY,0000000000000000000e,140.69708945429045,,33.82291509600497,79.02389041393909,17.24130279794587,0.7057956408246209,,5.097861588471057,0.492351337097168,,
ANWIL S.A.,PL.MŚ/000000197.FACILITY,00000000000000000025,77.94468547408952,,22.08055614790255,94.6790162850409,15.94647296169481,0.43283620541728907,,0.33280930584716795,0.2602165955810547,,
Arctic Paper Kostrzyn S.A.,PL.MŚ/000000138.FACILITY,00000000000000000014,36.24400532210885,,14.762806736058598,43.71233119204649,6.118292724770938,0.07447004669189453,,0.21623667376708985,0.014233944519042968,,
Kronospan Mielec Sp. z o.o.,PL.MŚ/000000212.FACILITY,0000000000000000002a,42.244240602670516,,40.03030796557422,72.48966252853873,18.94565697024931,0.08460159619140625,,0.592433919988176,0.12489482550048828,,
International Paper - Kwidzyn Sp. z o.o.,PL.MŚ/000000072.FACILITY,0000000000000000004f,24.23098683794685,,29.282722034056427,123.46119249142045,8.80512387180799,0.05070989276123047,,0.7973148231083889,0.27790917383075786,,
REFINERÍA LA RÁBIDA,ES.CAED/001482000.FACILITY,00000000000000000005,12.968535690531656,5.169336125347782,32.01282458027871,18.46865581039944,20.87063569128753,6.495738627582623,,45.41504994357331,1.2077626080322266,,
"PETROLEOS DEL NORTE, PETRONOR, S.A. (PETRONOR)",ES.CAED/003701000.FACILITY,00000000000000000008,8.656269764009126,0.013739456481933594,8.300870927787754,0.1308432310180664,16.798252017600635,0.6489574764464136,,84.99475627679585,0.00261738525390625,,
REPSOL PETROLEO S.A.,ES.CAED/001528000.FACILITY,0000000000000000000f,19.939810472637323,4.150438242594638,53.80562429634392,47.094552150876694,10.942656575661813,2.3477946512142407,,0.30595821752929686,,,
REPSOL COMPLEJO INDUSTRIAL A CORUÑA,ES.CAED/001526000.FACILITY,00000000000000000016,13.574344526035205,0.2114313236694336,16.757598971908514,0.7722374395941042,17.56153736992067,0.7962160840518726,,6.517246925537109,0.03795317724609375,,
"BP ENERGÍA ESPAÑA, S.A.",ES.CAED/000704000.FACILITY,00000000000000000024,29.161105937154137,7.221910255005841,49.1283220290793,2.4764143580350986,31.050838398525585,2.2174778127836343,,56.559974259176094,0.10603698162841797,,
"REPSOL PETRÓLEO, S.A. - C.I. CARTAGENA",ES.CAED/001529000.FACILITY,00000000000000000047,16.34757774655547,1.8433399738005993,33.077755061862376,87.22264432179942,31.3287761322098,5.909475115029252,,7.057489855343089,7.11290283203125E-4,,
REPSOL QUIMICA,ES.CAED/001562000.FACILITY,00000000000000000018,48.190385573379366,34.130065889294926,64.30365981600944,23.601076477385398,36.10434921792086,2.2805085575954056,,1.7287896664766207,,,
FÁBRICA DE PALOS DE LA FRONTERA (CEPSA QUÍMICA),ES.CAED/001619000.FACILITY,0000000000000000003a,14.138816379933559,5.529505126570158,33.24532155979148,18.712404871521,20.346399575298463,6.578854028911039,,41.52468750435886,1.1976783439644603,,
DOW CHEMICAL IBERICA (DOW NORD),ES.CAED/002716000.FACILITY,00000000000000000019,45.863619128903636,31.91389701492204,60.98296193655741,22.369328919919482,45.087897978448126,3.0013838890349747,,6.3875636393119075,0.005421111694335938,,
ALUMINA ESPAÑOLA S.A.,ES.CAED/001998000.FACILITY,00000000000000000066,15.478353474332922,0.1932810678100586,10.346979462296549,0.010411802124023437,2.396293229906269,0.15418951947021484,,2.4948778585011206,0.05463602252197266,,
CEASA ENCE- FÁBRICA DE NAVIA,ES.CAED/003378000.FACILITY,00000000000000000030,9.220929792856495,0.024409912899481082,19.331778175530165,10.898142466731533,2.6281309443754313,0.020868975280761717,,0.6275333632357729,0.001305600830078125,,
SAICA PAPER EL BURGO DE EBRO,ES.CAED/002762000.FACILITY,00000000000000000002,9.99113039195772,2.2495772538181673,44.93216015307878,56.69052135058235,7.787632712359261,6.056939259102137,,0.7469519193115234,,,
SAICA 1,ES.CAED/002761000.FACILITY,0000000000000000001b,31.489305746105245,3.470973213495232,74.29685674236995,55.96919555604229,50.75000782786864,7.6607428272032525,,1.7053374410256779,,,
"DS SMITH SPAIN, S.A.",ES.CAED/001960000.FACILITY,0000000000000000003c,9.170159608149277,3.503578980137005,25.122953575969635,155.25894407324913,6.025035228074257,1.5538040348647173,,0.1672938307619581,,,
