source_id,source_name,country,eprtr_activity,latitude,longitude,co2_t,co2_year,match_method
PL.MŚ/000000232.FACILITY,Dyckerhoff Polska Sp. z o.o.,Poland,3(c),50.806941986084,20.5222225189209,735000.0,2024,id_direct
FR.CAED/10790.FACILITY,VERSALIS FRANCE S.A.S.,France,4(a)(i),51.03032,2.2455,522000.0,2024,id_direct
ES.CAED/002762000.FACILITY,SAICA PAPER EL BURGO DE EBRO,Spain,6(b),41.546601,-0.678377,626000.0,2024,id_direct
FR.CAED/7624.FACILITY,KEM ONE,France,4(a)(vi),43.45583,4.93172,116000.0,2024,id_direct
IT.CAED/441221002.FACILITY,YARA ITALIA SPA - STABILIMENTO DI FERRARA,Italy,4(b),44.856,11.5921,461483.0,2024,id_direct
ES.CAED/001482000.FACILITY,REFINERÍA LA RÁBIDA,Spain,1(a),37.184329,-6.894507,1460000.0,2024,id_direct
FR.CAED/3437.FACILITY,CRISTAL UNION,France,8(b)(ii),49.35335,4.15622,217000.0,2024,id_direct
FR.CAED/7658.FACILITY,TOTALENERGIES RAFFINAGE FRANCE,France,1(a),43.38846,5.15267,217000.0,2024,id_direct
ES.CAED/003701000.FACILITY,"PETROLEOS DEL NORTE, PETRONOR, S.A. (PETRONOR)",Spain,1(a),43.325743,-3.110944,2120000.0,2024,id_direct
IT.CAED/850122001.FACILITY,CENTRO OLI TEMPA ROSSA,Italy,3(a),40.4101,16.0871,208173.0,2024,id_direct
IT.CAED/960101005.FACILITY,Raffineria ISAB Impianti NORD,Italy,1(a),37.1791,15.1825,467464.0,2024,id_direct
FR.CAED/12675.FACILITY,TEREOS FRANCE,France,8(b)(ii),48.08478,1.88246,111000.0,2024,id_direct
IT.CAED/850592002.FACILITY,Centro Olio Val d'Agri,Italy,3(a),40.3136,15.8972,626924.6964,2024,id_direct
FR.CAED/3814.FACILITY,TOTALENERGIES RAFFINAGE FRANCE,France,1(a),49.51034,0.22592,1795000.064,2024,id_direct
PL.MŚ/000000108.FACILITY,Grupa Azoty Zakłady Azotowe Kędzierzyn Spółka Akcyjna,Poland,4(c),50.303394317627,18.2594203948975,612000.0,2024,id_direct
ES.CAED/001528000.FACILITY,REPSOL PETROLEO S.A.,Spain,1(a),38.672,-4.0497,1300000.0,2024,id_direct
FR.CAED/10838.FACILITY,SUCRERIES DISTILLERIES HAUTS DE FRANCE,France,8(b)(ii),50.55963,2.49065,108000.0,2024,id_direct
FR.CAED/7615.FACILITY,NAPHTACHIMIE,France,4(a)(i),43.38438,5.01737,1423000.064,2024,id_direct
FR.CAED/6705.FACILITY,TOTALENERGIES MARKETING SERVICES,France,1(a),47.37229,-2.12805,755000.0,2024,id_direct
IT.CAED/600151001.FACILITY,api Raffineria di Ancona spa,Italy,1(a),43.6395,13.3813,505602.0,2024,id_direct
PL.MŚ/000000138.FACILITY,Arctic Paper Kostrzyn S.A.,Poland,6(b),52.5945816040039,14.6254749298096,109000.0,2024,id_direct
PL.MŚ/000000221.FACILITY,"Huta Cynku ""Miasteczko Śląskie"" S.A.",Poland,2(e),50.5025901794434,18.9307708740234,378000.0,2024,id_direct
ES.CAED/001526000.FACILITY,REPSOL COMPLEJO INDUSTRIAL A CORUÑA,Spain,1(a),43.353129,-8.446743,1010000.0,2024,id_direct
FR.CAED/5914.FACILITY,NOVACARB,France,4(b)(iv),48.6394,6.26553,332000.0,2024,id_direct
ES.CAED/001562000.FACILITY,REPSOL QUIMICA,Spain,4(a)(i),41.194305,1.226122,777000.0,2024,id_direct
ES.CAED/002716000.FACILITY,DOW CHEMICAL IBERICA (DOW NORD),Spain,4(a)(viii),41.178667,1.220202,920000.0,2024,id_direct
FR.CAED/9415.FACILITY,ROQUETTE FRERES,France,8(b)(ii),48.85849,8.08496,157000.0,2024,id_direct
ES.CAED/002761000.FACILITY,SAICA 1,Spain,6(b),41.670085,-0.871259,207000.0,2024,id_direct
IT.CAED/090181001.FACILITY,Sarlux srl,Italy,1(a),39.0971,9.0113,5931322.8616,2024,id_direct
FR.CAED/6144.FACILITY,NORSKE SKOG GOLBEY,France,6(b),48.20944,6.42027,202000.0,2024,id_direct
EL.CAED/100048.FACILITY,METLEN ENERGY & METALS S.A. - ALOUMINIUM OF GREECE,Greece,2(e),38.36083,22.69167,1190000.0,2024,id_direct
FR.CAED/5422.FACILITY,TOTALENERGIES RAFFINAGE FRANCE,France,1(a),45.67743,4.86113,1070000.0,2024,id_direct
IT.CAED/280691001.FACILITY,RAFFINERIA SARPOM DI TRECATE,Italy,1(a),45.4372,8.7858,957567.804,2024,id_direct
IT.CAED/960101006.FACILITY,SASOL ITALY ENERGIA SRL,Italy,4(a),37.2191,15.1752,222255.0,2024,id_direct
FR.CAED/788.FACILITY,RAYONIER A.M. TARTAS,France,6(a),43.83137,-0.82634,432000.0,2024,id_direct
PL.MŚ/000000068.FACILITY,Holcim Polska S.A.; ODDZIAŁ W BIELAWACH,Poland,3(c),52.8368148803711,17.9895725250244,1020000.0,2024,id_direct
ES.CAED/000704000.FACILITY,"BP ENERGÍA ESPAÑA, S.A.",Spain,1(a),39.976742,0.014574,1210000.0,2024,id_direct
PL.MŚ/000000197.FACILITY,ANWIL S.A.,Poland,4(c),52.7022247314453,18.9658336639404,829000.0,2024,id_direct
FR.CAED/7656.FACILITY,ARCELORMITTAL MEDITERRANEE,France,2(b),43.46551,4.93663,3732999.936,2024,id_direct
FR.CAED/9517.FACILITY,TEREOS STARCH & SWEETENERS EUROPE,France,8(b)(ii),48.1668,7.59363,156000.0,2024,id_direct
PL.MŚ/000000278.FACILITY,"Huta Miedzi ""Legnica""",Poland,2(e),51.1823844909668,16.1176204681396,231000.0,2024,id_direct
FR.CAED/11135.FACILITY,ROQUETTE FRERES,France,8(b)(ii),50.63404,2.67593,501000.0,2024,id_direct
PL.MŚ/000000212.FACILITY,Kronospan Mielec Sp. z o.o.,Poland,6(b),50.307014465332,21.470874786377,266000.0,2024,id_direct
FR.CAED/7646.FACILITY,RHONE ENERGIES FOS-SUR-MER SAS,France,1(a),43.44832,4.93111,626000.0,2024,id_direct
FR.CAED/6155.FACILITY,EGGER PANNEAUX ET DECORS,France,6(b),48.33671,6.65654,199000.0,2024,id_direct
FR.CAED/1260.FACILITY,STE BEARNAISE DE GESTION INDUSTRIELLE,France,1(b),43.41473,-0.61294,157000.0,2024,id_direct
FR.CAED/791.FACILITY,LES DERIVES RESINIQUES ET TERPENIQUES,France,4(a)(ii),43.94703,-1.29872,136000.0,2024,id_direct
PL.MŚ/000000136.FACILITY,"Celsa ""Huta Ostrowiec"" Sp.o.o.",Poland,2(b),50.9482231140137,21.4450912475586,120000.0,2024,id_direct
ES.CAED/003378000.FACILITY,CEASA ENCE- FÁBRICA DE NAVIA,Spain,6(a),43.54111,-6.72114,1330000.0,2024,id_direct
FR.CAED/7588.FACILITY,FIBRE EXCELLENCE PROVENCE,France,6(a),43.7932,4.66201,492000.0,2024,id_direct
EE.KAUR.TTR/88.FACILITY,"Horizon Tselluloosi ja Paberi AS, Kehra paberivabrik",Estonia,6(b),59.3405854971,25.3401582309,7090.0,2024,id_direct
FR.CAED/9964.FACILITY,SOC D'EXPLOITATION THERMIQUE DU MIRAIL,France,5(b),43.55826,1.39858,173000.0,2024,id_direct
FR.CAED/10011.FACILITY,FIBRE EXCELLENCE SAINT-GAUDENS SAS,France,6(a),43.09995,0.72184,763000.0,2024,id_direct
IT.CAED/330282002.FACILITY,Stabilimento di Tolmezzo,Italy,6(b),46.3939,13.0169,107120.2996,2024,id_direct
FR.CAED/662.FACILITY,SMURFIT WESTROCK CELLULOSE DU PIN,France,6(a),44.62884,-0.97612,636000.0,2024,id_direct
FR.CAED/3936.FACILITY,LAT NITROGEN FRANCE,France,4(b)(ii),49.42375,1.03674,630000.0,2024,id_direct
PL.MŚ/000000053.FACILITY,Grupa Ożarów S.A.,Poland,3(c),50.9304275512695,21.6765041351318,1810000.0,2024,id_direct
FR.CAED/5938.FACILITY,SAINT-GOBAIN PAM CANALISATION,France,2(b),48.89672,6.05187,264000.0,2024,id_direct
ES.CAED/001619000.FACILITY,FÁBRICA DE PALOS DE LA FRONTERA (CEPSA QUÍMICA),Spain,4(a)(i),37.18396,-6.889568,190000.0,2024,id_direct
PL.MŚ/000000273.FACILITY,Euroglas Polska Sp. z o.o.,Poland,3(e),51.6197776794434,19.9349212646484,274000.0,2024,id_direct
ES.CAED/001960000.FACILITY,"DS SMITH SPAIN, S.A.",Spain,6(b),41.84,-4.559444,151000.0,2024,id_direct
FR.CAED/44.FACILITY,SOLVAY FRANCE,France,4(a)(vi),47.03851,5.41265,303000.0,2024,id_direct
FR.CAED/3839.FACILITY,TOTALENERGIES PETROCHEMICALS FRANCE,France,4(a)(i),49.50488,0.20609,855000.0,2024,id_direct
PL.MŚ/000000058.FACILITY,ArcelorMittal Poland S.A. Oddział Dąbrowa Górnicza,Poland,2(b),50.3461112976074,19.28444480896,3950000.0,2024,id_direct
IT.CAED/980571001.FACILITY,Raffineria di Milazzo S.C.p.A.,Italy,1(a),38.2027,15.2723,2150831.0,2024,id_direct
IT.CAED/930121001.FACILITY,Bioraffineria di Gela S.p.A  (ex RAFFINERIA di Gela SpA),Italy,4(a),37.0554,14.2772,187669.0,2024,id_direct
EL.CAED/100058.FACILITY,HELLENIC PETROLEUM R.S.S.O.P.P. S.A. –SOUTH REFINERIES COMPLEX – ELEFSIS INDUSTRIAL FACILITIES,Greece,1(a),38.04222,23.51083,2100000.0,2024,id_direct
IT.CAED/301751001.FACILITY,Raffineria di Venezia,Italy,4(a),45.4594,12.2667,297508.0,2024,id_direct
FR.CAED/759.FACILITY,GASCOGNE PAPIER,France,6(a),44.20724,-1.2716,404000.0,2024,id_direct
IT.CAED/030392001.FACILITY,Stabilimento di Sora (FR),Italy,6(b),41.6994,13.5869,103883.93,2024,id_direct
FR.CAED/146.FACILITY,SAICA PAPER FRANCE,France,6(a),49.36547,3.41373,143000.0,2024,id_direct
ES.CAED/001529000.FACILITY,"REPSOL PETRÓLEO, S.A. - C.I. CARTAGENA",Spain,1(a),37.622214,-0.982184,2520000.0,2024,id_direct
FR.CAED/7626.FACILITY,LYONDELL CHIMIE FRANCE,France,4(a)(ii),43.42011,4.8602,224000.0,2024,id_direct
FR.CAED/4151.FACILITY,TEREOS STARCH & SWEETENERS LBN,France,4(a)(ii),49.48913,0.52521,190000.0,2024,id_direct
EL.CAED/100062.FACILITY,HELLENIC PETROLEUM R.S.S.O.P.P. S.A. - THESSALONIKI INDUSTRIAL COMPLEX,Greece,1(a),40.67952,22.87819,300000.0,2024,id_direct
EL.CAED/100053.FACILITY,HELLENIC PETROLEUM R.S.S.O.P.P. S.A. - INDUSTRIAL DIVISION OF ASPROPYRGOS,Greece,1(a),38.03236,23.60276,1440000.0,2024,id_direct
IT.CAED/030402001.FACILITY,Unità Locale 3 - Impianto di Termovalorizzazione rifiuti non pericolosi.,Italy,5(b),41.4375,13.8971,395684.4931,2024,id_direct
FR.CAED/3829.FACILITY,YARA FRANCE,France,4(b)(i),49.50521,0.20993,614000.0,2024,id_direct
IT.CAED/570162008.FACILITY,SOLVAY CHIMICA ITALIA S.P.A. ROSIGNANO,Italy,4(b),43.4089,10.4739,257475.0,2024,id_direct
PL.MŚ/000000072.FACILITY,International Paper - Kwidzyn Sp. z o.o.,Poland,6(b),53.6997413635254,18.9216861724854,361000.0,2024,id_direct
FR.CAED/9481.FACILITY,ALSACHIMIE,France,4(a)(ii),47.8265,7.54591,186000.0,2024,id_direct
FR.CAED/9469.FACILITY,BUTACHIMIE,France,4(a)(iv),47.81907,7.53852,227000.0,2024,id_direct
IT.CAED/240442002.FACILITY,Tenaris Dalmine - Stabilimento di Dalmine,Italy,2(b),45.6425,9.5969,387626.894,2024,id_direct
IT.CAED/960101007.FACILITY,Versalis S.p.A.,Italy,4(a),37.167,15.1973,733437.5,2024,id_direct
PL.MŚ/000000023.FACILITY,LOTOS ASfalt Sp. z o.o.,Poland,1(a),54.3499298095703,18.7296676635742,2040000.0,2024,id_direct
FR.CAED/6088.FACILITY,ARKEMA FRANCE,France,4(a)(ii),49.1401,6.70733,141000.0,2024,id_direct
FR.CAED/8363.FACILITY,ENORIS,France,5(b),48.71938,2.27887,131000.0,2024,id_direct
FR.CAED/7874.FACILITY,PETROINEOS MANUFACTURING FRANCE SAS,France,1(a),43.38403,5.02829,1275000.064,2024,id_direct
FR.CAED/9451.FACILITY,LAT NITROGEN OTTMARSHEIM,France,4(c),47.79004,7.51929,303000.0,2024,id_direct
IT.CAED/051002003.FACILITY,ACEA AMBIENTE Srl UL1_Impianto di Termovalorizzazione,Italy,5(b),42.5806,12.6615,111497.4,2024,id_direct
PL.MŚ/000000309.FACILITY,SAINT-GOBAIN INNOVATIVE MATERIALS POLSKA SPÓŁKA Z O.O. ODDZIAŁ GLASS,Poland,3(e),50.3058013916016,19.3013935089111,188000.0,2024,id_direct
PL.MŚ/000000021.FACILITY,KOKSOWNIA RADLIN,Poland,1(d),50.0377769470215,18.4866676330566,215000.0,2024,id_direct
IT.CAED/960111001.FACILITY,Sonatrach Raffineria Italiana-Raffineria di Augusta,Italy,1(a),37.2216,15.1905,2082063.4743,2024,id_direct
FR.CAED/3572.FACILITY,CRISTAL UNION,France,8(b)(ii),48.53275,4.11393,139000.0,2024,id_direct
PL.MŚ/000000067.FACILITY,"CEMENTOWNIA ""WARTA"" SPÓŁKA AKCYJNA",Poland,3(c),51.1030540466309,18.9263877868652,1550000.0,2024,id_direct
IT.CAED/100752001.FACILITY,Ahlstrom-Munksjö Italia S.p.A.,Italy,6(b),45.2533,7.5397,134557.0,2024,id_direct
FR.CAED/82.FACILITY,TEREOS FRANCE,France,8(b)(ii),49.39409,3.37064,111000.0,2024,id_direct
FR.CAED/132.FACILITY,TEREOS FRANCE,France,8(b)(ii),49.83966,3.48056,400000.0,2024,id_direct
FR.CAED/3834.FACILITY,ESSO RAFFINAGE,France,1(a),49.48838,0.56521,1752000.0,2024,id_direct
PL.MŚ/000000063.FACILITY,LAFARGE CEMENT S.A,Poland,3(c),50.8286399841309,20.2727031707764,863000.0,2024,id_direct
IT.CAED/270391001.FACILITY,RAFFINERIA DI SANNAZZARO DE' BURGONDI,Italy,1(a),45.0997,8.8768,1360641.63,2024,id_direct
FR.CAED/3833.FACILITY,EXXONMOBIL CHEMICAL FRANCE,France,4(a)(i),49.48838,0.56521,413000.0,2024,id_direct
ES.CAED/001998000.FACILITY,ALUMINA ESPAÑOLA S.A.,Spain,4(b)(v),43.697515,-7.454929,399000.0,2024,id_direct
FR.CAED/6359.FACILITY,INEOS POLYMERS SARRALBE SAS,France,4(a)(viii),49.0053,7.03121,123000.0,2024,id_direct
PL.MŚ/000000109.FACILITY,Trzuskawica Spółka Akcyjna Zakład Kujawy,Poland,3(c),52.8271408081055,18.0081462860107,177000.0,2024,id_direct
FR.CAED/10727.FACILITY,TEREOS FRANCE,France,8(b)(ii),50.20943,2.76763,106000.0,2024,id_direct
PL.MŚ/000000062.FACILITY,"Cementownia ""Odra"" S.A.",Poland,3(c),50.6806411743164,17.9139156341553,291000.0,2024,id_direct
FR.CAED/4602.FACILITY,SYLVAMO FRANCE SA,France,6(b),45.86907,0.82809,897000.0,2024,id_direct
FR.CAED/5125.FACILITY,SAICA PAPER FRANCE,France,6(a),45.21534,4.81297,234000.0,2024,id_direct
PL.MŚ/000000190.FACILITY,CEMEX Polska Sp. z o.o. - Zakład Cementownia Rudniki,Poland,3(c),50.8750915527344,19.2573299407959,305000.0,2024,id_direct
EL.CAED/100066.FACILITY,MOTOR OIL HELLLAS-CORINTH REFINERIES S.A.,Greece,1(a),37.91778,23.07361,2088000.0,2024,id_direct
FR.CAED/3466.FACILITY,TEREOS FRANCE,France,8(b)(ii),48.7222,3.92123,114000.0,2024,id_direct
PL.MŚ/000000215.FACILITY,CEMEX Polska Sp. z o.o - Zakład Cementownia Chełm,Poland,3(c),51.1371726989746,23.5443572998047,861000.0,2024,id_direct
IT.CAED/201532001.FACILITY,Impianto di termovalorizzazione Silla 2,Italy,5(b),45.5042,9.0706,296456.77119999996,2024,id_direct
FR.CAED/5900.FACILITY,SOLVAY OPERATIONS FRANCE,France,4(b)(iv),48.6196,6.35778,452000.0,2024,id_direct
