geo,year,prev_price_EUR_MWh,price_EUR_MWh,pct_change,energy_type,flag
AT,2022,125.3,170.15,0.3579,electricity,[PRICE_OUTLIER_CHECK_REQUIRED]
AT,2023,170.15,253.4,0.4893,electricity,[PRICE_OUTLIER_CHECK_REQUIRED]
AT,2024,253.4,199.65,0.2121,electricity,[PRICE_OUTLIER_CHECK_REQUIRED]
BA,2025,95.4,111.35,0.1672,electricity,[PRICE_OUTLIER_CHECK_REQUIRED]
BE,2022,132.85,215.5,0.6221,electricity,[PRICE_OUTLIER_CHECK_REQUIRED]
BE,2024,221.65,179.75,0.189,electricity,[PRICE_OUTLIER_CHECK_REQUIRED]
BG,2016,73.7,89.5,0.2144,electricity,[PRICE_OUTLIER_CHECK_REQUIRED]
BG,2021,82.95,126.3,0.5226,electricity,[PRICE_OUTLIER_CHECK_REQUIRED]
BG,2022,126.3,176.5,0.3975,electricity,[PRICE_OUTLIER_CHECK_REQUIRED]
BG,2023,176.5,142.7,0.1915,electricity,[PRICE_OUTLIER_CHECK_REQUIRED]
CY,2008,139.1,161.7,0.1625,electricity,[PRICE_OUTLIER_CHECK_REQUIRED]
CY,2009,161.7,134.0,0.1713,electricity,[PRICE_OUTLIER_CHECK_REQUIRED]
CY,2010,134.0,161.75,0.2071,electricity,[PRICE_OUTLIER_CHECK_REQUIRED]
CY,2011,161.75,189.15,0.1694,electricity,[PRICE_OUTLIER_CHECK_REQUIRED]
CY,2012,189.15,229.05,0.2109,electricity,[PRICE_OUTLIER_CHECK_REQUIRED]
CY,2015,182.55,140.25,0.2317,electricity,[PRICE_OUTLIER_CHECK_REQUIRED]
CY,2016,140.25,117.15,0.1647,electricity,[PRICE_OUTLIER_CHECK_REQUIRED]
CY,2017,117.15,140.3,0.1976,electricity,[PRICE_OUTLIER_CHECK_REQUIRED]
CY,2020,170.95,140.6,0.1775,electricity,[PRICE_OUTLIER_CHECK_REQUIRED]
CY,2021,140.6,173.05,0.2308,electricity,[PRICE_OUTLIER_CHECK_REQUIRED]
CY,2022,173.05,281.65,0.6276,electricity,[PRICE_OUTLIER_CHECK_REQUIRED]
CZ,2008,94.6,111.4,0.1776,electricity,[PRICE_OUTLIER_CHECK_REQUIRED]
CZ,2014,100.65,82.4,0.1813,electricity,[PRICE_OUTLIER_CHECK_REQUIRED]
CZ,2022,89.4,170.65,0.9088,electricity,[PRICE_OUTLIER_CHECK_REQUIRED]
DK,2021,64.9,98.05,0.5108,electricity,[PRICE_OUTLIER_CHECK_REQUIRED]
DK,2022,98.05,194.35,0.9822,electricity,[PRICE_OUTLIER_CHECK_REQUIRED]
DK,2023,194.35,125.45,0.3545,electricity,[PRICE_OUTLIER_CHECK_REQUIRED]
EE,2013,80.1,97.2,0.2135,electricity,[PRICE_OUTLIER_CHECK_REQUIRED]
EE,2021,84.8,124.15,0.464,electricity,[PRICE_OUTLIER_CHECK_REQUIRED]
EE,2022,124.15,210.55,0.6959,electricity,[PRICE_OUTLIER_CHECK_REQUIRED]
EE,2023,210.55,156.85,0.255,electricity,[PRICE_OUTLIER_CHECK_REQUIRED]
EL,2021,106.75,170.6,0.5981,electricity,[PRICE_OUTLIER_CHECK_REQUIRED]
EL,2022,170.6,238.35,0.3971,electricity,[PRICE_OUTLIER_CHECK_REQUIRED]
EL,2023,238.35,186.7,0.2167,electricity,[PRICE_OUTLIER_CHECK_REQUIRED]
ES,2022,126.65,204.05,0.6111,electricity,[PRICE_OUTLIER_CHECK_REQUIRED]
ES,2023,204.05,156.65,0.2323,electricity,[PRICE_OUTLIER_CHECK_REQUIRED]
FI,2022,73.8,97.9,0.3266,electricity,[PRICE_OUTLIER_CHECK_REQUIRED]
FR,2022,103.75,127.0,0.2241,electricity,[PRICE_OUTLIER_CHECK_REQUIRED]
FR,2023,127.0,233.1,0.8354,electricity,[PRICE_OUTLIER_CHECK_REQUIRED]
FR,2024,233.1,179.35,0.2306,electricity,[PRICE_OUTLIER_CHECK_REQUIRED]
GE,2021,47.0,68.5,0.4574,electricity,[PRICE_OUTLIER_CHECK_REQUIRED]
GE,2022,68.5,95.1,0.3883,electricity,[PRICE_OUTLIER_CHECK_REQUIRED]
HR,2008,70.2,85.15,0.213,electricity,[PRICE_OUTLIER_CHECK_REQUIRED]
HR,2022,108.35,197.25,0.8205,electricity,[PRICE_OUTLIER_CHECK_REQUIRED]
HR,2023,197.25,262.85,0.3326,electricity,[PRICE_OUTLIER_CHECK_REQUIRED]
HR,2024,262.85,190.75,0.2743,electricity,[PRICE_OUTLIER_CHECK_REQUIRED]
HU,2010,126.9,105.65,0.1675,electricity,[PRICE_OUTLIER_CHECK_REQUIRED]
HU,2019,83.1,96.2,0.1576,electricity,[PRICE_OUTLIER_CHECK_REQUIRED]
HU,2022,97.65,195.05,0.9974,electricity,[PRICE_OUTLIER_CHECK_REQUIRED]
HU,2023,195.05,288.5,0.4791,electricity,[PRICE_OUTLIER_CHECK_REQUIRED]
HU,2024,288.5,228.1,0.2094,electricity,[PRICE_OUTLIER_CHECK_REQUIRED]
IE,2021,133.1,169.6,0.2742,electricity,[PRICE_OUTLIER_CHECK_REQUIRED]
IE,2022,169.6,252.6,0.4894,electricity,[PRICE_OUTLIER_CHECK_REQUIRED]
IS,2018,79.5,58.45,0.2648,electricity,[PRICE_OUTLIER_CHECK_REQUIRED]
IS,2020,58.0,72.65,0.2526,electricity,[PRICE_OUTLIER_CHECK_REQUIRED]
IS,2022,62.8,77.8,0.2389,electricity,[PRICE_OUTLIER_CHECK_REQUIRED]
IS,2024,79.35,91.5,0.1531,electricity,[PRICE_OUTLIER_CHECK_REQUIRED]
IT,2022,171.85,294.85,0.7157,electricity,[PRICE_OUTLIER_CHECK_REQUIRED]
IT,2023,294.85,236.35,0.1984,electricity,[PRICE_OUTLIER_CHECK_REQUIRED]
LI,2015,139.15,162.15,0.1653,electricity,[PRICE_OUTLIER_CHECK_REQUIRED]
LI,2017,147.1,103.45,0.2967,electricity,[PRICE_OUTLIER_CHECK_REQUIRED]
LI,2022,105.85,148.15,0.3996,electricity,[PRICE_OUTLIER_CHECK_REQUIRED]
LI,2023,148.15,289.75,0.9558,electricity,[PRICE_OUTLIER_CHECK_REQUIRED]
LI,2024,289.75,197.05,0.3199,electricity,[PRICE_OUTLIER_CHECK_REQUIRED]
LT,2010,85.7,102.05,0.1908,electricity,[PRICE_OUTLIER_CHECK_REQUIRED]
LT,2015,116.95,99.3,0.1509,electricity,[PRICE_OUTLIER_CHECK_REQUIRED]
LT,2021,98.45,122.1,0.2402,electricity,[PRICE_OUTLIER_CHECK_REQUIRED]
LT,2022,122.1,255.0,1.0885,electricity,[PRICE_OUTLIER_CHECK_REQUIRED]
LT,2023,255.0,164.35,0.3555,electricity,[PRICE_OUTLIER_CHECK_REQUIRED]
LU,2009,97.75,115.75,0.1841,electricity,[PRICE_OUTLIER_CHECK_REQUIRED]
LU,2022,96.4,140.3,0.4554,electricity,[PRICE_OUTLIER_CHECK_REQUIRED]
LU,2023,140.3,241.35,0.7202,electricity,[PRICE_OUTLIER_CHECK_REQUIRED]
LU,2024,241.35,204.4,0.1531,electricity,[PRICE_OUTLIER_CHECK_REQUIRED]
LV,2008,59.5,72.85,0.2244,electricity,[PRICE_OUTLIER_CHECK_REQUIRED]
LV,2009,72.85,89.45,0.2279,electricity,[PRICE_OUTLIER_CHECK_REQUIRED]
LV,2011,89.85,104.25,0.1603,electricity,[PRICE_OUTLIER_CHECK_REQUIRED]
LV,2022,118.15,170.35,0.4418,electricity,[PRICE_OUTLIER_CHECK_REQUIRED]
MD,2021,75.65,63.65,0.1586,electricity,[PRICE_OUTLIER_CHECK_REQUIRED]
MD,2022,63.65,112.8,0.7722,electricity,[PRICE_OUTLIER_CHECK_REQUIRED]
MD,2024,128.15,98.2,0.2337,electricity,[PRICE_OUTLIER_CHECK_REQUIRED]
MD,2025,98.2,163.9,0.669,electricity,[PRICE_OUTLIER_CHECK_REQUIRED]
MK,2016,82.35,67.0,0.1864,electricity,[PRICE_OUTLIER_CHECK_REQUIRED]
MK,2017,67.0,54.25,0.1903,electricity,[PRICE_OUTLIER_CHECK_REQUIRED]
MK,2018,54.25,64.95,0.1972,electricity,[PRICE_OUTLIER_CHECK_REQUIRED]
MK,2021,76.7,98.85,0.2888,electricity,[PRICE_OUTLIER_CHECK_REQUIRED]
MK,2022,98.85,245.0,1.4785,electricity,[PRICE_OUTLIER_CHECK_REQUIRED]
MK,2023,245.0,142.9,0.4167,electricity,[PRICE_OUTLIER_CHECK_REQUIRED]
MT,2008,122.1,142.0,0.163,electricity,[PRICE_OUTLIER_CHECK_REQUIRED]
MT,2010,139.85,176.5,0.2621,electricity,[PRICE_OUTLIER_CHECK_REQUIRED]
MT,2015,177.5,150.2,0.1538,electricity,[PRICE_OUTLIER_CHECK_REQUIRED]
NL,2022,124.05,181.7,0.4647,electricity,[PRICE_OUTLIER_CHECK_REQUIRED]
NL,2023,181.7,231.25,0.2727,electricity,[PRICE_OUTLIER_CHECK_REQUIRED]
NO,2010,79.25,98.4,0.2416,electricity,[PRICE_OUTLIER_CHECK_REQUIRED]
NO,2018,70.7,82.5,0.1669,electricity,[PRICE_OUTLIER_CHECK_REQUIRED]
NO,2020,79.4,49.55,0.3759,electricity,[PRICE_OUTLIER_CHECK_REQUIRED]
NO,2021,49.55,100.55,1.0293,electricity,[PRICE_OUTLIER_CHECK_REQUIRED]
NO,2022,100.55,179.85,0.7887,electricity,[PRICE_OUTLIER_CHECK_REQUIRED]
NO,2023,179.85,98.1,0.4545,electricity,[PRICE_OUTLIER_CHECK_REQUIRED]
NO,2024,98.1,78.0,0.2049,electricity,[PRICE_OUTLIER_CHECK_REQUIRED]
PL,2020,91.55,108.15,0.1813,electricity,[PRICE_OUTLIER_CHECK_REQUIRED]
PL,2022,109.8,162.85,0.4832,electricity,[PRICE_OUTLIER_CHECK_REQUIRED]
PL,2023,162.85,212.6,0.3055,electricity,[PRICE_OUTLIER_CHECK_REQUIRED]
PT,2023,128.05,105.75,0.1742,electricity,[PRICE_OUTLIER_CHECK_REQUIRED]
PT,2024,105.75,124.05,0.173,electricity,[PRICE_OUTLIER_CHECK_REQUIRED]
RO,2019,84.85,99.3,0.1703,electricity,[PRICE_OUTLIER_CHECK_REQUIRED]
RO,2022,114.25,296.0,1.5908,electricity,[PRICE_OUTLIER_CHECK_REQUIRED]
RO,2023,296.0,174.95,0.409,electricity,[PRICE_OUTLIER_CHECK_REQUIRED]
RS,2017,57.0,69.5,0.2193,electricity,[PRICE_OUTLIER_CHECK_REQUIRED]
RS,2019,71.15,82.3,0.1567,electricity,[PRICE_OUTLIER_CHECK_REQUIRED]
RS,2022,83.4,106.8,0.2806,electricity,[PRICE_OUTLIER_CHECK_REQUIRED]
RS,2023,106.8,143.8,0.3464,electricity,[PRICE_OUTLIER_CHECK_REQUIRED]
SE,2010,67.8,82.3,0.2139,electricity,[PRICE_OUTLIER_CHECK_REQUIRED]
SE,2021,63.15,84.65,0.3405,electricity,[PRICE_OUTLIER_CHECK_REQUIRED]
SE,2022,84.65,132.3,0.5629,electricity,[PRICE_OUTLIER_CHECK_REQUIRED]
SE,2023,132.3,98.5,0.2555,electricity,[PRICE_OUTLIER_CHECK_REQUIRED]
SI,2022,95.95,177.65,0.8515,electricity,[PRICE_OUTLIER_CHECK_REQUIRED]
SI,2023,177.65,213.0,0.199,electricity,[PRICE_OUTLIER_CHECK_REQUIRED]
SI,2024,213.0,176.35,0.1721,electricity,[PRICE_OUTLIER_CHECK_REQUIRED]
SK,2008,104.8,124.3,0.1861,electricity,[PRICE_OUTLIER_CHECK_REQUIRED]
SK,2010,141.3,118.6,0.1607,electricity,[PRICE_OUTLIER_CHECK_REQUIRED]
SK,2022,131.0,229.45,0.7515,electricity,[PRICE_OUTLIER_CHECK_REQUIRED]
SK,2024,250.85,197.2,0.2139,electricity,[PRICE_OUTLIER_CHECK_REQUIRED]
TR,2008,66.0,76.8,0.1636,electricity,[PRICE_OUTLIER_CHECK_REQUIRED]
TR,2010,78.45,90.4,0.1523,electricity,[PRICE_OUTLIER_CHECK_REQUIRED]
TR,2012,77.05,90.9,0.1798,electricity,[PRICE_OUTLIER_CHECK_REQUIRED]
TR,2017,73.45,61.75,0.1593,electricity,[PRICE_OUTLIER_CHECK_REQUIRED]
TR,2019,60.5,78.8,0.3025,electricity,[PRICE_OUTLIER_CHECK_REQUIRED]
TR,2022,69.85,156.5,1.2405,electricity,[PRICE_OUTLIER_CHECK_REQUIRED]
TR,2023,156.5,119.8,0.2345,electricity,[PRICE_OUTLIER_CHECK_REQUIRED]
TR,2024,119.8,93.85,0.2166,electricity,[PRICE_OUTLIER_CHECK_REQUIRED]
UA,2020,68.25,57.65,0.1553,electricity,[PRICE_OUTLIER_CHECK_REQUIRED]
UK,2012,101.3,116.8,0.153,electricity,[PRICE_OUTLIER_CHECK_REQUIRED]
AT,2012,39.79,48.17,0.2106,gas,[PRICE_OUTLIER_CHECK_REQUIRED]
AT,2021,33.46,43.73,0.3069,gas,[PRICE_OUTLIER_CHECK_REQUIRED]
AT,2022,43.73,82.35,0.8831,gas,[PRICE_OUTLIER_CHECK_REQUIRED]
AT,2024,77.52,63.59,0.1797,gas,[PRICE_OUTLIER_CHECK_REQUIRED]
AT,2025,63.59,74.13,0.1657,gas,[PRICE_OUTLIER_CHECK_REQUIRED]
BA,2016,59.04,44.61,0.2444,gas,[PRICE_OUTLIER_CHECK_REQUIRED]
BA,2022,41.12,60.54,0.4723,gas,[PRICE_OUTLIER_CHECK_REQUIRED]
BE,2008,31.3,39.79,0.2712,gas,[PRICE_OUTLIER_CHECK_REQUIRED]
BE,2014,41.12,33.74,0.1795,gas,[PRICE_OUTLIER_CHECK_REQUIRED]
BE,2021,23.08,31.13,0.3488,gas,[PRICE_OUTLIER_CHECK_REQUIRED]
BE,2022,31.13,62.37,1.0035,gas,[PRICE_OUTLIER_CHECK_REQUIRED]
BE,2024,64.53,54.38,0.1573,gas,[PRICE_OUTLIER_CHECK_REQUIRED]
BG,2008,20.09,26.25,0.3066,gas,[PRICE_OUTLIER_CHECK_REQUIRED]
BG,2012,33.57,42.17,0.2562,gas,[PRICE_OUTLIER_CHECK_REQUIRED]
BG,2016,32.74,23.42,0.2847,gas,[PRICE_OUTLIER_CHECK_REQUIRED]
BG,2018,26.14,30.24,0.1568,gas,[PRICE_OUTLIER_CHECK_REQUIRED]
BG,2020,32.57,24.03,0.2622,gas,[PRICE_OUTLIER_CHECK_REQUIRED]
BG,2021,24.03,41.95,0.7457,gas,[PRICE_OUTLIER_CHECK_REQUIRED]
BG,2022,41.95,98.88,1.3571,gas,[PRICE_OUTLIER_CHECK_REQUIRED]
BG,2023,98.88,61.76,0.3754,gas,[PRICE_OUTLIER_CHECK_REQUIRED]
BG,2024,61.76,47.11,0.2372,gas,[PRICE_OUTLIER_CHECK_REQUIRED]
CZ,2008,27.19,39.56,0.4549,gas,[PRICE_OUTLIER_CHECK_REQUIRED]
CZ,2022,32.13,83.35,1.5941,gas,[PRICE_OUTLIER_CHECK_REQUIRED]
DE,2008,43.06,52.33,0.2153,gas,[PRICE_OUTLIER_CHECK_REQUIRED]
DE,2009,52.33,43.12,0.176,gas,[PRICE_OUTLIER_CHECK_REQUIRED]
DE,2013,42.06,53.1,0.2625,gas,[PRICE_OUTLIER_CHECK_REQUIRED]
DE,2021,32.07,38.73,0.2077,gas,[PRICE_OUTLIER_CHECK_REQUIRED]
DE,2022,38.73,63.59,0.6419,gas,[PRICE_OUTLIER_CHECK_REQUIRED]
DE,2023,63.59,86.01,0.3526,gas,[PRICE_OUTLIER_CHECK_REQUIRED]
DK,2008,31.07,36.29,0.168,gas,[PRICE_OUTLIER_CHECK_REQUIRED]
DK,2009,36.29,29.8,0.1788,gas,[PRICE_OUTLIER_CHECK_REQUIRED]
DK,2010,29.8,39.79,0.3352,gas,[PRICE_OUTLIER_CHECK_REQUIRED]
DK,2011,39.79,46.33,0.1644,gas,[PRICE_OUTLIER_CHECK_REQUIRED]
DK,2014,49.72,41.34,0.1685,gas,[PRICE_OUTLIER_CHECK_REQUIRED]
DK,2016,42.12,35.18,0.1648,gas,[PRICE_OUTLIER_CHECK_REQUIRED]
DK,2019,42.01,35.46,0.1559,gas,[PRICE_OUTLIER_CHECK_REQUIRED]
DK,2021,30.91,62.76,1.0304,gas,[PRICE_OUTLIER_CHECK_REQUIRED]
DK,2022,62.76,135.4,1.1574,gas,[PRICE_OUTLIER_CHECK_REQUIRED]
DK,2023,135.4,69.53,0.4865,gas,[PRICE_OUTLIER_CHECK_REQUIRED]
DK,2025,64.09,74.63,0.1645,gas,[PRICE_OUTLIER_CHECK_REQUIRED]
EE,2008,20.09,31.41,0.5635,gas,[PRICE_OUTLIER_CHECK_REQUIRED]
EE,2012,32.63,40.29,0.2348,gas,[PRICE_OUTLIER_CHECK_REQUIRED]
EE,2016,35.01,26.47,0.2439,gas,[PRICE_OUTLIER_CHECK_REQUIRED]
EE,2017,26.47,30.69,0.1594,gas,[PRICE_OUTLIER_CHECK_REQUIRED]
EE,2020,37.51,30.02,0.1997,gas,[PRICE_OUTLIER_CHECK_REQUIRED]
EE,2021,30.02,54.77,0.8245,gas,[PRICE_OUTLIER_CHECK_REQUIRED]
EE,2022,54.77,130.62,1.3849,gas,[PRICE_OUTLIER_CHECK_REQUIRED]
EE,2023,130.62,77.8,0.4044,gas,[PRICE_OUTLIER_CHECK_REQUIRED]
EE,2024,77.8,62.32,0.199,gas,[PRICE_OUTLIER_CHECK_REQUIRED]
EL,2015,53.21,43.0,0.1919,gas,[PRICE_OUTLIER_CHECK_REQUIRED]
EL,2016,43.0,32.13,0.2528,gas,[PRICE_OUTLIER_CHECK_REQUIRED]
EL,2020,37.57,26.14,0.3042,gas,[PRICE_OUTLIER_CHECK_REQUIRED]
EL,2021,26.14,41.67,0.5941,gas,[PRICE_OUTLIER_CHECK_REQUIRED]
EL,2022,41.67,113.37,1.7207,gas,[PRICE_OUTLIER_CHECK_REQUIRED]
EL,2023,113.37,71.19,0.3721,gas,[PRICE_OUTLIER_CHECK_REQUIRED]
EL,2024,71.19,50.27,0.2939,gas,[PRICE_OUTLIER_CHECK_REQUIRED]
ES,2008,28.3,33.29,0.1763,gas,[PRICE_OUTLIER_CHECK_REQUIRED]
ES,2012,35.79,42.28,0.1813,gas,[PRICE_OUTLIER_CHECK_REQUIRED]
ES,2016,37.01,30.02,0.1889,gas,[PRICE_OUTLIER_CHECK_REQUIRED]
ES,2020,34.13,28.91,0.1529,gas,[PRICE_OUTLIER_CHECK_REQUIRED]
ES,2022,31.91,98.55,2.0884,gas,[PRICE_OUTLIER_CHECK_REQUIRED]
ES,2023,98.55,68.59,0.304,gas,[PRICE_OUTLIER_CHECK_REQUIRED]
ES,2024,68.59,52.72,0.2314,gas,[PRICE_OUTLIER_CHECK_REQUIRED]
FI,2008,26.25,34.35,0.3086,gas,[PRICE_OUTLIER_CHECK_REQUIRED]
FI,2011,35.01,48.72,0.3916,gas,[PRICE_OUTLIER_CHECK_REQUIRED]
FI,2017,47.39,55.21,0.165,gas,[PRICE_OUTLIER_CHECK_REQUIRED]
FI,2018,55.21,63.65,0.1529,gas,[PRICE_OUTLIER_CHECK_REQUIRED]
FI,2020,65.59,55.66,0.1514,gas,[PRICE_OUTLIER_CHECK_REQUIRED]
FI,2021,55.66,89.28,0.604,gas,[PRICE_OUTLIER_CHECK_REQUIRED]
FI,2022,89.28,176.74,0.9796,gas,[PRICE_OUTLIER_CHECK_REQUIRED]
FI,2023,176.74,118.8,0.3278,gas,[PRICE_OUTLIER_CHECK_REQUIRED]
FI,2024,118.8,98.0,0.1751,gas,[PRICE_OUTLIER_CHECK_REQUIRED]
FR,2008,33.96,40.12,0.1814,gas,[PRICE_OUTLIER_CHECK_REQUIRED]
FR,2021,38.23,47.0,0.2294,gas,[PRICE_OUTLIER_CHECK_REQUIRED]
FR,2022,47.0,74.75,0.5904,gas,[PRICE_OUTLIER_CHECK_REQUIRED]
FR,2023,74.75,88.95,0.19,gas,[PRICE_OUTLIER_CHECK_REQUIRED]
GE,2022,20.03,31.24,0.5597,gas,[PRICE_OUTLIER_CHECK_REQUIRED]
HR,2009,25.53,29.52,0.1563,gas,[PRICE_OUTLIER_CHECK_REQUIRED]
HR,2010,29.52,40.73,0.3797,gas,[PRICE_OUTLIER_CHECK_REQUIRED]
HR,2016,41.06,33.4,0.1866,gas,[PRICE_OUTLIER_CHECK_REQUIRED]
HR,2017,33.4,27.36,0.1808,gas,[PRICE_OUTLIER_CHECK_REQUIRED]
HR,2021,30.46,37.51,0.2315,gas,[PRICE_OUTLIER_CHECK_REQUIRED]
HR,2022,37.51,76.58,1.0416,gas,[PRICE_OUTLIER_CHECK_REQUIRED]
HR,2024,71.08,58.43,0.178,gas,[PRICE_OUTLIER_CHECK_REQUIRED]
HU,2008,34.29,42.78,0.2476,gas,[PRICE_OUTLIER_CHECK_REQUIRED]
HU,2012,41.51,50.11,0.2072,gas,[PRICE_OUTLIER_CHECK_REQUIRED]
HU,2016,39.12,32.85,0.1603,gas,[PRICE_OUTLIER_CHECK_REQUIRED]
HU,2021,27.02,38.07,0.409,gas,[PRICE_OUTLIER_CHECK_REQUIRED]
HU,2022,38.07,118.64,2.1164,gas,[PRICE_OUTLIER_CHECK_REQUIRED]
HU,2024,103.71,68.36,0.3409,gas,[PRICE_OUTLIER_CHECK_REQUIRED]
IE,2009,44.06,33.18,0.2469,gas,[PRICE_OUTLIER_CHECK_REQUIRED]
IE,2011,33.24,42.67,0.2837,gas,[PRICE_OUTLIER_CHECK_REQUIRED]
IE,2021,32.91,49.33,0.4989,gas,[PRICE_OUTLIER_CHECK_REQUIRED]
IE,2022,49.33,82.85,0.6795,gas,[PRICE_OUTLIER_CHECK_REQUIRED]
IT,2008,34.18,41.23,0.2063,gas,[PRICE_OUTLIER_CHECK_REQUIRED]
IT,2012,36.73,45.34,0.2344,gas,[PRICE_OUTLIER_CHECK_REQUIRED]
IT,2021,31.52,37.4,0.1865,gas,[PRICE_OUTLIER_CHECK_REQUIRED]
IT,2022,37.4,103.32,1.7626,gas,[PRICE_OUTLIER_CHECK_REQUIRED]
IT,2023,103.32,85.07,0.1766,gas,[PRICE_OUTLIER_CHECK_REQUIRED]
IT,2024,85.07,62.09,0.2701,gas,[PRICE_OUTLIER_CHECK_REQUIRED]
LI,2022,56.88,115.25,1.0262,gas,[PRICE_OUTLIER_CHECK_REQUIRED]
LI,2023,115.25,155.7,0.351,gas,[PRICE_OUTLIER_CHECK_REQUIRED]
LI,2024,155.7,117.53,0.2452,gas,[PRICE_OUTLIER_CHECK_REQUIRED]
LT,2008,26.97,41.78,0.5491,gas,[PRICE_OUTLIER_CHECK_REQUIRED]
LT,2009,41.78,32.52,0.2216,gas,[PRICE_OUTLIER_CHECK_REQUIRED]
LT,2011,36.57,43.34,0.1851,gas,[PRICE_OUTLIER_CHECK_REQUIRED]
LT,2012,43.34,50.5,0.1652,gas,[PRICE_OUTLIER_CHECK_REQUIRED]
LT,2015,43.73,27.63,0.3682,gas,[PRICE_OUTLIER_CHECK_REQUIRED]
LT,2018,32.02,39.56,0.2355,gas,[PRICE_OUTLIER_CHECK_REQUIRED]
LT,2019,39.56,33.4,0.1557,gas,[PRICE_OUTLIER_CHECK_REQUIRED]
LT,2020,33.4,23.69,0.2907,gas,[PRICE_OUTLIER_CHECK_REQUIRED]
LT,2021,23.69,55.71,1.3516,gas,[PRICE_OUTLIER_CHECK_REQUIRED]
LT,2022,55.71,125.68,1.256,gas,[PRICE_OUTLIER_CHECK_REQUIRED]
LT,2023,125.68,73.08,0.4185,gas,[PRICE_OUTLIER_CHECK_REQUIRED]
LT,2024,73.08,49.39,0.3242,gas,[PRICE_OUTLIER_CHECK_REQUIRED]
LT,2025,49.39,58.43,0.183,gas,[PRICE_OUTLIER_CHECK_REQUIRED]
LU,2008,34.85,43.62,0.2516,gas,[PRICE_OUTLIER_CHECK_REQUIRED]
LU,2011,43.89,50.94,0.1606,gas,[PRICE_OUTLIER_CHECK_REQUIRED]
LU,2021,32.57,43.17,0.3255,gas,[PRICE_OUTLIER_CHECK_REQUIRED]
LU,2022,43.17,106.21,1.4603,gas,[PRICE_OUTLIER_CHECK_REQUIRED]
LU,2024,115.81,79.46,0.3139,gas,[PRICE_OUTLIER_CHECK_REQUIRED]
LV,2008,30.74,37.79,0.2293,gas,[PRICE_OUTLIER_CHECK_REQUIRED]
LV,2012,34.74,42.62,0.2268,gas,[PRICE_OUTLIER_CHECK_REQUIRED]
LV,2016,35.57,28.58,0.1965,gas,[PRICE_OUTLIER_CHECK_REQUIRED]
LV,2020,32.85,26.02,0.2079,gas,[PRICE_OUTLIER_CHECK_REQUIRED]
LV,2021,26.02,37.9,0.4566,gas,[PRICE_OUTLIER_CHECK_REQUIRED]
LV,2022,37.9,119.19,2.1449,gas,[PRICE_OUTLIER_CHECK_REQUIRED]
LV,2023,119.19,91.39,0.2332,gas,[PRICE_OUTLIER_CHECK_REQUIRED]
LV,2024,91.39,60.15,0.3418,gas,[PRICE_OUTLIER_CHECK_REQUIRED]
MD,2022,28.91,105.6,2.6527,gas,[PRICE_OUTLIER_CHECK_REQUIRED]
MD,2023,105.6,123.02,0.165,gas,[PRICE_OUTLIER_CHECK_REQUIRED]
MD,2024,123.02,60.65,0.507,gas,[PRICE_OUTLIER_CHECK_REQUIRED]
MD,2025,60.65,72.8,0.2003,gas,[PRICE_OUTLIER_CHECK_REQUIRED]
MK,2012,44.0,53.33,0.212,gas,[PRICE_OUTLIER_CHECK_REQUIRED]
MK,2013,53.33,44.34,0.1686,gas,[PRICE_OUTLIER_CHECK_REQUIRED]
MK,2015,44.84,35.29,0.213,gas,[PRICE_OUTLIER_CHECK_REQUIRED]
MK,2016,35.29,25.47,0.2783,gas,[PRICE_OUTLIER_CHECK_REQUIRED]
MK,2020,35.51,27.08,0.2374,gas,[PRICE_OUTLIER_CHECK_REQUIRED]
MK,2022,30.24,123.85,3.0956,gas,[PRICE_OUTLIER_CHECK_REQUIRED]
MK,2023,123.85,68.75,0.4449,gas,[PRICE_OUTLIER_CHECK_REQUIRED]
MK,2024,68.75,53.27,0.2252,gas,[PRICE_OUTLIER_CHECK_REQUIRED]
NL,2021,37.96,48.28,0.2719,gas,[PRICE_OUTLIER_CHECK_REQUIRED]
NL,2022,48.28,80.85,0.6746,gas,[PRICE_OUTLIER_CHECK_REQUIRED]
PL,2008,28.85,35.35,0.2253,gas,[PRICE_OUTLIER_CHECK_REQUIRED]
PL,2016,39.51,29.47,0.2541,gas,[PRICE_OUTLIER_CHECK_REQUIRED]
PL,2021,32.63,38.45,0.1784,gas,[PRICE_OUTLIER_CHECK_REQUIRED]
PL,2022,38.45,95.17,1.4752,gas,[PRICE_OUTLIER_CHECK_REQUIRED]
PL,2024,105.26,81.02,0.2303,gas,[PRICE_OUTLIER_CHECK_REQUIRED]
PT,2011,33.74,39.9,0.1826,gas,[PRICE_OUTLIER_CHECK_REQUIRED]
PT,2016,44.11,34.18,0.2251,gas,[PRICE_OUTLIER_CHECK_REQUIRED]
PT,2020,35.46,29.13,0.1785,gas,[PRICE_OUTLIER_CHECK_REQUIRED]
PT,2022,32.3,94.22,1.917,gas,[PRICE_OUTLIER_CHECK_REQUIRED]
PT,2023,94.22,70.53,0.2514,gas,[PRICE_OUTLIER_CHECK_REQUIRED]
PT,2024,70.53,56.32,0.2015,gas,[PRICE_OUTLIER_CHECK_REQUIRED]
RO,2009,31.07,24.86,0.1999,gas,[PRICE_OUTLIER_CHECK_REQUIRED]
RO,2019,29.96,35.13,0.1726,gas,[PRICE_OUTLIER_CHECK_REQUIRED]
RO,2021,30.19,37.68,0.2481,gas,[PRICE_OUTLIER_CHECK_REQUIRED]
RO,2022,37.68,128.4,2.4076,gas,[PRICE_OUTLIER_CHECK_REQUIRED]
RO,2023,128.4,62.98,0.5095,gas,[PRICE_OUTLIER_CHECK_REQUIRED]
RS,2016,45.34,33.4,0.2633,gas,[PRICE_OUTLIER_CHECK_REQUIRED]
RS,2020,43.12,35.74,0.1712,gas,[PRICE_OUTLIER_CHECK_REQUIRED]
RS,2022,35.35,43.34,0.226,gas,[PRICE_OUTLIER_CHECK_REQUIRED]
RS,2023,43.34,54.55,0.2587,gas,[PRICE_OUTLIER_CHECK_REQUIRED]
SE,2008,48.72,57.43,0.1788,gas,[PRICE_OUTLIER_CHECK_REQUIRED]
SE,2009,57.43,45.5,0.2077,gas,[PRICE_OUTLIER_CHECK_REQUIRED]
SE,2011,50.88,59.04,0.1604,gas,[PRICE_OUTLIER_CHECK_REQUIRED]
SE,2017,42.01,60.26,0.4344,gas,[PRICE_OUTLIER_CHECK_REQUIRED]
SE,2019,68.7,56.99,0.1705,gas,[PRICE_OUTLIER_CHECK_REQUIRED]
SE,2021,58.93,94.61,0.6055,gas,[PRICE_OUTLIER_CHECK_REQUIRED]
SE,2022,94.61,171.52,0.8129,gas,[PRICE_OUTLIER_CHECK_REQUIRED]
SE,2023,171.52,137.23,0.1999,gas,[PRICE_OUTLIER_CHECK_REQUIRED]
SE,2024,137.23,115.59,0.1577,gas,[PRICE_OUTLIER_CHECK_REQUIRED]
SI,2008,35.29,45.5,0.2893,gas,[PRICE_OUTLIER_CHECK_REQUIRED]
SI,2012,53.55,62.59,0.1688,gas,[PRICE_OUTLIER_CHECK_REQUIRED]
SI,2021,33.85,42.67,0.2606,gas,[PRICE_OUTLIER_CHECK_REQUIRED]
SI,2022,42.67,82.57,0.9351,gas,[PRICE_OUTLIER_CHECK_REQUIRED]
SI,2024,82.68,64.2,0.2235,gas,[PRICE_OUTLIER_CHECK_REQUIRED]
SK,2008,31.74,44.72,0.4089,gas,[PRICE_OUTLIER_CHECK_REQUIRED]
SK,2019,33.13,38.79,0.1708,gas,[PRICE_OUTLIER_CHECK_REQUIRED]
SK,2022,33.52,76.19,1.273,gas,[PRICE_OUTLIER_CHECK_REQUIRED]
SK,2023,76.19,107.71,0.4137,gas,[PRICE_OUTLIER_CHECK_REQUIRED]
SK,2024,107.71,79.3,0.2638,gas,[PRICE_OUTLIER_CHECK_REQUIRED]
TR,2008,27.63,32.68,0.1828,gas,[PRICE_OUTLIER_CHECK_REQUIRED]
TR,2012,23.64,30.63,0.2957,gas,[PRICE_OUTLIER_CHECK_REQUIRED]
TR,2017,26.02,19.98,0.2321,gas,[PRICE_OUTLIER_CHECK_REQUIRED]
TR,2019,20.2,25.08,0.2416,gas,[PRICE_OUTLIER_CHECK_REQUIRED]
TR,2020,25.08,20.36,0.1882,gas,[PRICE_OUTLIER_CHECK_REQUIRED]
TR,2022,22.2,74.8,2.3694,gas,[PRICE_OUTLIER_CHECK_REQUIRED]
TR,2023,74.8,47.5,0.365,gas,[PRICE_OUTLIER_CHECK_REQUIRED]
TR,2024,47.5,34.9,0.2653,gas,[PRICE_OUTLIER_CHECK_REQUIRED]
UA,2019,31.02,25.47,0.1789,gas,[PRICE_OUTLIER_CHECK_REQUIRED]
UA,2020,25.47,17.04,0.331,gas,[PRICE_OUTLIER_CHECK_REQUIRED]
UA,2021,17.04,24.08,0.4131,gas,[PRICE_OUTLIER_CHECK_REQUIRED]
UK,2011,25.19,29.02,0.152,gas,[PRICE_OUTLIER_CHECK_REQUIRED]
UK,2012,29.02,36.73,0.2657,gas,[PRICE_OUTLIER_CHECK_REQUIRED]
UK,2016,39.29,29.96,0.2375,gas,[PRICE_OUTLIER_CHECK_REQUIRED]
