dataset,band,unit,tax,currency,geo,period,price_EUR_kWh,retrieved_date
nrg_pc_205,IC_MWH500-1999,KWH,X_VAT,EUR,AL,2019-S1,0.104,2026-05-28
nrg_pc_205,IC_MWH500-1999,KWH,X_VAT,EUR,AL,2020-S1,0.1037,2026-05-28
nrg_pc_205,IC_MWH500-1999,KWH,X_VAT,EUR,AL,2020-S2,0.1036,2026-05-28
nrg_pc_205,IC_MWH500-1999,KWH,X_VAT,EUR,AL,2021-S1,0.1039,2026-05-28
nrg_pc_205,IC_MWH500-1999,KWH,X_VAT,EUR,AL,2021-S2,0.1053,2026-05-28
nrg_pc_205,IC_MWH500-1999,KWH,X_VAT,EUR,AL,2022-S1,0.1057,2026-05-28
nrg_pc_205,IC_MWH500-1999,KWH,X_VAT,EUR,AL,2022-S2,0.1097,2026-05-28
nrg_pc_205,IC_MWH500-1999,KWH,X_VAT,EUR,AL,2023-S1,0.1135,2026-05-28
nrg_pc_205,IC_MWH500-1999,KWH,X_VAT,EUR,AL,2023-S2,0.1223,2026-05-28
nrg_pc_205,IC_MWH500-1999,KWH,X_VAT,EUR,AL,2024-S1,0.1252,2026-05-28
nrg_pc_205,IC_MWH500-1999,KWH,X_VAT,EUR,AL,2024-S2,0.1292,2026-05-28
nrg_pc_205,IC_MWH500-1999,KWH,X_VAT,EUR,AL,2025-S1,0.142,2026-05-28
nrg_pc_205,IC_MWH500-1999,KWH,X_VAT,EUR,AL,2025-S2,0.1321,2026-05-28
nrg_pc_205,IC_MWH500-1999,KWH,X_VAT,EUR,AT,2019-S1,0.1076,2026-05-28
nrg_pc_205,IC_MWH500-1999,KWH,X_VAT,EUR,AT,2019-S2,0.1088,2026-05-28
nrg_pc_205,IC_MWH500-1999,KWH,X_VAT,EUR,AT,2020-S1,0.1191,2026-05-28
nrg_pc_205,IC_MWH500-1999,KWH,X_VAT,EUR,AT,2020-S2,0.1184,2026-05-28
nrg_pc_205,IC_MWH500-1999,KWH,X_VAT,EUR,AT,2021-S1,0.1228,2026-05-28
nrg_pc_205,IC_MWH500-1999,KWH,X_VAT,EUR,AT,2021-S2,0.1278,2026-05-28
nrg_pc_205,IC_MWH500-1999,KWH,X_VAT,EUR,AT,2022-S1,0.1617,2026-05-28
nrg_pc_205,IC_MWH500-1999,KWH,X_VAT,EUR,AT,2022-S2,0.1786,2026-05-28
nrg_pc_205,IC_MWH500-1999,KWH,X_VAT,EUR,AT,2023-S1,0.2597,2026-05-28
nrg_pc_205,IC_MWH500-1999,KWH,X_VAT,EUR,AT,2023-S2,0.2471,2026-05-28
nrg_pc_205,IC_MWH500-1999,KWH,X_VAT,EUR,AT,2024-S1,0.1987,2026-05-28
nrg_pc_205,IC_MWH500-1999,KWH,X_VAT,EUR,AT,2024-S2,0.2006,2026-05-28
nrg_pc_205,IC_MWH500-1999,KWH,X_VAT,EUR,AT,2025-S1,0.2029,2026-05-28
nrg_pc_205,IC_MWH500-1999,KWH,X_VAT,EUR,AT,2025-S2,0.1986,2026-05-28
nrg_pc_205,IC_MWH500-1999,KWH,X_VAT,EUR,BA,2019-S1,0.0667,2026-05-28
nrg_pc_205,IC_MWH500-1999,KWH,X_VAT,EUR,BA,2019-S2,0.0698,2026-05-28
nrg_pc_205,IC_MWH500-1999,KWH,X_VAT,EUR,BA,2020-S1,0.0734,2026-05-28
nrg_pc_205,IC_MWH500-1999,KWH,X_VAT,EUR,BA,2020-S2,0.073,2026-05-28
nrg_pc_205,IC_MWH500-1999,KWH,X_VAT,EUR,BA,2021-S1,0.0747,2026-05-28
nrg_pc_205,IC_MWH500-1999,KWH,X_VAT,EUR,BA,2021-S2,0.0723,2026-05-28
nrg_pc_205,IC_MWH500-1999,KWH,X_VAT,EUR,BA,2022-S1,0.0741,2026-05-28
nrg_pc_205,IC_MWH500-1999,KWH,X_VAT,EUR,BA,2022-S2,0.0893,2026-05-28
nrg_pc_205,IC_MWH500-1999,KWH,X_VAT,EUR,BA,2023-S1,0.091,2026-05-28
nrg_pc_205,IC_MWH500-1999,KWH,X_VAT,EUR,BA,2023-S2,0.0903,2026-05-28
nrg_pc_205,IC_MWH500-1999,KWH,X_VAT,EUR,BA,2024-S1,0.0956,2026-05-28
nrg_pc_205,IC_MWH500-1999,KWH,X_VAT,EUR,BA,2024-S2,0.0952,2026-05-28
nrg_pc_205,IC_MWH500-1999,KWH,X_VAT,EUR,BA,2025-S1,0.1101,2026-05-28
nrg_pc_205,IC_MWH500-1999,KWH,X_VAT,EUR,BA,2025-S2,0.1126,2026-05-28
nrg_pc_205,IC_MWH500-1999,KWH,X_VAT,EUR,BE,2019-S1,0.115,2026-05-28
nrg_pc_205,IC_MWH500-1999,KWH,X_VAT,EUR,BE,2019-S2,0.1152,2026-05-28
nrg_pc_205,IC_MWH500-1999,KWH,X_VAT,EUR,BE,2020-S1,0.1171,2026-05-28
nrg_pc_205,IC_MWH500-1999,KWH,X_VAT,EUR,BE,2020-S2,0.1185,2026-05-28
nrg_pc_205,IC_MWH500-1999,KWH,X_VAT,EUR,BE,2021-S1,0.1218,2026-05-28
nrg_pc_205,IC_MWH500-1999,KWH,X_VAT,EUR,BE,2021-S2,0.1439,2026-05-28
nrg_pc_205,IC_MWH500-1999,KWH,X_VAT,EUR,BE,2022-S1,0.1943,2026-05-28
nrg_pc_205,IC_MWH500-1999,KWH,X_VAT,EUR,BE,2022-S2,0.2367,2026-05-28
nrg_pc_205,IC_MWH500-1999,KWH,X_VAT,EUR,BE,2023-S1,0.2269,2026-05-28
nrg_pc_205,IC_MWH500-1999,KWH,X_VAT,EUR,BE,2023-S2,0.2164,2026-05-28
nrg_pc_205,IC_MWH500-1999,KWH,X_VAT,EUR,BE,2024-S1,0.178,2026-05-28
nrg_pc_205,IC_MWH500-1999,KWH,X_VAT,EUR,BE,2024-S2,0.1815,2026-05-28
nrg_pc_205,IC_MWH500-1999,KWH,X_VAT,EUR,BE,2025-S1,0.194,2026-05-28
nrg_pc_205,IC_MWH500-1999,KWH,X_VAT,EUR,BE,2025-S2,0.1866,2026-05-28
nrg_pc_205,IC_MWH500-1999,KWH,X_VAT,EUR,BG,2019-S1,0.0887,2026-05-28
nrg_pc_205,IC_MWH500-1999,KWH,X_VAT,EUR,BG,2019-S2,0.0868,2026-05-28
nrg_pc_205,IC_MWH500-1999,KWH,X_VAT,EUR,BG,2020-S1,0.0816,2026-05-28
nrg_pc_205,IC_MWH500-1999,KWH,X_VAT,EUR,BG,2020-S2,0.0843,2026-05-28
nrg_pc_205,IC_MWH500-1999,KWH,X_VAT,EUR,BG,2021-S1,0.0962,2026-05-28
nrg_pc_205,IC_MWH500-1999,KWH,X_VAT,EUR,BG,2021-S2,0.1564,2026-05-28
nrg_pc_205,IC_MWH500-1999,KWH,X_VAT,EUR,BG,2022-S1,0.1736,2026-05-28
nrg_pc_205,IC_MWH500-1999,KWH,X_VAT,EUR,BG,2022-S2,0.1794,2026-05-28
nrg_pc_205,IC_MWH500-1999,KWH,X_VAT,EUR,BG,2023-S1,0.1492,2026-05-28
nrg_pc_205,IC_MWH500-1999,KWH,X_VAT,EUR,BG,2023-S2,0.1362,2026-05-28
nrg_pc_205,IC_MWH500-1999,KWH,X_VAT,EUR,BG,2024-S1,0.1136,2026-05-28
nrg_pc_205,IC_MWH500-1999,KWH,X_VAT,EUR,BG,2024-S2,0.1322,2026-05-28
nrg_pc_205,IC_MWH500-1999,KWH,X_VAT,EUR,BG,2025-S1,0.1271,2026-05-28
nrg_pc_205,IC_MWH500-1999,KWH,X_VAT,EUR,BG,2025-S2,0.1413,2026-05-28
nrg_pc_205,IC_MWH500-1999,KWH,X_VAT,EUR,CY,2019-S1,0.1619,2026-05-28
nrg_pc_205,IC_MWH500-1999,KWH,X_VAT,EUR,CY,2019-S2,0.18,2026-05-28
nrg_pc_205,IC_MWH500-1999,KWH,X_VAT,EUR,CY,2020-S1,0.1448,2026-05-28
nrg_pc_205,IC_MWH500-1999,KWH,X_VAT,EUR,CY,2020-S2,0.1364,2026-05-28
nrg_pc_205,IC_MWH500-1999,KWH,X_VAT,EUR,CY,2021-S1,0.1515,2026-05-28
nrg_pc_205,IC_MWH500-1999,KWH,X_VAT,EUR,CY,2021-S2,0.1946,2026-05-28
nrg_pc_205,IC_MWH500-1999,KWH,X_VAT,EUR,CY,2022-S1,0.2471,2026-05-28
nrg_pc_205,IC_MWH500-1999,KWH,X_VAT,EUR,CY,2022-S2,0.3162,2026-05-28
nrg_pc_205,IC_MWH500-1999,KWH,X_VAT,EUR,CY,2023-S1,0.2762,2026-05-28
nrg_pc_205,IC_MWH500-1999,KWH,X_VAT,EUR,CY,2023-S2,0.2759,2026-05-28
nrg_pc_205,IC_MWH500-1999,KWH,X_VAT,EUR,CY,2024-S1,0.2453,2026-05-28
nrg_pc_205,IC_MWH500-1999,KWH,X_VAT,EUR,CY,2024-S2,0.2578,2026-05-28
nrg_pc_205,IC_MWH500-1999,KWH,X_VAT,EUR,CY,2025-S1,0.2321,2026-05-28
nrg_pc_205,IC_MWH500-1999,KWH,X_VAT,EUR,CY,2025-S2,0.2429,2026-05-28
nrg_pc_205,IC_MWH500-1999,KWH,X_VAT,EUR,CZ,2019-S1,0.0768,2026-05-28
nrg_pc_205,IC_MWH500-1999,KWH,X_VAT,EUR,CZ,2019-S2,0.0784,2026-05-28
nrg_pc_205,IC_MWH500-1999,KWH,X_VAT,EUR,CZ,2020-S1,0.0846,2026-05-28
nrg_pc_205,IC_MWH500-1999,KWH,X_VAT,EUR,CZ,2020-S2,0.0842,2026-05-28
nrg_pc_205,IC_MWH500-1999,KWH,X_VAT,EUR,CZ,2021-S1,0.0883,2026-05-28
nrg_pc_205,IC_MWH500-1999,KWH,X_VAT,EUR,CZ,2021-S2,0.0905,2026-05-28
nrg_pc_205,IC_MWH500-1999,KWH,X_VAT,EUR,CZ,2022-S1,0.1573,2026-05-28
nrg_pc_205,IC_MWH500-1999,KWH,X_VAT,EUR,CZ,2022-S2,0.184,2026-05-28
nrg_pc_205,IC_MWH500-1999,KWH,X_VAT,EUR,CZ,2023-S1,0.1974,2026-05-28
nrg_pc_205,IC_MWH500-1999,KWH,X_VAT,EUR,CZ,2023-S2,0.1798,2026-05-28
nrg_pc_205,IC_MWH500-1999,KWH,X_VAT,EUR,CZ,2024-S1,0.185,2026-05-28
nrg_pc_205,IC_MWH500-1999,KWH,X_VAT,EUR,CZ,2024-S2,0.1939,2026-05-28
nrg_pc_205,IC_MWH500-1999,KWH,X_VAT,EUR,CZ,2025-S1,0.1844,2026-05-28
nrg_pc_205,IC_MWH500-1999,KWH,X_VAT,EUR,CZ,2025-S2,0.1825,2026-05-28
nrg_pc_205,IC_MWH500-1999,KWH,X_VAT,EUR,DE,2019-S1,0.1557,2026-05-28
nrg_pc_205,IC_MWH500-1999,KWH,X_VAT,EUR,DE,2019-S2,0.1608,2026-05-28
nrg_pc_205,IC_MWH500-1999,KWH,X_VAT,EUR,DE,2020-S1,0.1781,2026-05-28
nrg_pc_205,IC_MWH500-1999,KWH,X_VAT,EUR,DE,2020-S2,0.1818,2026-05-28
nrg_pc_205,IC_MWH500-1999,KWH,X_VAT,EUR,DE,2021-S1,0.1813,2026-05-28
nrg_pc_205,IC_MWH500-1999,KWH,X_VAT,EUR,DE,2021-S2,0.186,2026-05-28
nrg_pc_205,IC_MWH500-1999,KWH,X_VAT,EUR,DE,2022-S1,0.2132,2026-05-28
nrg_pc_205,IC_MWH500-1999,KWH,X_VAT,EUR,DE,2022-S2,0.2056,2026-05-28
nrg_pc_205,IC_MWH500-1999,KWH,X_VAT,EUR,DE,2023-S1,0.2192,2026-05-28
nrg_pc_205,IC_MWH500-1999,KWH,X_VAT,EUR,DE,2023-S2,0.2175,2026-05-28
nrg_pc_205,IC_MWH500-1999,KWH,X_VAT,EUR,DE,2024-S1,0.2328,2026-05-28
nrg_pc_205,IC_MWH500-1999,KWH,X_VAT,EUR,DE,2024-S2,0.2359,2026-05-28
nrg_pc_205,IC_MWH500-1999,KWH,X_VAT,EUR,DE,2025-S1,0.2281,2026-05-28
nrg_pc_205,IC_MWH500-1999,KWH,X_VAT,EUR,DE,2025-S2,0.2264,2026-05-28
nrg_pc_205,IC_MWH500-1999,KWH,X_VAT,EUR,DK,2019-S1,0.0707,2026-05-28
nrg_pc_205,IC_MWH500-1999,KWH,X_VAT,EUR,DK,2019-S2,0.0681,2026-05-28
nrg_pc_205,IC_MWH500-1999,KWH,X_VAT,EUR,DK,2020-S1,0.0612,2026-05-28
nrg_pc_205,IC_MWH500-1999,KWH,X_VAT,EUR,DK,2020-S2,0.0686,2026-05-28
nrg_pc_205,IC_MWH500-1999,KWH,X_VAT,EUR,DK,2021-S1,0.0797,2026-05-28
nrg_pc_205,IC_MWH500-1999,KWH,X_VAT,EUR,DK,2021-S2,0.1164,2026-05-28
nrg_pc_205,IC_MWH500-1999,KWH,X_VAT,EUR,DK,2022-S1,0.1609,2026-05-28
nrg_pc_205,IC_MWH500-1999,KWH,X_VAT,EUR,DK,2022-S2,0.2278,2026-05-28
nrg_pc_205,IC_MWH500-1999,KWH,X_VAT,EUR,DK,2023-S1,0.1339,2026-05-28
nrg_pc_205,IC_MWH500-1999,KWH,X_VAT,EUR,DK,2023-S2,0.117,2026-05-28
nrg_pc_205,IC_MWH500-1999,KWH,X_VAT,EUR,DK,2024-S1,0.1055,2026-05-28
nrg_pc_205,IC_MWH500-1999,KWH,X_VAT,EUR,DK,2024-S2,0.1284,2026-05-28
nrg_pc_205,IC_MWH500-1999,KWH,X_VAT,EUR,DK,2025-S1,0.1236,2026-05-28
nrg_pc_205,IC_MWH500-1999,KWH,X_VAT,EUR,DK,2025-S2,0.1216,2026-05-28
nrg_pc_205,IC_MWH500-1999,KWH,X_VAT,EUR,EA,2019-S1,0.1303,2026-05-28
nrg_pc_205,IC_MWH500-1999,KWH,X_VAT,EUR,EA,2019-S2,0.1289,2026-05-28
nrg_pc_205,IC_MWH500-1999,KWH,X_VAT,EUR,EA,2020-S1,0.1353,2026-05-28
nrg_pc_205,IC_MWH500-1999,KWH,X_VAT,EUR,EA,2020-S2,0.1355,2026-05-28
nrg_pc_205,IC_MWH500-1999,KWH,X_VAT,EUR,EA,2021-S1,0.1386,2026-05-28
nrg_pc_205,IC_MWH500-1999,KWH,X_VAT,EUR,EA,2021-S2,0.1542,2026-05-28
nrg_pc_205,IC_MWH500-1999,KWH,X_VAT,EUR,EA,2022-S1,0.1915,2026-05-28
nrg_pc_205,IC_MWH500-1999,KWH,X_VAT,EUR,EA,2022-S2,0.2151,2026-05-28
nrg_pc_205,IC_MWH500-1999,KWH,X_VAT,EUR,EA,2023-S1,0.2234,2026-05-28
nrg_pc_205,IC_MWH500-1999,KWH,X_VAT,EUR,EA,2023-S2,0.2083,2026-05-28
nrg_pc_205,IC_MWH500-1999,KWH,X_VAT,EUR,EA,2024-S1,0.1948,2026-05-28
nrg_pc_205,IC_MWH500-1999,KWH,X_VAT,EUR,EA,2024-S2,0.2013,2026-05-28
nrg_pc_205,IC_MWH500-1999,KWH,X_VAT,EUR,EA,2025-S1,0.1978,2026-05-28
nrg_pc_205,IC_MWH500-1999,KWH,X_VAT,EUR,EA,2025-S2,0.1898,2026-05-28
nrg_pc_205,IC_MWH500-1999,KWH,X_VAT,EUR,EE,2019-S1,0.0917,2026-05-28
nrg_pc_205,IC_MWH500-1999,KWH,X_VAT,EUR,EE,2019-S2,0.0915,2026-05-28
nrg_pc_205,IC_MWH500-1999,KWH,X_VAT,EUR,EE,2020-S1,0.0823,2026-05-28
nrg_pc_205,IC_MWH500-1999,KWH,X_VAT,EUR,EE,2020-S2,0.0873,2026-05-28
nrg_pc_205,IC_MWH500-1999,KWH,X_VAT,EUR,EE,2021-S1,0.0957,2026-05-28
nrg_pc_205,IC_MWH500-1999,KWH,X_VAT,EUR,EE,2021-S2,0.1526,2026-05-28
nrg_pc_205,IC_MWH500-1999,KWH,X_VAT,EUR,EE,2022-S1,0.1625,2026-05-28
nrg_pc_205,IC_MWH500-1999,KWH,X_VAT,EUR,EE,2022-S2,0.2586,2026-05-28
nrg_pc_205,IC_MWH500-1999,KWH,X_VAT,EUR,EE,2023-S1,0.1567,2026-05-28
nrg_pc_205,IC_MWH500-1999,KWH,X_VAT,EUR,EE,2023-S2,0.157,2026-05-28
nrg_pc_205,IC_MWH500-1999,KWH,X_VAT,EUR,EE,2024-S1,0.1429,2026-05-28
nrg_pc_205,IC_MWH500-1999,KWH,X_VAT,EUR,EE,2024-S2,0.1484,2026-05-28
nrg_pc_205,IC_MWH500-1999,KWH,X_VAT,EUR,EE,2025-S1,0.1435,2026-05-28
nrg_pc_205,IC_MWH500-1999,KWH,X_VAT,EUR,EE,2025-S2,0.141,2026-05-28
nrg_pc_205,IC_MWH500-1999,KWH,X_VAT,EUR,EL,2019-S1,0.1074,2026-05-28
nrg_pc_205,IC_MWH500-1999,KWH,X_VAT,EUR,EL,2019-S2,0.1084,2026-05-28
nrg_pc_205,IC_MWH500-1999,KWH,X_VAT,EUR,EL,2020-S1,0.1076,2026-05-28
nrg_pc_205,IC_MWH500-1999,KWH,X_VAT,EUR,EL,2020-S2,0.1059,2026-05-28
nrg_pc_205,IC_MWH500-1999,KWH,X_VAT,EUR,EL,2021-S1,0.1174,2026-05-28
nrg_pc_205,IC_MWH500-1999,KWH,X_VAT,EUR,EL,2021-S2,0.2238,2026-05-28
nrg_pc_205,IC_MWH500-1999,KWH,X_VAT,EUR,EL,2022-S1,0.231,2026-05-28
nrg_pc_205,IC_MWH500-1999,KWH,X_VAT,EUR,EL,2022-S2,0.2457,2026-05-28
nrg_pc_205,IC_MWH500-1999,KWH,X_VAT,EUR,EL,2023-S1,0.1902,2026-05-28
nrg_pc_205,IC_MWH500-1999,KWH,X_VAT,EUR,EL,2023-S2,0.1832,2026-05-28
nrg_pc_205,IC_MWH500-1999,KWH,X_VAT,EUR,EL,2024-S1,0.155,2026-05-28
nrg_pc_205,IC_MWH500-1999,KWH,X_VAT,EUR,EL,2024-S2,0.2005,2026-05-28
nrg_pc_205,IC_MWH500-1999,KWH,X_VAT,EUR,EL,2025-S1,0.1938,2026-05-28
nrg_pc_205,IC_MWH500-1999,KWH,X_VAT,EUR,EL,2025-S2,0.174,2026-05-28
nrg_pc_205,IC_MWH500-1999,KWH,X_VAT,EUR,ES,2019-S1,0.1148,2026-05-28
nrg_pc_205,IC_MWH500-1999,KWH,X_VAT,EUR,ES,2019-S2,0.1104,2026-05-28
nrg_pc_205,IC_MWH500-1999,KWH,X_VAT,EUR,ES,2020-S1,0.1076,2026-05-28
nrg_pc_205,IC_MWH500-1999,KWH,X_VAT,EUR,ES,2020-S2,0.1175,2026-05-28
nrg_pc_205,IC_MWH500-1999,KWH,X_VAT,EUR,ES,2021-S1,0.1074,2026-05-28
nrg_pc_205,IC_MWH500-1999,KWH,X_VAT,EUR,ES,2021-S2,0.1459,2026-05-28
nrg_pc_205,IC_MWH500-1999,KWH,X_VAT,EUR,ES,2022-S1,0.1879,2026-05-28
nrg_pc_205,IC_MWH500-1999,KWH,X_VAT,EUR,ES,2022-S2,0.2202,2026-05-28
nrg_pc_205,IC_MWH500-1999,KWH,X_VAT,EUR,ES,2023-S1,0.1597,2026-05-28
nrg_pc_205,IC_MWH500-1999,KWH,X_VAT,EUR,ES,2023-S2,0.1536,2026-05-28
nrg_pc_205,IC_MWH500-1999,KWH,X_VAT,EUR,ES,2024-S1,0.1371,2026-05-28
nrg_pc_205,IC_MWH500-1999,KWH,X_VAT,EUR,ES,2024-S2,0.1426,2026-05-28
nrg_pc_205,IC_MWH500-1999,KWH,X_VAT,EUR,ES,2025-S1,0.1411,2026-05-28
nrg_pc_205,IC_MWH500-1999,KWH,X_VAT,EUR,ES,2025-S2,0.1324,2026-05-28
nrg_pc_205,IC_MWH500-1999,KWH,X_VAT,EUR,EU27_2020,2019-S1,0.1218,2026-05-28
nrg_pc_205,IC_MWH500-1999,KWH,X_VAT,EUR,EU27_2020,2019-S2,0.1192,2026-05-28
nrg_pc_205,IC_MWH500-1999,KWH,X_VAT,EUR,EU27_2020,2020-S1,0.1255,2026-05-28
nrg_pc_205,IC_MWH500-1999,KWH,X_VAT,EUR,EU27_2020,2020-S2,0.1259,2026-05-28
nrg_pc_205,IC_MWH500-1999,KWH,X_VAT,EUR,EU27_2020,2021-S1,0.129,2026-05-28
nrg_pc_205,IC_MWH500-1999,KWH,X_VAT,EUR,EU27_2020,2021-S2,0.1447,2026-05-28
nrg_pc_205,IC_MWH500-1999,KWH,X_VAT,EUR,EU27_2020,2022-S1,0.1837,2026-05-28
nrg_pc_205,IC_MWH500-1999,KWH,X_VAT,EUR,EU27_2020,2022-S2,0.2107,2026-05-28
nrg_pc_205,IC_MWH500-1999,KWH,X_VAT,EUR,EU27_2020,2023-S1,0.2151,2026-05-28
nrg_pc_205,IC_MWH500-1999,KWH,X_VAT,EUR,EU27_2020,2023-S2,0.2003,2026-05-28
nrg_pc_205,IC_MWH500-1999,KWH,X_VAT,EUR,EU27_2020,2024-S1,0.1885,2026-05-28
nrg_pc_205,IC_MWH500-1999,KWH,X_VAT,EUR,EU27_2020,2024-S2,0.1941,2026-05-28
nrg_pc_205,IC_MWH500-1999,KWH,X_VAT,EUR,EU27_2020,2025-S1,0.1903,2026-05-28
nrg_pc_205,IC_MWH500-1999,KWH,X_VAT,EUR,EU27_2020,2025-S2,0.1837,2026-05-28
nrg_pc_205,IC_MWH500-1999,KWH,X_VAT,EUR,FI,2019-S1,0.0709,2026-05-28
nrg_pc_205,IC_MWH500-1999,KWH,X_VAT,EUR,FI,2019-S2,0.0721,2026-05-28
nrg_pc_205,IC_MWH500-1999,KWH,X_VAT,EUR,FI,2020-S1,0.0695,2026-05-28
nrg_pc_205,IC_MWH500-1999,KWH,X_VAT,EUR,FI,2020-S2,0.0759,2026-05-28
nrg_pc_205,IC_MWH500-1999,KWH,X_VAT,EUR,FI,2021-S1,0.0676,2026-05-28
nrg_pc_205,IC_MWH500-1999,KWH,X_VAT,EUR,FI,2021-S2,0.08,2026-05-28
nrg_pc_205,IC_MWH500-1999,KWH,X_VAT,EUR,FI,2022-S1,0.0808,2026-05-28
nrg_pc_205,IC_MWH500-1999,KWH,X_VAT,EUR,FI,2022-S2,0.115,2026-05-28
nrg_pc_205,IC_MWH500-1999,KWH,X_VAT,EUR,FI,2023-S1,0.0957,2026-05-28
nrg_pc_205,IC_MWH500-1999,KWH,X_VAT,EUR,FI,2023-S2,0.0885,2026-05-28
nrg_pc_205,IC_MWH500-1999,KWH,X_VAT,EUR,FI,2024-S1,0.087,2026-05-28
nrg_pc_205,IC_MWH500-1999,KWH,X_VAT,EUR,FI,2024-S2,0.0786,2026-05-28
nrg_pc_205,IC_MWH500-1999,KWH,X_VAT,EUR,FI,2025-S1,0.0782,2026-05-28
nrg_pc_205,IC_MWH500-1999,KWH,X_VAT,EUR,FI,2025-S2,0.0748,2026-05-28
nrg_pc_205,IC_MWH500-1999,KWH,X_VAT,EUR,FR,2019-S1,0.1024,2026-05-28
nrg_pc_205,IC_MWH500-1999,KWH,X_VAT,EUR,FR,2019-S2,0.095,2026-05-28
nrg_pc_205,IC_MWH500-1999,KWH,X_VAT,EUR,FR,2020-S1,0.1057,2026-05-28
nrg_pc_205,IC_MWH500-1999,KWH,X_VAT,EUR,FR,2020-S2,0.0954,2026-05-28
nrg_pc_205,IC_MWH500-1999,KWH,X_VAT,EUR,FR,2021-S1,0.1057,2026-05-28
nrg_pc_205,IC_MWH500-1999,KWH,X_VAT,EUR,FR,2021-S2,0.1018,2026-05-28
nrg_pc_205,IC_MWH500-1999,KWH,X_VAT,EUR,FR,2022-S1,0.1273,2026-05-28
nrg_pc_205,IC_MWH500-1999,KWH,X_VAT,EUR,FR,2022-S2,0.1267,2026-05-28
nrg_pc_205,IC_MWH500-1999,KWH,X_VAT,EUR,FR,2023-S1,0.2529,2026-05-28
nrg_pc_205,IC_MWH500-1999,KWH,X_VAT,EUR,FR,2023-S2,0.2133,2026-05-28
nrg_pc_205,IC_MWH500-1999,KWH,X_VAT,EUR,FR,2024-S1,0.1802,2026-05-28
nrg_pc_205,IC_MWH500-1999,KWH,X_VAT,EUR,FR,2024-S2,0.1785,2026-05-28
nrg_pc_205,IC_MWH500-1999,KWH,X_VAT,EUR,FR,2025-S1,0.1661,2026-05-28
nrg_pc_205,IC_MWH500-1999,KWH,X_VAT,EUR,FR,2025-S2,0.1534,2026-05-28
nrg_pc_205,IC_MWH500-1999,KWH,X_VAT,EUR,GE,2019-S1,0.0595,2026-05-28
nrg_pc_205,IC_MWH500-1999,KWH,X_VAT,EUR,GE,2019-S2,0.0475,2026-05-28
nrg_pc_205,IC_MWH500-1999,KWH,X_VAT,EUR,GE,2020-S1,0.0505,2026-05-28
nrg_pc_205,IC_MWH500-1999,KWH,X_VAT,EUR,GE,2020-S2,0.0435,2026-05-28
nrg_pc_205,IC_MWH500-1999,KWH,X_VAT,EUR,GE,2021-S1,0.0713,2026-05-28
nrg_pc_205,IC_MWH500-1999,KWH,X_VAT,EUR,GE,2021-S2,0.0657,2026-05-28
nrg_pc_205,IC_MWH500-1999,KWH,X_VAT,EUR,GE,2022-S2,0.0951,2026-05-28
nrg_pc_205,IC_MWH500-1999,KWH,X_VAT,EUR,GE,2023-S1,0.0928,2026-05-28
nrg_pc_205,IC_MWH500-1999,KWH,X_VAT,EUR,GE,2023-S2,0.0897,2026-05-28
nrg_pc_205,IC_MWH500-1999,KWH,X_VAT,EUR,GE,2024-S1,0.0814,2026-05-28
nrg_pc_205,IC_MWH500-1999,KWH,X_VAT,EUR,GE,2024-S2,0.0805,2026-05-28
nrg_pc_205,IC_MWH500-1999,KWH,X_VAT,EUR,GE,2025-S1,0.0857,2026-05-28
nrg_pc_205,IC_MWH500-1999,KWH,X_VAT,EUR,GE,2025-S2,0.0831,2026-05-28
nrg_pc_205,IC_MWH500-1999,KWH,X_VAT,EUR,HR,2019-S1,0.1034,2026-05-28
nrg_pc_205,IC_MWH500-1999,KWH,X_VAT,EUR,HR,2019-S2,0.1055,2026-05-28
nrg_pc_205,IC_MWH500-1999,KWH,X_VAT,EUR,HR,2020-S1,0.1043,2026-05-28
nrg_pc_205,IC_MWH500-1999,KWH,X_VAT,EUR,HR,2020-S2,0.1023,2026-05-28
nrg_pc_205,IC_MWH500-1999,KWH,X_VAT,EUR,HR,2021-S1,0.1025,2026-05-28
nrg_pc_205,IC_MWH500-1999,KWH,X_VAT,EUR,HR,2021-S2,0.1142,2026-05-28
nrg_pc_205,IC_MWH500-1999,KWH,X_VAT,EUR,HR,2022-S1,0.1554,2026-05-28
nrg_pc_205,IC_MWH500-1999,KWH,X_VAT,EUR,HR,2022-S2,0.2391,2026-05-28
nrg_pc_205,IC_MWH500-1999,KWH,X_VAT,EUR,HR,2023-S1,0.2925,2026-05-28
nrg_pc_205,IC_MWH500-1999,KWH,X_VAT,EUR,HR,2023-S2,0.2332,2026-05-28
nrg_pc_205,IC_MWH500-1999,KWH,X_VAT,EUR,HR,2024-S1,0.2051,2026-05-28
nrg_pc_205,IC_MWH500-1999,KWH,X_VAT,EUR,HR,2024-S2,0.1764,2026-05-28
nrg_pc_205,IC_MWH500-1999,KWH,X_VAT,EUR,HR,2025-S1,0.1738,2026-05-28
nrg_pc_205,IC_MWH500-1999,KWH,X_VAT,EUR,HR,2025-S2,0.1548,2026-05-28
nrg_pc_205,IC_MWH500-1999,KWH,X_VAT,EUR,HU,2019-S1,0.097,2026-05-28
nrg_pc_205,IC_MWH500-1999,KWH,X_VAT,EUR,HU,2019-S2,0.0954,2026-05-28
nrg_pc_205,IC_MWH500-1999,KWH,X_VAT,EUR,HU,2020-S1,0.0995,2026-05-28
nrg_pc_205,IC_MWH500-1999,KWH,X_VAT,EUR,HU,2020-S2,0.094,2026-05-28
nrg_pc_205,IC_MWH500-1999,KWH,X_VAT,EUR,HU,2021-S1,0.0921,2026-05-28
nrg_pc_205,IC_MWH500-1999,KWH,X_VAT,EUR,HU,2021-S2,0.1032,2026-05-28
nrg_pc_205,IC_MWH500-1999,KWH,X_VAT,EUR,HU,2022-S1,0.1652,2026-05-28
nrg_pc_205,IC_MWH500-1999,KWH,X_VAT,EUR,HU,2022-S2,0.2249,2026-05-28
nrg_pc_205,IC_MWH500-1999,KWH,X_VAT,EUR,HU,2023-S1,0.3075,2026-05-28
nrg_pc_205,IC_MWH500-1999,KWH,X_VAT,EUR,HU,2023-S2,0.2695,2026-05-28
nrg_pc_205,IC_MWH500-1999,KWH,X_VAT,EUR,HU,2024-S1,0.2281,2026-05-28
nrg_pc_205,IC_MWH500-1999,KWH,X_VAT,EUR,HU,2024-S2,0.2281,2026-05-28
nrg_pc_205,IC_MWH500-1999,KWH,X_VAT,EUR,HU,2025-S1,0.2139,2026-05-28
nrg_pc_205,IC_MWH500-1999,KWH,X_VAT,EUR,HU,2025-S2,0.2132,2026-05-28
nrg_pc_205,IC_MWH500-1999,KWH,X_VAT,EUR,IE,2019-S1,0.1351,2026-05-28
nrg_pc_205,IC_MWH500-1999,KWH,X_VAT,EUR,IE,2019-S2,0.1328,2026-05-28
nrg_pc_205,IC_MWH500-1999,KWH,X_VAT,EUR,IE,2020-S1,0.1323,2026-05-28
nrg_pc_205,IC_MWH500-1999,KWH,X_VAT,EUR,IE,2020-S2,0.1339,2026-05-28
nrg_pc_205,IC_MWH500-1999,KWH,X_VAT,EUR,IE,2021-S1,0.1512,2026-05-28
nrg_pc_205,IC_MWH500-1999,KWH,X_VAT,EUR,IE,2021-S2,0.188,2026-05-28
nrg_pc_205,IC_MWH500-1999,KWH,X_VAT,EUR,IE,2022-S1,0.2176,2026-05-28
nrg_pc_205,IC_MWH500-1999,KWH,X_VAT,EUR,IE,2022-S2,0.2876,2026-05-28
nrg_pc_205,IC_MWH500-1999,KWH,X_VAT,EUR,IE,2023-S1,0.2829,2026-05-28
nrg_pc_205,IC_MWH500-1999,KWH,X_VAT,EUR,IE,2023-S2,0.2579,2026-05-28
nrg_pc_205,IC_MWH500-1999,KWH,X_VAT,EUR,IE,2024-S1,0.256,2026-05-28
nrg_pc_205,IC_MWH500-1999,KWH,X_VAT,EUR,IE,2024-S2,0.2552,2026-05-28
nrg_pc_205,IC_MWH500-1999,KWH,X_VAT,EUR,IE,2025-S1,0.2744,2026-05-28
nrg_pc_205,IC_MWH500-1999,KWH,X_VAT,EUR,IE,2025-S2,0.2552,2026-05-28
nrg_pc_205,IC_MWH500-1999,KWH,X_VAT,EUR,IS,2019-S1,0.0579,2026-05-28
nrg_pc_205,IC_MWH500-1999,KWH,X_VAT,EUR,IS,2019-S2,0.0581,2026-05-28
nrg_pc_205,IC_MWH500-1999,KWH,X_VAT,EUR,IS,2020-S1,0.0732,2026-05-28
nrg_pc_205,IC_MWH500-1999,KWH,X_VAT,EUR,IS,2020-S2,0.0721,2026-05-28
nrg_pc_205,IC_MWH500-1999,KWH,X_VAT,EUR,IS,2021-S1,0.0532,2026-05-28
nrg_pc_205,IC_MWH500-1999,KWH,X_VAT,EUR,IS,2021-S2,0.0724,2026-05-28
nrg_pc_205,IC_MWH500-1999,KWH,X_VAT,EUR,IS,2022-S1,0.0756,2026-05-28
nrg_pc_205,IC_MWH500-1999,KWH,X_VAT,EUR,IS,2022-S2,0.08,2026-05-28
nrg_pc_205,IC_MWH500-1999,KWH,X_VAT,EUR,IS,2023-S1,0.0783,2026-05-28
nrg_pc_205,IC_MWH500-1999,KWH,X_VAT,EUR,IS,2023-S2,0.0804,2026-05-28
nrg_pc_205,IC_MWH500-1999,KWH,X_VAT,EUR,IS,2024-S1,0.086,2026-05-28
nrg_pc_205,IC_MWH500-1999,KWH,X_VAT,EUR,IS,2024-S2,0.097,2026-05-28
nrg_pc_205,IC_MWH500-1999,KWH,X_VAT,EUR,IT,2019-S1,0.1647,2026-05-28
nrg_pc_205,IC_MWH500-1999,KWH,X_VAT,EUR,IT,2019-S2,0.1616,2026-05-28
nrg_pc_205,IC_MWH500-1999,KWH,X_VAT,EUR,IT,2020-S1,0.1503,2026-05-28
nrg_pc_205,IC_MWH500-1999,KWH,X_VAT,EUR,IT,2020-S2,0.1514,2026-05-28
nrg_pc_205,IC_MWH500-1999,KWH,X_VAT,EUR,IT,2021-S1,0.1584,2026-05-28
nrg_pc_205,IC_MWH500-1999,KWH,X_VAT,EUR,IT,2021-S2,0.1853,2026-05-28
nrg_pc_205,IC_MWH500-1999,KWH,X_VAT,EUR,IT,2022-S1,0.2525,2026-05-28
nrg_pc_205,IC_MWH500-1999,KWH,X_VAT,EUR,IT,2022-S2,0.3372,2026-05-28
nrg_pc_205,IC_MWH500-1999,KWH,X_VAT,EUR,IT,2023-S1,0.2443,2026-05-28
nrg_pc_205,IC_MWH500-1999,KWH,X_VAT,EUR,IT,2023-S2,0.2284,2026-05-28
nrg_pc_205,IC_MWH500-1999,KWH,X_VAT,EUR,IT,2024-S1,0.209,2026-05-28
nrg_pc_205,IC_MWH500-1999,KWH,X_VAT,EUR,IT,2024-S2,0.2274,2026-05-28
nrg_pc_205,IC_MWH500-1999,KWH,X_VAT,EUR,IT,2025-S1,0.2336,2026-05-28
nrg_pc_205,IC_MWH500-1999,KWH,X_VAT,EUR,IT,2025-S2,0.2203,2026-05-28
nrg_pc_205,IC_MWH500-1999,KWH,X_VAT,EUR,LI,2019-S1,0.0957,2026-05-28
nrg_pc_205,IC_MWH500-1999,KWH,X_VAT,EUR,LI,2019-S2,0.098,2026-05-28
nrg_pc_205,IC_MWH500-1999,KWH,X_VAT,EUR,LI,2020-S1,0.1021,2026-05-28
nrg_pc_205,IC_MWH500-1999,KWH,X_VAT,EUR,LI,2020-S2,0.1034,2026-05-28
nrg_pc_205,IC_MWH500-1999,KWH,X_VAT,EUR,LI,2021-S1,0.1,2026-05-28
nrg_pc_205,IC_MWH500-1999,KWH,X_VAT,EUR,LI,2021-S2,0.1117,2026-05-28
nrg_pc_205,IC_MWH500-1999,KWH,X_VAT,EUR,LI,2022-S1,0.1405,2026-05-28
nrg_pc_205,IC_MWH500-1999,KWH,X_VAT,EUR,LI,2022-S2,0.1558,2026-05-28
nrg_pc_205,IC_MWH500-1999,KWH,X_VAT,EUR,LI,2023-S1,0.3255,2026-05-28
nrg_pc_205,IC_MWH500-1999,KWH,X_VAT,EUR,LI,2023-S2,0.254,2026-05-28
nrg_pc_205,IC_MWH500-1999,KWH,X_VAT,EUR,LI,2024-S1,0.2045,2026-05-28
nrg_pc_205,IC_MWH500-1999,KWH,X_VAT,EUR,LI,2024-S2,0.1896,2026-05-28
nrg_pc_205,IC_MWH500-1999,KWH,X_VAT,EUR,LI,2025-S1,0.1797,2026-05-28
nrg_pc_205,IC_MWH500-1999,KWH,X_VAT,EUR,LI,2025-S2,0.1789,2026-05-28
nrg_pc_205,IC_MWH500-1999,KWH,X_VAT,EUR,LT,2019-S1,0.0926,2026-05-28
nrg_pc_205,IC_MWH500-1999,KWH,X_VAT,EUR,LT,2019-S2,0.0945,2026-05-28
nrg_pc_205,IC_MWH500-1999,KWH,X_VAT,EUR,LT,2020-S1,0.0943,2026-05-28
nrg_pc_205,IC_MWH500-1999,KWH,X_VAT,EUR,LT,2020-S2,0.1026,2026-05-28
nrg_pc_205,IC_MWH500-1999,KWH,X_VAT,EUR,LT,2021-S1,0.1046,2026-05-28
nrg_pc_205,IC_MWH500-1999,KWH,X_VAT,EUR,LT,2021-S2,0.1396,2026-05-28
nrg_pc_205,IC_MWH500-1999,KWH,X_VAT,EUR,LT,2022-S1,0.1803,2026-05-28
nrg_pc_205,IC_MWH500-1999,KWH,X_VAT,EUR,LT,2022-S2,0.3297,2026-05-28
nrg_pc_205,IC_MWH500-1999,KWH,X_VAT,EUR,LT,2023-S1,0.1668,2026-05-28
nrg_pc_205,IC_MWH500-1999,KWH,X_VAT,EUR,LT,2023-S2,0.1619,2026-05-28
nrg_pc_205,IC_MWH500-1999,KWH,X_VAT,EUR,LT,2024-S1,0.1688,2026-05-28
nrg_pc_205,IC_MWH500-1999,KWH,X_VAT,EUR,LT,2024-S2,0.164,2026-05-28
nrg_pc_205,IC_MWH500-1999,KWH,X_VAT,EUR,LT,2025-S1,0.16,2026-05-28
nrg_pc_205,IC_MWH500-1999,KWH,X_VAT,EUR,LT,2025-S2,0.1591,2026-05-28
nrg_pc_205,IC_MWH500-1999,KWH,X_VAT,EUR,LU,2019-S1,0.0897,2026-05-28
nrg_pc_205,IC_MWH500-1999,KWH,X_VAT,EUR,LU,2019-S2,0.0904,2026-05-28
nrg_pc_205,IC_MWH500-1999,KWH,X_VAT,EUR,LU,2020-S1,0.0928,2026-05-28
nrg_pc_205,IC_MWH500-1999,KWH,X_VAT,EUR,LU,2020-S2,0.0938,2026-05-28
nrg_pc_205,IC_MWH500-1999,KWH,X_VAT,EUR,LU,2021-S1,0.0954,2026-05-28
nrg_pc_205,IC_MWH500-1999,KWH,X_VAT,EUR,LU,2021-S2,0.0974,2026-05-28
nrg_pc_205,IC_MWH500-1999,KWH,X_VAT,EUR,LU,2022-S1,0.1294,2026-05-28
nrg_pc_205,IC_MWH500-1999,KWH,X_VAT,EUR,LU,2022-S2,0.1512,2026-05-28
nrg_pc_205,IC_MWH500-1999,KWH,X_VAT,EUR,LU,2023-S1,0.2485,2026-05-28
nrg_pc_205,IC_MWH500-1999,KWH,X_VAT,EUR,LU,2023-S2,0.2342,2026-05-28
nrg_pc_205,IC_MWH500-1999,KWH,X_VAT,EUR,LU,2024-S1,0.2048,2026-05-28
nrg_pc_205,IC_MWH500-1999,KWH,X_VAT,EUR,LU,2024-S2,0.204,2026-05-28
nrg_pc_205,IC_MWH500-1999,KWH,X_VAT,EUR,LU,2025-S1,0.1775,2026-05-28
nrg_pc_205,IC_MWH500-1999,KWH,X_VAT,EUR,LU,2025-S2,0.1717,2026-05-28
nrg_pc_205,IC_MWH500-1999,KWH,X_VAT,EUR,LV,2019-S1,0.1052,2026-05-28
nrg_pc_205,IC_MWH500-1999,KWH,X_VAT,EUR,LV,2019-S2,0.107,2026-05-28
nrg_pc_205,IC_MWH500-1999,KWH,X_VAT,EUR,LV,2020-S1,0.103,2026-05-28
nrg_pc_205,IC_MWH500-1999,KWH,X_VAT,EUR,LV,2020-S2,0.1055,2026-05-28
nrg_pc_205,IC_MWH500-1999,KWH,X_VAT,EUR,LV,2021-S1,0.1012,2026-05-28
nrg_pc_205,IC_MWH500-1999,KWH,X_VAT,EUR,LV,2021-S2,0.1351,2026-05-28
nrg_pc_205,IC_MWH500-1999,KWH,X_VAT,EUR,LV,2022-S1,0.125,2026-05-28
nrg_pc_205,IC_MWH500-1999,KWH,X_VAT,EUR,LV,2022-S2,0.2157,2026-05-28
nrg_pc_205,IC_MWH500-1999,KWH,X_VAT,EUR,LV,2023-S1,0.1465,2026-05-28
nrg_pc_205,IC_MWH500-1999,KWH,X_VAT,EUR,LV,2023-S2,0.1508,2026-05-28
nrg_pc_205,IC_MWH500-1999,KWH,X_VAT,EUR,LV,2024-S1,0.1469,2026-05-28
nrg_pc_205,IC_MWH500-1999,KWH,X_VAT,EUR,LV,2024-S2,0.146,2026-05-28
nrg_pc_205,IC_MWH500-1999,KWH,X_VAT,EUR,LV,2025-S1,0.1375,2026-05-28
nrg_pc_205,IC_MWH500-1999,KWH,X_VAT,EUR,LV,2025-S2,0.1361,2026-05-28
nrg_pc_205,IC_MWH500-1999,KWH,X_VAT,EUR,MD,2019-S1,0.0771,2026-05-28
nrg_pc_205,IC_MWH500-1999,KWH,X_VAT,EUR,MD,2019-S2,0.0787,2026-05-28
nrg_pc_205,IC_MWH500-1999,KWH,X_VAT,EUR,MD,2020-S1,0.0795,2026-05-28
nrg_pc_205,IC_MWH500-1999,KWH,X_VAT,EUR,MD,2020-S2,0.0718,2026-05-28
nrg_pc_205,IC_MWH500-1999,KWH,X_VAT,EUR,MD,2021-S1,0.0633,2026-05-28
nrg_pc_205,IC_MWH500-1999,KWH,X_VAT,EUR,MD,2021-S2,0.064,2026-05-28
nrg_pc_205,IC_MWH500-1999,KWH,X_VAT,EUR,MD,2022-S1,0.0761,2026-05-28
nrg_pc_205,IC_MWH500-1999,KWH,X_VAT,EUR,MD,2022-S2,0.1495,2026-05-28
nrg_pc_205,IC_MWH500-1999,KWH,X_VAT,EUR,MD,2023-S1,0.1465,2026-05-28
nrg_pc_205,IC_MWH500-1999,KWH,X_VAT,EUR,MD,2023-S2,0.1098,2026-05-28
nrg_pc_205,IC_MWH500-1999,KWH,X_VAT,EUR,MD,2024-S1,0.0989,2026-05-28
nrg_pc_205,IC_MWH500-1999,KWH,X_VAT,EUR,MD,2024-S2,0.0975,2026-05-28
nrg_pc_205,IC_MWH500-1999,KWH,X_VAT,EUR,MD,2025-S1,0.1695,2026-05-28
nrg_pc_205,IC_MWH500-1999,KWH,X_VAT,EUR,MD,2025-S2,0.1583,2026-05-28
nrg_pc_205,IC_MWH500-1999,KWH,X_VAT,EUR,ME,2019-S1,0.0868,2026-05-28
nrg_pc_205,IC_MWH500-1999,KWH,X_VAT,EUR,ME,2019-S2,0.0879,2026-05-28
nrg_pc_205,IC_MWH500-1999,KWH,X_VAT,EUR,ME,2020-S1,0.0857,2026-05-28
nrg_pc_205,IC_MWH500-1999,KWH,X_VAT,EUR,ME,2020-S2,0.0659,2026-05-28
nrg_pc_205,IC_MWH500-1999,KWH,X_VAT,EUR,ME,2021-S1,0.0867,2026-05-28
nrg_pc_205,IC_MWH500-1999,KWH,X_VAT,EUR,ME,2021-S2,0.0665,2026-05-28
nrg_pc_205,IC_MWH500-1999,KWH,X_VAT,EUR,ME,2022-S1,0.085,2026-05-28
nrg_pc_205,IC_MWH500-1999,KWH,X_VAT,EUR,ME,2022-S2,0.0859,2026-05-28
nrg_pc_205,IC_MWH500-1999,KWH,X_VAT,EUR,ME,2023-S1,0.0861,2026-05-28
nrg_pc_205,IC_MWH500-1999,KWH,X_VAT,EUR,ME,2023-S2,0.0816,2026-05-28
nrg_pc_205,IC_MWH500-1999,KWH,X_VAT,EUR,ME,2024-S1,0.0851,2026-05-28
nrg_pc_205,IC_MWH500-1999,KWH,X_VAT,EUR,ME,2024-S2,0.0848,2026-05-28
nrg_pc_205,IC_MWH500-1999,KWH,X_VAT,EUR,ME,2025-S1,0.0867,2026-05-28
nrg_pc_205,IC_MWH500-1999,KWH,X_VAT,EUR,ME,2025-S2,0.0872,2026-05-28
nrg_pc_205,IC_MWH500-1999,KWH,X_VAT,EUR,MK,2019-S1,0.0687,2026-05-28
nrg_pc_205,IC_MWH500-1999,KWH,X_VAT,EUR,MK,2019-S2,0.0733,2026-05-28
nrg_pc_205,IC_MWH500-1999,KWH,X_VAT,EUR,MK,2020-S1,0.0778,2026-05-28
nrg_pc_205,IC_MWH500-1999,KWH,X_VAT,EUR,MK,2020-S2,0.0756,2026-05-28
nrg_pc_205,IC_MWH500-1999,KWH,X_VAT,EUR,MK,2021-S1,0.0752,2026-05-28
nrg_pc_205,IC_MWH500-1999,KWH,X_VAT,EUR,MK,2021-S2,0.1225,2026-05-28
nrg_pc_205,IC_MWH500-1999,KWH,X_VAT,EUR,MK,2022-S1,0.1685,2026-05-28
nrg_pc_205,IC_MWH500-1999,KWH,X_VAT,EUR,MK,2022-S2,0.3215,2026-05-28
nrg_pc_205,IC_MWH500-1999,KWH,X_VAT,EUR,MK,2023-S1,0.169,2026-05-28
nrg_pc_205,IC_MWH500-1999,KWH,X_VAT,EUR,MK,2023-S2,0.1168,2026-05-28
nrg_pc_205,IC_MWH500-1999,KWH,X_VAT,EUR,MK,2024-S1,0.1006,2026-05-28
nrg_pc_205,IC_MWH500-1999,KWH,X_VAT,EUR,MK,2024-S2,0.1458,2026-05-28
nrg_pc_205,IC_MWH500-1999,KWH,X_VAT,EUR,MK,2025-S1,0.1266,2026-05-28
nrg_pc_205,IC_MWH500-1999,KWH,X_VAT,EUR,MK,2025-S2,0.1241,2026-05-28
nrg_pc_205,IC_MWH500-1999,KWH,X_VAT,EUR,MT,2019-S1,0.1345,2026-05-28
nrg_pc_205,IC_MWH500-1999,KWH,X_VAT,EUR,MT,2019-S2,0.1355,2026-05-28
nrg_pc_205,IC_MWH500-1999,KWH,X_VAT,EUR,MT,2020-S1,0.1343,2026-05-28
nrg_pc_205,IC_MWH500-1999,KWH,X_VAT,EUR,MT,2020-S2,0.1342,2026-05-28
nrg_pc_205,IC_MWH500-1999,KWH,X_VAT,EUR,MT,2021-S1,0.1345,2026-05-28
nrg_pc_205,IC_MWH500-1999,KWH,X_VAT,EUR,MT,2021-S2,0.1401,2026-05-28
nrg_pc_205,IC_MWH500-1999,KWH,X_VAT,EUR,MT,2022-S1,0.1347,2026-05-28
nrg_pc_205,IC_MWH500-1999,KWH,X_VAT,EUR,MT,2022-S2,0.1348,2026-05-28
nrg_pc_205,IC_MWH500-1999,KWH,X_VAT,EUR,MT,2023-S1,0.1411,2026-05-28
nrg_pc_205,IC_MWH500-1999,KWH,X_VAT,EUR,MT,2023-S2,0.1411,2026-05-28
nrg_pc_205,IC_MWH500-1999,KWH,X_VAT,EUR,MT,2024-S1,0.1409,2026-05-28
nrg_pc_205,IC_MWH500-1999,KWH,X_VAT,EUR,MT,2024-S2,0.1346,2026-05-28
nrg_pc_205,IC_MWH500-1999,KWH,X_VAT,EUR,MT,2025-S1,0.1351,2026-05-28
nrg_pc_205,IC_MWH500-1999,KWH,X_VAT,EUR,MT,2025-S2,0.1352,2026-05-28
nrg_pc_205,IC_MWH500-1999,KWH,X_VAT,EUR,NL,2019-S1,0.099,2026-05-28
nrg_pc_205,IC_MWH500-1999,KWH,X_VAT,EUR,NL,2019-S2,0.095,2026-05-28
nrg_pc_205,IC_MWH500-1999,KWH,X_VAT,EUR,NL,2020-S1,0.1126,2026-05-28
nrg_pc_205,IC_MWH500-1999,KWH,X_VAT,EUR,NL,2020-S2,0.1089,2026-05-28
nrg_pc_205,IC_MWH500-1999,KWH,X_VAT,EUR,NL,2021-S1,0.1185,2026-05-28
nrg_pc_205,IC_MWH500-1999,KWH,X_VAT,EUR,NL,2021-S2,0.1296,2026-05-28
nrg_pc_205,IC_MWH500-1999,KWH,X_VAT,EUR,NL,2022-S1,0.1773,2026-05-28
nrg_pc_205,IC_MWH500-1999,KWH,X_VAT,EUR,NL,2022-S2,0.1861,2026-05-28
nrg_pc_205,IC_MWH500-1999,KWH,X_VAT,EUR,NL,2023-S1,0.2448,2026-05-28
nrg_pc_205,IC_MWH500-1999,KWH,X_VAT,EUR,NL,2023-S2,0.2177,2026-05-28
nrg_pc_205,IC_MWH500-1999,KWH,X_VAT,EUR,NL,2024-S1,0.2093,2026-05-28
nrg_pc_205,IC_MWH500-1999,KWH,X_VAT,EUR,NL,2024-S2,0.2105,2026-05-28
nrg_pc_205,IC_MWH500-1999,KWH,X_VAT,EUR,NL,2025-S1,0.2081,2026-05-28
nrg_pc_205,IC_MWH500-1999,KWH,X_VAT,EUR,NL,2025-S2,0.1991,2026-05-28
nrg_pc_205,IC_MWH500-1999,KWH,X_VAT,EUR,NO,2019-S1,0.0829,2026-05-28
nrg_pc_205,IC_MWH500-1999,KWH,X_VAT,EUR,NO,2019-S2,0.0759,2026-05-28
nrg_pc_205,IC_MWH500-1999,KWH,X_VAT,EUR,NO,2020-S1,0.0508,2026-05-28
nrg_pc_205,IC_MWH500-1999,KWH,X_VAT,EUR,NO,2020-S2,0.0483,2026-05-28
nrg_pc_205,IC_MWH500-1999,KWH,X_VAT,EUR,NO,2021-S1,0.0811,2026-05-28
nrg_pc_205,IC_MWH500-1999,KWH,X_VAT,EUR,NO,2021-S2,0.12,2026-05-28
nrg_pc_205,IC_MWH500-1999,KWH,X_VAT,EUR,NO,2022-S1,0.1467,2026-05-28
nrg_pc_205,IC_MWH500-1999,KWH,X_VAT,EUR,NO,2022-S2,0.213,2026-05-28
nrg_pc_205,IC_MWH500-1999,KWH,X_VAT,EUR,NO,2023-S1,0.114,2026-05-28
nrg_pc_205,IC_MWH500-1999,KWH,X_VAT,EUR,NO,2023-S2,0.0822,2026-05-28
nrg_pc_205,IC_MWH500-1999,KWH,X_VAT,EUR,NO,2024-S1,0.0876,2026-05-28
nrg_pc_205,IC_MWH500-1999,KWH,X_VAT,EUR,NO,2024-S2,0.0684,2026-05-28
nrg_pc_205,IC_MWH500-1999,KWH,X_VAT,EUR,NO,2025-S1,0.082,2026-05-28
nrg_pc_205,IC_MWH500-1999,KWH,X_VAT,EUR,NO,2025-S2,0.0827,2026-05-28
nrg_pc_205,IC_MWH500-1999,KWH,X_VAT,EUR,PL,2019-S1,0.1003,2026-05-28
nrg_pc_205,IC_MWH500-1999,KWH,X_VAT,EUR,PL,2019-S2,0.0828,2026-05-28
nrg_pc_205,IC_MWH500-1999,KWH,X_VAT,EUR,PL,2020-S1,0.1086,2026-05-28
nrg_pc_205,IC_MWH500-1999,KWH,X_VAT,EUR,PL,2020-S2,0.1077,2026-05-28
nrg_pc_205,IC_MWH500-1999,KWH,X_VAT,EUR,PL,2021-S1,0.1092,2026-05-28
nrg_pc_205,IC_MWH500-1999,KWH,X_VAT,EUR,PL,2021-S2,0.1104,2026-05-28
nrg_pc_205,IC_MWH500-1999,KWH,X_VAT,EUR,PL,2022-S1,0.1555,2026-05-28
nrg_pc_205,IC_MWH500-1999,KWH,X_VAT,EUR,PL,2022-S2,0.1702,2026-05-28
nrg_pc_205,IC_MWH500-1999,KWH,X_VAT,EUR,PL,2023-S1,0.2133,2026-05-28
nrg_pc_205,IC_MWH500-1999,KWH,X_VAT,EUR,PL,2023-S2,0.2119,2026-05-28
nrg_pc_205,IC_MWH500-1999,KWH,X_VAT,EUR,PL,2024-S1,0.2083,2026-05-28
nrg_pc_205,IC_MWH500-1999,KWH,X_VAT,EUR,PL,2024-S2,0.21,2026-05-28
nrg_pc_205,IC_MWH500-1999,KWH,X_VAT,EUR,PL,2025-S1,0.1995,2026-05-28
nrg_pc_205,IC_MWH500-1999,KWH,X_VAT,EUR,PL,2025-S2,0.1915,2026-05-28
nrg_pc_205,IC_MWH500-1999,KWH,X_VAT,EUR,PT,2019-S1,0.1162,2026-05-28
nrg_pc_205,IC_MWH500-1999,KWH,X_VAT,EUR,PT,2019-S2,0.1159,2026-05-28
nrg_pc_205,IC_MWH500-1999,KWH,X_VAT,EUR,PT,2020-S1,0.1125,2026-05-28
nrg_pc_205,IC_MWH500-1999,KWH,X_VAT,EUR,PT,2020-S2,0.1114,2026-05-28
nrg_pc_205,IC_MWH500-1999,KWH,X_VAT,EUR,PT,2021-S1,0.1066,2026-05-28
nrg_pc_205,IC_MWH500-1999,KWH,X_VAT,EUR,PT,2021-S2,0.1186,2026-05-28
nrg_pc_205,IC_MWH500-1999,KWH,X_VAT,EUR,PT,2022-S1,0.1202,2026-05-28
nrg_pc_205,IC_MWH500-1999,KWH,X_VAT,EUR,PT,2022-S2,0.1359,2026-05-28
nrg_pc_205,IC_MWH500-1999,KWH,X_VAT,EUR,PT,2023-S1,0.0954,2026-05-28
nrg_pc_205,IC_MWH500-1999,KWH,X_VAT,EUR,PT,2023-S2,0.1161,2026-05-28
nrg_pc_205,IC_MWH500-1999,KWH,X_VAT,EUR,PT,2024-S1,0.1149,2026-05-28
nrg_pc_205,IC_MWH500-1999,KWH,X_VAT,EUR,PT,2024-S2,0.1332,2026-05-28
nrg_pc_205,IC_MWH500-1999,KWH,X_VAT,EUR,PT,2025-S1,0.1322,2026-05-28
nrg_pc_205,IC_MWH500-1999,KWH,X_VAT,EUR,PT,2025-S2,0.1329,2026-05-28
nrg_pc_205,IC_MWH500-1999,KWH,X_VAT,EUR,RO,2019-S1,0.0972,2026-05-28
nrg_pc_205,IC_MWH500-1999,KWH,X_VAT,EUR,RO,2019-S2,0.1014,2026-05-28
nrg_pc_205,IC_MWH500-1999,KWH,X_VAT,EUR,RO,2020-S1,0.1063,2026-05-28
nrg_pc_205,IC_MWH500-1999,KWH,X_VAT,EUR,RO,2020-S2,0.1019,2026-05-28
nrg_pc_205,IC_MWH500-1999,KWH,X_VAT,EUR,RO,2021-S1,0.0992,2026-05-28
nrg_pc_205,IC_MWH500-1999,KWH,X_VAT,EUR,RO,2021-S2,0.1293,2026-05-28
nrg_pc_205,IC_MWH500-1999,KWH,X_VAT,EUR,RO,2022-S1,0.2347,2026-05-28
nrg_pc_205,IC_MWH500-1999,KWH,X_VAT,EUR,RO,2022-S2,0.3573,2026-05-28
nrg_pc_205,IC_MWH500-1999,KWH,X_VAT,EUR,RO,2023-S1,0.1781,2026-05-28
nrg_pc_205,IC_MWH500-1999,KWH,X_VAT,EUR,RO,2023-S2,0.1718,2026-05-28
nrg_pc_205,IC_MWH500-1999,KWH,X_VAT,EUR,RO,2024-S1,0.1599,2026-05-28
nrg_pc_205,IC_MWH500-1999,KWH,X_VAT,EUR,RO,2024-S2,0.1669,2026-05-28
nrg_pc_205,IC_MWH500-1999,KWH,X_VAT,EUR,RO,2025-S1,0.1719,2026-05-28
nrg_pc_205,IC_MWH500-1999,KWH,X_VAT,EUR,RO,2025-S2,0.1887,2026-05-28
nrg_pc_205,IC_MWH500-1999,KWH,X_VAT,EUR,RS,2019-S1,0.0833,2026-05-28
nrg_pc_205,IC_MWH500-1999,KWH,X_VAT,EUR,RS,2019-S2,0.0813,2026-05-28
nrg_pc_205,IC_MWH500-1999,KWH,X_VAT,EUR,RS,2020-S1,0.0814,2026-05-28
nrg_pc_205,IC_MWH500-1999,KWH,X_VAT,EUR,RS,2020-S2,0.0796,2026-05-28
nrg_pc_205,IC_MWH500-1999,KWH,X_VAT,EUR,RS,2021-S1,0.0795,2026-05-28
nrg_pc_205,IC_MWH500-1999,KWH,X_VAT,EUR,RS,2021-S2,0.0873,2026-05-28
nrg_pc_205,IC_MWH500-1999,KWH,X_VAT,EUR,RS,2022-S1,0.0964,2026-05-28
nrg_pc_205,IC_MWH500-1999,KWH,X_VAT,EUR,RS,2022-S2,0.1172,2026-05-28
nrg_pc_205,IC_MWH500-1999,KWH,X_VAT,EUR,RS,2023-S1,0.1384,2026-05-28
nrg_pc_205,IC_MWH500-1999,KWH,X_VAT,EUR,RS,2023-S2,0.1492,2026-05-28
nrg_pc_205,IC_MWH500-1999,KWH,X_VAT,EUR,RS,2024-S1,0.1533,2026-05-28
nrg_pc_205,IC_MWH500-1999,KWH,X_VAT,EUR,RS,2024-S2,0.1333,2026-05-28
nrg_pc_205,IC_MWH500-1999,KWH,X_VAT,EUR,RS,2025-S1,0.1411,2026-05-28
nrg_pc_205,IC_MWH500-1999,KWH,X_VAT,EUR,RS,2025-S2,0.1516,2026-05-28
nrg_pc_205,IC_MWH500-1999,KWH,X_VAT,EUR,SE,2019-S1,0.0772,2026-05-28
nrg_pc_205,IC_MWH500-1999,KWH,X_VAT,EUR,SE,2019-S2,0.0694,2026-05-28
nrg_pc_205,IC_MWH500-1999,KWH,X_VAT,EUR,SE,2020-S1,0.0591,2026-05-28
nrg_pc_205,IC_MWH500-1999,KWH,X_VAT,EUR,SE,2020-S2,0.0672,2026-05-28
nrg_pc_205,IC_MWH500-1999,KWH,X_VAT,EUR,SE,2021-S1,0.0711,2026-05-28
nrg_pc_205,IC_MWH500-1999,KWH,X_VAT,EUR,SE,2021-S2,0.0982,2026-05-28
nrg_pc_205,IC_MWH500-1999,KWH,X_VAT,EUR,SE,2022-S1,0.1121,2026-05-28
nrg_pc_205,IC_MWH500-1999,KWH,X_VAT,EUR,SE,2022-S2,0.1525,2026-05-28
nrg_pc_205,IC_MWH500-1999,KWH,X_VAT,EUR,SE,2023-S1,0.1069,2026-05-28
nrg_pc_205,IC_MWH500-1999,KWH,X_VAT,EUR,SE,2023-S2,0.0901,2026-05-28
nrg_pc_205,IC_MWH500-1999,KWH,X_VAT,EUR,SE,2024-S1,0.0942,2026-05-28
nrg_pc_205,IC_MWH500-1999,KWH,X_VAT,EUR,SE,2024-S2,0.0853,2026-05-28
nrg_pc_205,IC_MWH500-1999,KWH,X_VAT,EUR,SE,2025-S1,0.0964,2026-05-28
nrg_pc_205,IC_MWH500-1999,KWH,X_VAT,EUR,SE,2025-S2,0.097,2026-05-28
nrg_pc_205,IC_MWH500-1999,KWH,X_VAT,EUR,SI,2019-S1,0.0959,2026-05-28
nrg_pc_205,IC_MWH500-1999,KWH,X_VAT,EUR,SI,2019-S2,0.0953,2026-05-28
nrg_pc_205,IC_MWH500-1999,KWH,X_VAT,EUR,SI,2020-S1,0.0984,2026-05-28
nrg_pc_205,IC_MWH500-1999,KWH,X_VAT,EUR,SI,2020-S2,0.0976,2026-05-28
nrg_pc_205,IC_MWH500-1999,KWH,X_VAT,EUR,SI,2021-S1,0.092,2026-05-28
nrg_pc_205,IC_MWH500-1999,KWH,X_VAT,EUR,SI,2021-S2,0.0999,2026-05-28
nrg_pc_205,IC_MWH500-1999,KWH,X_VAT,EUR,SI,2022-S1,0.1585,2026-05-28
nrg_pc_205,IC_MWH500-1999,KWH,X_VAT,EUR,SI,2022-S2,0.1968,2026-05-28
nrg_pc_205,IC_MWH500-1999,KWH,X_VAT,EUR,SI,2023-S1,0.2213,2026-05-28
nrg_pc_205,IC_MWH500-1999,KWH,X_VAT,EUR,SI,2023-S2,0.2047,2026-05-28
nrg_pc_205,IC_MWH500-1999,KWH,X_VAT,EUR,SI,2024-S1,0.1725,2026-05-28
nrg_pc_205,IC_MWH500-1999,KWH,X_VAT,EUR,SI,2024-S2,0.1802,2026-05-28
nrg_pc_205,IC_MWH500-1999,KWH,X_VAT,EUR,SI,2025-S1,0.1555,2026-05-28
nrg_pc_205,IC_MWH500-1999,KWH,X_VAT,EUR,SI,2025-S2,0.1503,2026-05-28
nrg_pc_205,IC_MWH500-1999,KWH,X_VAT,EUR,SK,2019-S1,0.1286,2026-05-28
nrg_pc_205,IC_MWH500-1999,KWH,X_VAT,EUR,SK,2019-S2,0.1317,2026-05-28
nrg_pc_205,IC_MWH500-1999,KWH,X_VAT,EUR,SK,2020-S1,0.1321,2026-05-28
nrg_pc_205,IC_MWH500-1999,KWH,X_VAT,EUR,SK,2020-S2,0.1316,2026-05-28
nrg_pc_205,IC_MWH500-1999,KWH,X_VAT,EUR,SK,2021-S1,0.1275,2026-05-28
nrg_pc_205,IC_MWH500-1999,KWH,X_VAT,EUR,SK,2021-S2,0.1345,2026-05-28
nrg_pc_205,IC_MWH500-1999,KWH,X_VAT,EUR,SK,2022-S1,0.216,2026-05-28
nrg_pc_205,IC_MWH500-1999,KWH,X_VAT,EUR,SK,2022-S2,0.2429,2026-05-28
nrg_pc_205,IC_MWH500-1999,KWH,X_VAT,EUR,SK,2023-S1,0.2687,2026-05-28
nrg_pc_205,IC_MWH500-1999,KWH,X_VAT,EUR,SK,2023-S2,0.233,2026-05-28
nrg_pc_205,IC_MWH500-1999,KWH,X_VAT,EUR,SK,2024-S1,0.1883,2026-05-28
nrg_pc_205,IC_MWH500-1999,KWH,X_VAT,EUR,SK,2024-S2,0.2061,2026-05-28
nrg_pc_205,IC_MWH500-1999,KWH,X_VAT,EUR,SK,2025-S1,0.1967,2026-05-28
nrg_pc_205,IC_MWH500-1999,KWH,X_VAT,EUR,SK,2025-S2,0.209,2026-05-28
nrg_pc_205,IC_MWH500-1999,KWH,X_VAT,EUR,TR,2019-S1,0.0706,2026-05-28
nrg_pc_205,IC_MWH500-1999,KWH,X_VAT,EUR,TR,2019-S2,0.087,2026-05-28
nrg_pc_205,IC_MWH500-1999,KWH,X_VAT,EUR,TR,2020-S1,0.0799,2026-05-28
nrg_pc_205,IC_MWH500-1999,KWH,X_VAT,EUR,TR,2020-S2,0.064,2026-05-28
nrg_pc_205,IC_MWH500-1999,KWH,X_VAT,EUR,TR,2021-S1,0.0661,2026-05-28
nrg_pc_205,IC_MWH500-1999,KWH,X_VAT,EUR,TR,2021-S2,0.0736,2026-05-28
nrg_pc_205,IC_MWH500-1999,KWH,X_VAT,EUR,TR,2022-S1,0.1181,2026-05-28
nrg_pc_205,IC_MWH500-1999,KWH,X_VAT,EUR,TR,2022-S2,0.1949,2026-05-28
nrg_pc_205,IC_MWH500-1999,KWH,X_VAT,EUR,TR,2023-S1,0.1402,2026-05-28
nrg_pc_205,IC_MWH500-1999,KWH,X_VAT,EUR,TR,2023-S2,0.0994,2026-05-28
nrg_pc_205,IC_MWH500-1999,KWH,X_VAT,EUR,TR,2024-S1,0.0905,2026-05-28
nrg_pc_205,IC_MWH500-1999,KWH,X_VAT,EUR,TR,2024-S2,0.0972,2026-05-28
nrg_pc_205,IC_MWH500-1999,KWH,X_VAT,EUR,TR,2025-S1,0.0902,2026-05-28
nrg_pc_205,IC_MWH500-1999,KWH,X_VAT,EUR,TR,2025-S2,0.0885,2026-05-28
nrg_pc_205,IC_MWH500-1999,KWH,X_VAT,EUR,UA,2019-S1,0.0656,2026-05-28
nrg_pc_205,IC_MWH500-1999,KWH,X_VAT,EUR,UA,2019-S2,0.0709,2026-05-28
nrg_pc_205,IC_MWH500-1999,KWH,X_VAT,EUR,UA,2020-S1,0.0595,2026-05-28
nrg_pc_205,IC_MWH500-1999,KWH,X_VAT,EUR,UA,2020-S2,0.0558,2026-05-28
nrg_pc_205,IC_MWH500-1999,KWH,X_VAT,EUR,UA,2021-S1,0.0595,2026-05-28
nrg_pc_205,IC_MWH500-1999,KWH,X_VAT,EUR,UK,2019-S1,0.1519,2026-05-28
nrg_pc_205,IC_MWH500-1999,KWH,X_VAT,EUR,UK,2019-S2,0.156,2026-05-28
nrg_pc_205,IC_MWH500-1999,KWH,X_VAT,EUR,UK,2020-S1,0.1648,2026-05-28
nrg_pc_205,IC_MWH500-1999,KWH,X_VAT,EUR,XK,2019-S1,0.066,2026-05-28
nrg_pc_205,IC_MWH500-1999,KWH,X_VAT,EUR,XK,2019-S2,0.0679,2026-05-28
nrg_pc_205,IC_MWH500-1999,KWH,X_VAT,EUR,XK,2020-S1,0.0672,2026-05-28
nrg_pc_205,IC_MWH500-1999,KWH,X_VAT,EUR,XK,2020-S2,0.0679,2026-05-28
nrg_pc_205,IC_MWH500-1999,KWH,X_VAT,EUR,XK,2021-S1,0.0673,2026-05-28
nrg_pc_205,IC_MWH500-1999,KWH,X_VAT,EUR,XK,2021-S2,0.0676,2026-05-28
nrg_pc_205,IC_MWH500-1999,KWH,X_VAT,EUR,XK,2022-S1,0.067,2026-05-28
nrg_pc_205,IC_MWH500-1999,KWH,X_VAT,EUR,XK,2022-S2,0.0676,2026-05-28
nrg_pc_205,IC_MWH500-1999,KWH,X_VAT,EUR,XK,2023-S1,0.073,2026-05-28
nrg_pc_205,IC_MWH500-1999,KWH,X_VAT,EUR,XK,2023-S2,0.0785,2026-05-28
nrg_pc_205,IC_MWH500-1999,KWH,X_VAT,EUR,XK,2024-S1,0.0772,2026-05-28
nrg_pc_205,IC_MWH500-1999,KWH,X_VAT,EUR,XK,2024-S2,0.0759,2026-05-28
