eprtr_facility_id,facility_name,country,iso3,analysis_year,temp_band,heat_MWh,least_cost_pathway_grid,least_cost_pathway_off,pathway_flip,lcoh_winner_grid,lcoh_winner_off,delta_winner_lcoh,lcoh_gas_grid,lcoh_gas_off,lcoh_hb_grid,lcoh_hb_off,lcoh_hp_grid,lcoh_hp_off,elec_grid_EUR_MWh,elec_off_hb_EUR_MWh,elec_off_hp_EUR_MWh,gas_EUR_MWh
UK.CAED/EW_EA-1433.FACILITY,Immingham CHP Power Station EPR/BJ8022IZ,United Kingdom,GBR,2019,mid,30703333.34,natural_gas,natural_gas,same,40.822,40.822,0.0,40.822,40.822,173.208,54.322,,,153.95,46.953,147.581,30.63
UK.CAED/EW_EA-10358.FACILITY,Staythorpe C Power Station EPR/VP3538XX,United Kingdom,GBR,2019,mid,16638888.89,natural_gas,natural_gas,same,40.822,40.822,0.0,40.822,40.822,173.208,54.322,,,153.95,46.953,147.581,30.63
BG.CAED/013001002.FACILITY,Maritsa East 2 power station,Bulgaria,BGR,2017,mid,14074444.45,natural_gas,natural_gas,same,31.451,31.451,0.0,31.451,31.451,88.43,46.197,,,77.65,39.64,95.784,26.136
UK.CAED/EW_EA-2363.FACILITY,Saltend Cogeneration Plant EPR/QP3539LE,United Kingdom,GBR,2019,mid,13390741.67,natural_gas,natural_gas,same,40.822,40.822,0.0,40.822,40.822,173.208,54.322,,,153.95,46.953,147.581,30.63
UK.CAED/EW_EA-17044.FACILITY,West Burton CCGT Power Station EPR/CP3035MK,United Kingdom,GBR,2019,mid,12861111.11,natural_gas,natural_gas,same,40.822,40.822,0.0,40.822,40.822,173.208,54.322,,,153.95,46.953,147.581,30.63
UK.CAED/EW_EA-1023.FACILITY,Grain Power Station EPR/EP3533RY,United Kingdom,GBR,2019,mid,12126333.33,natural_gas,natural_gas,same,40.822,40.822,0.0,40.822,40.822,173.208,54.322,,,153.95,46.953,147.581,30.63
UK.CAED/EW_EA-3999.FACILITY,Didcot B Power Station EPR/YP3930LZ,United Kingdom,GBR,2019,mid,11771361.11,natural_gas,natural_gas,same,40.822,40.822,0.0,40.822,40.822,173.208,54.322,,,153.95,46.953,147.581,30.63
https://registry.gdi-de.org/id/de.st.lau.pf.anlagen-ied-euregistry/100064,Ravapor GmbH ,Germany,DEU,2017,mid,11332569.45,natural_gas,natural_gas,same,40.885,40.885,0.0,40.885,40.885,170.653,47.885,,,151.65,41.159,143.427,34.626
UK.CAED/EW_EA-1362.FACILITY,South Humber Bank Power Station EPR/MP3235LY,United Kingdom,GBR,2019,mid,9769444.45,natural_gas,natural_gas,same,40.822,40.822,0.0,40.822,40.822,173.208,54.322,,,153.95,46.953,147.581,30.63
UK.CAED/EW_EA-2531.FACILITY,Spalding Power Station EPR/BK0701IW,United Kingdom,GBR,2017,mid,9342222.22,natural_gas,natural_gas,same,31.698,31.698,0.0,31.698,31.698,141.597,54.322,,,125.5,46.953,147.581,26.358
ES.CAED/005717000.FACILITY,CENTRAL TERMICA DE CICLE COMBINAT (SANT ADRIÀ DE BESÒS - GRUP 3),Spain,ESP,2017,mid,8263037.78,natural_gas,natural_gas,same,35.705,35.705,0.0,35.705,35.705,118.43,36.946,,,104.65,31.314,132.762,29.965
IT.EEA/2007000629.FACILITY,ENGIE PRODUZIONE SPA,Italy,ITA,2017,mid,7983797.37,natural_gas,natural_gas,same,34.719,34.719,0.0,34.719,34.719,164.708,38.962,,,146.3,33.128,134.577,29.077
SE.CAED/10019649.Facility,"Preemraff, Lysekil",Sweden,SWE,2024,mid,7842525.0,heat_battery,heat_battery,same,101.875,44.744,-57.131,143.072,143.072,101.875,44.744,,,89.75,38.332,139.78,115.586
UK.CAED/EW_EA-12827.FACILITY,Marchwood Power Station EPR/BL6217IM,United Kingdom,GBR,2019,mid,7777777.78,natural_gas,natural_gas,same,40.822,40.822,0.0,40.822,40.822,173.208,54.322,,,153.95,46.953,147.581,30.63
UK.CAED/EW_EA-16786.FACILITY,Intera South West Energy Recovery Facility,United Kingdom,GBR,2019,high,7777777.78,natural_gas,natural_gas,same,40.822,40.822,0.0,40.822,40.822,173.208,54.322,,,153.95,46.953,147.581,30.63
UK.CAED/EW_EA-2932.FACILITY,SUTTON COURTENAY LANDFILL  EPR/BV7001IK,United Kingdom,GBR,2011,high,7777777.78,natural_gas,natural_gas,same,36.341,36.341,0.0,36.341,36.341,114.708,54.322,,,101.3,46.953,147.581,29.021
GB.EEA/EW_EA-2318.FACILITY,"Rwe Npower Plc, Didcot A Power Station",United Kingdom,GBR,2013,mid,7777777.78,natural_gas,natural_gas,same,45.901,45.901,0.0,45.901,45.901,133.319,54.322,,,118.05,46.953,147.581,39.342
UK.CAED/EW_EA-18583.FACILITY,Carrington Power Station EPR/RP3438GG,United Kingdom,GBR,2019,mid,7666666.67,natural_gas,natural_gas,same,40.822,40.822,0.0,40.822,40.822,173.208,54.322,,,153.95,46.953,147.581,30.63
UK.SEPA/200000142.Facility,Peterhead Power Station,United Kingdom,GBR,2019,mid,7611111.11,natural_gas,natural_gas,same,40.822,40.822,0.0,40.822,40.822,173.208,54.322,,,153.95,46.953,147.581,30.63
CZ.MZP.S206/CZ32569075.FACILITY,"ČEZ, a. s. Elektrárna Mělník, Teplárna Trmice - provoz Mělník",Czechia,CZE,2019,mid,7076759.16,natural_gas,natural_gas,same,42.487,42.487,0.0,42.487,42.487,88.375,44.744,,,77.6,38.332,139.78,32.129
https://registry.gdi-de.org/id/de.nw.inspire.pf.bube-eureg/arb-2017-978024-900-9141660,Trianel Kohlekraftwerk Lünen GmbH & Co. KG,Germany,DEU,2019,mid,6288635.83,natural_gas,natural_gas,same,44.891,44.891,0.0,44.891,44.891,177.986,47.885,,,158.25,41.159,143.427,34.293
UK.CAED/EW_EA-7307.FACILITY,Rocksavage Power Station EPR/BS5380IC,United Kingdom,GBR,2019,mid,6277777.78,natural_gas,natural_gas,same,40.822,40.822,0.0,40.822,40.822,173.208,54.322,,,153.95,46.953,147.581,30.63
UK.CAED/EW_EA-2401.FACILITY,Seabank Power Station EPR/BV3006IN,United Kingdom,GBR,2019,mid,6197222.22,natural_gas,natural_gas,same,40.822,40.822,0.0,40.822,40.822,173.208,54.322,,,153.95,46.953,147.581,30.63
UK.CAED/EW_EA-18795.FACILITY,Severnside Energy Recovery Centre EPR/ZP3937KL,United Kingdom,GBR,2019,high,6197222.22,natural_gas,natural_gas,same,40.822,40.822,0.0,40.822,40.822,173.208,54.322,,,153.95,46.953,147.581,30.63
UK.CAED/P0125_06A.FACILITY,EP  Ballylumford Ltd,United Kingdom,GBR,2019,mid,5537449.17,natural_gas,natural_gas,same,40.822,40.822,0.0,40.822,40.822,173.208,54.322,,,153.95,46.953,147.581,30.63
UK.SEPA/200000034.Facility,Longannet Power Station,United Kingdom,GBR,2016,mid,5269111.11,natural_gas,natural_gas,same,35.705,35.705,0.0,35.705,35.705,149.653,54.322,,,132.75,46.953,147.581,29.965
UK.CAED/EW_EA-2321.FACILITY,Little Barford Power Station EPR/AP3630LG,United Kingdom,GBR,2019,mid,5253791.67,natural_gas,natural_gas,same,40.822,40.822,0.0,40.822,40.822,173.208,54.322,,,153.95,46.953,147.581,30.63
UK.CAED/EW_EA-7030.FACILITY,Coryton Power Station EPR/EP3833LY,United Kingdom,GBR,2019,mid,4600000.0,natural_gas,natural_gas,same,40.822,40.822,0.0,40.822,40.822,173.208,54.322,,,153.95,46.953,147.581,30.63
UK.CAED/EW_EA-1021.FACILITY,Cottam CDC Power Station EPR/NP3033RD,United Kingdom,GBR,2019,mid,4416666.67,natural_gas,natural_gas,same,40.822,40.822,0.0,40.822,40.822,173.208,54.322,,,153.95,46.953,147.581,30.63
UK.CAED/EW_EA-6557.FACILITY,Great Yarmouth Power Station EPR/KP3531US,United Kingdom,GBR,2019,mid,4361111.11,natural_gas,natural_gas,same,40.822,40.822,0.0,40.822,40.822,173.208,54.322,,,153.95,46.953,147.581,30.63
UK.CAED/EW_EA-1563.FACILITY,Keadby Power Station EPR/YP3133LL,United Kingdom,GBR,2019,mid,4336416.67,natural_gas,natural_gas,same,40.822,40.822,0.0,40.822,40.822,173.208,54.322,,,153.95,46.953,147.581,30.63
UK.CAED/NRW170265.FACILITY,Pembroke Power Station,United Kingdom,GBR,2019,mid,4259722.22,natural_gas,natural_gas,same,40.822,40.822,0.0,40.822,40.822,173.208,54.322,,,153.95,46.953,147.581,30.63
UK.CAED/EW_EA-3047.FACILITY,Sutton Bridge Power Station EPR/FP3835LS,United Kingdom,GBR,2019,mid,4177777.78,natural_gas,natural_gas,same,40.822,40.822,0.0,40.822,40.822,173.208,54.322,,,153.95,46.953,147.581,30.63
UK.CAED/EW_EA-1048.FACILITY,Cottam Ash Disposal Site,United Kingdom,GBR,2012,high,4170555.56,natural_gas,natural_gas,same,43.564,43.564,0.0,43.564,43.564,131.93,54.322,,,116.8,46.953,147.581,36.734
UK.CAED/EW_EA-16737.FACILITY,Cottam Power Station EPR/SP3535LT,United Kingdom,GBR,2017,mid,4170555.56,natural_gas,natural_gas,same,31.698,31.698,0.0,31.698,31.698,141.597,54.322,,,125.5,46.953,147.581,26.358
UK.CAED/EW_EA-12824.FACILITY,Langage Energy Centre EPR/AP3633BL,United Kingdom,GBR,2019,mid,4055555.56,natural_gas,natural_gas,same,40.822,40.822,0.0,40.822,40.822,173.208,54.322,,,153.95,46.953,147.581,30.63
UK.CAED/NRW170312.FACILITY,Severn Power Station,United Kingdom,GBR,2019,mid,3986025.0,natural_gas,natural_gas,same,40.822,40.822,0.0,40.822,40.822,173.208,54.322,,,153.95,46.953,147.581,30.63
UK.CAED/NRW170377.FACILITY,Uskmouth Power Plant,United Kingdom,GBR,2016,mid,3986025.0,natural_gas,natural_gas,same,35.705,35.705,0.0,35.705,35.705,149.653,54.322,,,132.75,46.953,147.581,29.965
UK.CAED/EW_EA-1562.FACILITY,Fiddlers Ferry Power Station EPR/BS8192IV,United Kingdom,GBR,2012,mid,3973391.67,natural_gas,natural_gas,same,43.564,43.564,0.0,43.564,43.564,131.93,54.322,,,116.8,46.953,147.581,36.734
GB.EEA/EW_EA-16938.FACILITY,Damhead Creek Power Station,United Kingdom,GBR,2015,mid,3963888.89,natural_gas,natural_gas,same,46.512,46.512,0.0,46.512,46.512,169.319,54.322,,,150.45,46.953,147.581,39.287
UK.CAED/EW_EA-896.FACILITY,Damhead Creek Power Station EPR/DP3933DN,United Kingdom,GBR,2019,mid,3963888.89,natural_gas,natural_gas,same,40.822,40.822,0.0,40.822,40.822,173.208,54.322,,,153.95,46.953,147.581,30.63
https://registry.gdi-de.org/id/de.nw.inspire.pf.bube-eureg/arb-2017-112000-100-0365906,STEAG Power GmbH,Germany,DEU,2019,mid,3926720.28,natural_gas,natural_gas,same,44.891,44.891,0.0,44.891,44.891,177.986,47.885,,,158.25,41.159,143.427,34.293
http://paikkatiedot.fi/so/1002031/pf/ProductionFacility/0000001172.ProductionFacility,"Helen Oy, Hanasaari B -voimalaitos",Finland,FIN,2023,mid,3913333.33,heat_battery,heat_battery,same,104.486,44.744,-59.742000000000004,152.035,152.035,104.486,44.744,,,92.1,38.332,139.78,118.804
PL.MŚ/000000052.FACILITY,TAURON Wytwarzanie Spółka Akcyjna - Oddział Elektrownia Stalowa Wola w Stalowej Woli,Poland,POL,2020,mid,3912361.11,natural_gas,natural_gas,same,42.974,42.974,0.0,42.974,42.974,122.319,44.744,,,108.15,38.332,139.78,32.628
UK.CAED/EW_EA-1118.FACILITY,Fawley Refinery EPR/ZP3839MG,United Kingdom,GBR,2010,mid,3510277.78,natural_gas,natural_gas,same,32.535,32.535,0.0,32.535,32.535,112.653,54.322,,,99.45,46.953,147.581,25.192
UK.CAED/EW_EA-1089.FACILITY,Fawley Refinery EPR/BR6996IC,United Kingdom,GBR,2019,mid,3510277.78,natural_gas,natural_gas,same,40.822,40.822,0.0,40.822,40.822,173.208,54.322,,,153.95,46.953,147.581,30.63
https://registry.gdi-de.org/id/de.sl.inspire.pf/0075248-G,VSE Kraftwerk Ensdorf,Germany,DEU,2017,mid,3398888.89,natural_gas,natural_gas,same,40.885,40.885,0.0,40.885,40.885,170.653,47.885,,,151.65,41.159,143.427,34.626
UK.SEPA/200000050.Facility,Grangemouth CHP Plant,United Kingdom,GBR,2019,mid,3388888.89,natural_gas,natural_gas,same,40.822,40.822,0.0,40.822,40.822,173.208,54.322,,,153.95,46.953,147.581,30.63
UK.CAED/EW_EA-6326.FACILITY,Medway Power Station EPR/HP3939LN,United Kingdom,GBR,2019,mid,3369444.44,natural_gas,natural_gas,same,40.822,40.822,0.0,40.822,40.822,173.208,54.322,,,153.95,46.953,147.581,30.63
UK.CAED/P0126_06A.FACILITY,Coolkeeragh ESB Ltd,United Kingdom,GBR,2019,mid,3328791.67,natural_gas,natural_gas,same,40.822,40.822,0.0,40.822,40.822,173.208,54.322,,,153.95,46.953,147.581,30.63
PL.MŚ/000000005.FACILITY,Zakład Z-2 Knurów,Poland,POL,2010,mid,3256100.0,natural_gas,natural_gas,same,43.202,43.202,0.0,43.202,43.202,111.375,44.744,,,98.3,38.332,139.78,34.792
UK.CAED/EW_EA-5766.FACILITY,Enfield Power Station EPR/NP3833RC,United Kingdom,GBR,2019,mid,3166666.67,natural_gas,natural_gas,same,40.822,40.822,0.0,40.822,40.822,173.208,54.322,,,153.95,46.953,147.581,30.63
UK.CAED/P0120_06A.FACILITY,EP Kilroot  Ltd,United Kingdom,GBR,2019,mid,3048192.78,natural_gas,natural_gas,same,40.822,40.822,0.0,40.822,40.822,173.208,54.322,,,153.95,46.953,147.581,30.63
https://registry.gdi-de.org/id/de.by.inspire.pf.ied/S00041,SWM Heizkraftwerk Nord,Germany,DEU,2019,mid,3025110.83,natural_gas,natural_gas,same,44.891,44.891,0.0,44.891,44.891,177.986,47.885,,,158.25,41.159,143.427,34.293
SK.EEA/37012102a.FACILITY,CM European Power Slovakia s.r.o.,Slovakia,SVK,2016,mid,2933727.37,natural_gas,natural_gas,same,40.453,40.453,0.0,40.453,40.453,124.597,44.744,,,110.2,38.332,139.78,34.237
PT.EEA/100004092.FACILITY,Complexo Industrial de Setúbal da Navigator,Portugal,PRT,2017,high,2914285.83,natural_gas,natural_gas,same,36.322,36.322,0.0,36.322,36.322,129.486,44.744,,,114.6,38.332,139.78,30.519
UK.CAED/EW_EA-754.FACILITY,Humber Oil Refinery EPR/UP3230LR,United Kingdom,GBR,2019,mid,2830287.5,natural_gas,natural_gas,same,40.822,40.822,0.0,40.822,40.822,173.208,54.322,,,153.95,46.953,147.581,30.63
SE.CAED/10020389.Facility,Gruvöns bruk,Sweden,SWE,2024,high,2690505.0,heat_battery,heat_battery,same,101.875,44.744,-57.131,143.072,143.072,101.875,44.744,,,89.75,38.332,139.78,115.586
https://registry.gdi-de.org/id/de.by.inspire.pf.ied/S00044,SWM Heizkraftwerk Süd,Germany,DEU,2019,mid,2508445.28,natural_gas,natural_gas,same,44.891,44.891,0.0,44.891,44.891,177.986,47.885,,,158.25,41.159,143.427,34.293
https://registry.gdi-de.org/id/de.nw.inspire.pf.bube-eureg/arb-2017-170044-100-0431554,Kraftwerk Voerde beschränkt haftende oHG Kraftwerk Voerde Blöcke A und B,Germany,DEU,2017,mid,2453525.0,natural_gas,natural_gas,same,40.885,40.885,0.0,40.885,40.885,170.653,47.885,,,151.65,41.159,143.427,34.626
UK.CAED/EW_EA-3048.FACILITY,West Burton Power Station EPR/SP3935LW,United Kingdom,GBR,2014,mid,2404413.89,natural_gas,natural_gas,same,46.731,46.731,0.0,46.731,46.731,148.097,54.322,,,131.35,46.953,147.581,39.786
SE.CAED/10014311.Facility,Skutskärs Bruk,Sweden,SWE,2024,high,2403630.0,heat_battery,heat_battery,same,101.875,44.744,-57.131,143.072,143.072,101.875,44.744,,,89.75,38.332,139.78,115.586
UK.CAED/EW_EA-1028.FACILITY,Ratcliffe-On-Soar Power Station EPR/EP3133RZ,United Kingdom,GBR,2019,mid,2213330.56,natural_gas,natural_gas,same,40.822,40.822,0.0,40.822,40.822,173.208,54.322,,,153.95,46.953,147.581,30.63
UK.CAED/EW_EA-1561.FACILITY,Ferrybridge C Power Station EPR/VP3337SR,United Kingdom,GBR,2013,mid,2197500.0,natural_gas,natural_gas,same,45.901,45.901,0.0,45.901,45.901,133.319,54.322,,,118.05,46.953,147.581,39.342
UK.CAED/EW_EA-18626.FACILITY,Ferrybridge Multifuel Plant EPR/SP3239FU,United Kingdom,GBR,2019,high,2197500.0,natural_gas,natural_gas,same,40.822,40.822,0.0,40.822,40.822,173.208,54.322,,,153.95,46.953,147.581,30.63
UK.CAED/EW_EA-17768.FACILITY,Ferrybridge Multifuel Plant 2 EPR/XP3833DK,United Kingdom,GBR,2019,high,2197500.0,natural_gas,natural_gas,same,40.822,40.822,0.0,40.822,40.822,173.208,54.322,,,153.95,46.953,147.581,30.63
SE.CAED/10022062.Facility,Gävle bruk,Sweden,SWE,2024,high,2170305.0,heat_battery,heat_battery,same,101.875,44.744,-57.131,143.072,143.072,101.875,44.744,,,89.75,38.332,139.78,115.586
DE.EEA/DE-06-02-B28903H003.FACILITY,ADM Hamburg Aktiengesellschaft Werk Hamburg,Germany,DEU,2017,mid,2102208.33,natural_gas,natural_gas,same,40.885,40.885,0.0,40.885,40.885,170.653,47.885,,,151.65,41.159,143.427,34.626
UK.CAED/EW_EA-67.FACILITY,Drax Power Station EPR/VP3530LS,United Kingdom,GBR,2019,mid,2055077.78,natural_gas,natural_gas,same,40.822,40.822,0.0,40.822,40.822,173.208,54.322,,,153.95,46.953,147.581,30.63
AT.EEA/20000.00532.FACILITY,Linz Strom GmbH,Austria,AUT,2017,high,2052632.42,natural_gas,natural_gas,same,43.597,43.597,0.0,43.597,43.597,109.208,44.744,,,96.35,38.332,139.78,37.067
https://registry.gdi-de.org/id/de.nw.inspire.pf.bube-eureg/arb-2017-978024-900-0884101,Steag GmbH KW Lünen,Germany,DEU,2018,mid,2047084.44,natural_gas,natural_gas,same,43.69,43.69,0.0,43.69,43.69,169.653,47.885,,,150.75,41.159,143.427,35.07
UK.CAED/NRW170020.FACILITY,Baglan Power Station,United Kingdom,GBR,2019,mid,2004235.28,natural_gas,natural_gas,same,40.822,40.822,0.0,40.822,40.822,173.208,54.322,,,153.95,46.953,147.581,30.63
HR.EEA/HR010288724.FACILITY,TE Plomin 2,Croatia,HRV,2017,mid,1996416.67,natural_gas,natural_gas,same,32.808,32.808,0.0,32.808,32.808,101.819,44.744,,,89.7,38.332,139.78,27.357
IT.EEA/2014000514.FACILITY,Servizi Milazzo S.r.l.,Italy,ITA,2017,mid,1949924.53,natural_gas,natural_gas,same,34.719,34.719,0.0,34.719,34.719,164.708,38.962,,,146.3,33.128,134.577,29.077
RO.CAED/101VL0001.FACILITY,SC CET GOVORA SA,Romania,ROU,2014,mid,1918075.0,natural_gas,natural_gas,same,39.949,39.949,0.0,39.949,39.949,95.708,44.744,,,84.2,38.332,139.78,33.682
UK.CAED/EW_EA-1010.FACILITY,Kemsley Paper Mill CHP Plant EPR/BJ7395IG,United Kingdom,GBR,2018,mid,1912500.0,natural_gas,natural_gas,same,38.079,38.079,0.0,38.079,38.079,155.486,54.322,,,138.0,46.953,147.581,30.02
PT.EEA/100002393.FACILITY,"Navigator Pulp Cacia, S.A.",Portugal,PRT,2017,high,1790625.28,natural_gas,natural_gas,same,36.322,36.322,0.0,36.322,36.322,129.486,44.744,,,114.6,38.332,139.78,30.519
https://registry.gdi-de.org/id/de.nw.inspire.pf.bube-eureg/arb-2017-513000-500-0342658,Uniper Kraftwerk Scholven,Germany,DEU,2018,mid,1788751.39,natural_gas,natural_gas,same,43.69,43.69,0.0,43.69,43.69,169.653,47.885,,,150.75,41.159,143.427,35.07
UK.CAED/EW_EA-1014.FACILITY,Winnington Sodium Carbonate Manufacturing Site EPR/EP3337NY,United Kingdom,GBR,2019,mid,1754833.33,natural_gas,natural_gas,same,40.822,40.822,0.0,40.822,40.822,173.208,54.322,,,153.95,46.953,147.581,30.63
UK.CAED/EW_EA-5345.FACILITY,Sellafield Site EPR/BM4317IX,United Kingdom,GBR,2019,mid,1709444.44,natural_gas,natural_gas,same,40.822,40.822,0.0,40.822,40.822,173.208,54.322,,,153.95,46.953,147.581,30.63
UK.CAED/EW_EA-5464.FACILITY,Stanlow Manufacturing Complex,United Kingdom,GBR,2019,mid,1664444.44,natural_gas,natural_gas,same,40.822,40.822,0.0,40.822,40.822,173.208,54.322,,,153.95,46.953,147.581,30.63
SE.CAED/10019434.Facility,Preem  AB Preemraff Göteborg,Sweden,SWE,2024,mid,1590435.0,heat_battery,heat_battery,same,101.875,44.744,-57.131,143.072,143.072,101.875,44.744,,,89.75,38.332,139.78,115.586
NL.RIVM/000104003.FACILITY,Delesto B.V.,Netherlands,NLD,2017,mid,1577678.6,natural_gas,natural_gas,same,42.364,42.364,0.0,42.364,42.364,95.486,44.744,,,84.0,38.332,139.78,35.958
https://registry.gdi-de.org/id/de.nw.inspire.pf.bube-eureg/arb-2017-954020-900-0125939,Mark-E Aktiengesellschaft Cuno Heizkraftwerk,Germany,DEU,2018,mid,1530194.44,natural_gas,natural_gas,same,43.69,43.69,0.0,43.69,43.69,169.653,47.885,,,150.75,41.159,143.427,35.07
https://registry.gdi-de.org/id/de.nw.inspire.pf.bube-eureg/arb-2017-362028-800-0009877,RWE Power AG Veredlungsstandort Knapsacker Hügel,Germany,DEU,2018,mid,1527500.0,natural_gas,natural_gas,same,43.69,43.69,0.0,43.69,43.69,169.653,47.885,,,150.75,41.159,143.427,35.07
https://registry.gdi-de.org/id/de.nw.inspire.pf.bube-eureg/arb-2017-162004-300-9046923,CURRENTA GmbH & Co. OHG,Germany,DEU,2018,mid,1503592.78,natural_gas,natural_gas,same,43.69,43.69,0.0,43.69,43.69,169.653,47.885,,,150.75,41.159,143.427,35.07
SE.CAED/10019436.Facility,St1 Refinery AB,Sweden,SWE,2024,mid,1441260.0,heat_battery,heat_battery,same,101.875,44.744,-57.131,143.072,143.072,101.875,44.744,,,89.75,38.332,139.78,115.586
BG.CAED/002000017.FACILITY,Lukoil Energia I gaz BG power station,Bulgaria,BGR,2017,mid,1435277.78,natural_gas,natural_gas,same,31.451,31.451,0.0,31.451,31.451,88.43,46.197,,,77.65,39.64,95.784,26.136
DE.EEA/18042.FACILITY,Werk  Zielitz,Germany,DEU,2017,high,1404438.89,natural_gas,natural_gas,same,40.885,40.885,0.0,40.885,40.885,170.653,47.885,,,151.65,41.159,143.427,34.626
UK.SEPA/200000143.Facility,Shell North Sea Gas Terminal,United Kingdom,GBR,2019,mid,1400000.0,natural_gas,natural_gas,same,40.822,40.822,0.0,40.822,40.822,173.208,54.322,,,153.95,46.953,147.581,30.63
UK.CAED/NRW170087.FACILITY,Connah's Quay Power Station,United Kingdom,GBR,2019,mid,1382008.33,natural_gas,natural_gas,same,40.822,40.822,0.0,40.822,40.822,173.208,54.322,,,153.95,46.953,147.581,30.63
NL.RIVM/000012150.FACILITY,Uniper Centrale RoCa,Netherlands,NLD,2017,mid,1379476.55,natural_gas,natural_gas,same,42.364,42.364,0.0,42.364,42.364,95.486,44.744,,,84.0,38.332,139.78,35.958
HR.CAED/000000024.FACILITY,Rafinerija nafte Sisak,Croatia,HRV,2019,mid,1375000.0,natural_gas,natural_gas,same,43.72,43.72,0.0,43.72,43.72,118.208,44.744,,,104.45,38.332,139.78,33.239
UK.CAED/EW_EA-2397.FACILITY,Rye House Power Station EPR/RP3632SF,United Kingdom,GBR,2019,mid,1288888.89,natural_gas,natural_gas,same,40.822,40.822,0.0,40.822,40.822,173.208,54.322,,,153.95,46.953,147.581,30.63
AT.EEA/20000.00052.FACILITY,EVN AG,Austria,AUT,2017,mid,1255205.19,natural_gas,natural_gas,same,43.597,43.597,0.0,43.597,43.597,109.208,44.744,,,96.35,38.332,139.78,37.067
SK.EEA/37068103.FACILITY,"Bratislavská teplárenská, a.s. - Tepláreň Východ",Slovakia,SVK,2016,mid,1251349.46,natural_gas,natural_gas,same,40.453,40.453,0.0,40.453,40.453,124.597,44.744,,,110.2,38.332,139.78,34.237
https://registry.gdi-de.org/id/de.sh/50080412,Gemeinschaftskraftwerk Kiel GmbH GKK,Germany,DEU,2019,mid,1245366.11,natural_gas,natural_gas,same,44.891,44.891,0.0,44.891,44.891,177.986,47.885,,,158.25,41.159,143.427,34.293
AT.EEA/20000.00533.FACILITY,Linz Strom GmbH,Austria,AUT,2017,mid,1227655.62,natural_gas,natural_gas,same,43.597,43.597,0.0,43.597,43.597,109.208,44.744,,,96.35,38.332,139.78,37.067
UK.CAED/EW_EA-558.FACILITY,Wissington Sugar Factory EPR/BX2108IQ,United Kingdom,GBR,2019,low,1211111.11,natural_gas,natural_gas,same,40.822,40.822,0.0,40.822,40.822,173.208,54.322,75.426,73.151,153.95,46.953,147.581,30.63
PL.EEA/02C_000081.FACILITY,"Elektrociepłownie Kujawskie Sp. z o.o., Zakład Janikowo",Poland,POL,2007,mid,1186944.44,natural_gas,natural_gas,same,33.388,33.388,0.0,33.388,33.388,102.708,44.744,,,90.5,38.332,139.78,28.855
http://paikkatiedot.fi/so/1002031/pf/ProductionFacility/0000020744.ProductionFacility,"Oy Alholmens Kraft Ab, Pietarsaaren voimalaitos",Finland,FIN,2024,mid,1128530.56,heat_battery,heat_battery,same,94.153,44.744,-49.409000000000006,123.527,123.527,94.153,44.744,,,82.8,38.332,139.78,97.995
http://paikkatiedot.fi/so/1002031/pf/ProductionFacility/0000001833.ProductionFacility,"UPM-Kymmene Oyj, Pietarsaaren tehtaat",Finland,FIN,2024,high,1128530.56,heat_battery,heat_battery,same,94.153,44.744,-49.409000000000006,123.527,123.527,94.153,44.744,,,82.8,38.332,139.78,97.995
UK.CAED/EW_EA-559.FACILITY,Bury St Edmunds Sugar Factory EPR/BX2094IJ,United Kingdom,GBR,2019,low,1097222.22,natural_gas,natural_gas,same,40.822,40.822,0.0,40.822,40.822,173.208,54.322,75.426,73.151,153.95,46.953,147.581,30.63
http://paikkatiedot.fi/so/1002031/pf/ProductionFacility/0100215001.ProductionFacility,"Vantaan Energia Oy, Jätevoimala",Finland,FIN,2024,high,1069333.33,heat_battery,heat_battery,same,94.153,44.744,-49.409000000000006,123.527,123.527,94.153,44.744,,,82.8,38.332,139.78,97.995
https://registry.gdi-de.org/id/de.nw.inspire.pf.bube-eureg/arb-2017-770028-700-0105516,Uniper Kraftwerke GmbH Kraftwerk Heyden,Germany,DEU,2018,mid,1066260.0,natural_gas,natural_gas,same,43.69,43.69,0.0,43.69,43.69,169.653,47.885,,,150.75,41.159,143.427,35.07
UK.CAED/EW_EA-17836.FACILITY,Wilton 11 EfW EPR/XP3436WB,United Kingdom,GBR,2018,high,1008333.33,natural_gas,natural_gas,same,38.079,38.079,0.0,38.079,38.079,155.486,54.322,,,138.0,46.953,147.581,30.02
UK.CAED/EW_EA-16632.FACILITY,Wilton Power Station EPR/NP3438LK,United Kingdom,GBR,2014,mid,1008333.33,natural_gas,natural_gas,same,46.731,46.731,0.0,46.731,46.731,148.097,54.322,,,131.35,46.953,147.581,39.786
https://registry.gdi-de.org/id/de.st.lau.pf.anlagen-ied-euregistry/102622,CropEnergies Bioethanol GmbH ,Germany,DEU,2020,mid,1002856.39,natural_gas,natural_gas,same,42.358,42.358,0.0,42.358,42.358,202.097,47.885,,,179.95,41.159,143.427,32.073
DE.EEA/16873.FACILITY,"Südzucker AG Mannheim / Ochsenfurt, Werk Zeitz",Germany,DEU,2017,low,1002856.39,natural_gas,natural_gas,same,40.885,40.885,0.0,40.885,40.885,170.653,47.885,74.604,71.668,151.65,41.159,143.427,34.626
NL.EEA/115085.FACILITY,Enecal Energy VOF,Netherlands,NLD,2016,mid,986037.51,natural_gas,natural_gas,same,43.659,43.659,0.0,43.659,43.659,94.486,44.744,,,83.1,38.332,139.78,37.123
NL.EEA/205168.FACILITY,Nuon Power Generation BV (Eemshaven),Netherlands,NLD,2016,mid,980160.34,natural_gas,natural_gas,same,43.659,43.659,0.0,43.659,43.659,94.486,44.744,,,83.1,38.332,139.78,37.123
PL.MŚ/000000169.FACILITY,Ciepłownia Główna,Poland,POL,2020,mid,958972.22,natural_gas,natural_gas,same,42.974,42.974,0.0,42.974,42.974,122.319,44.744,,,108.15,38.332,139.78,32.628
IT.EEA/2007001736.FACILITY,Raffineria ISAB Impianti SUD,Italy,ITA,2017,mid,956105.28,natural_gas,natural_gas,same,34.719,34.719,0.0,34.719,34.719,164.708,38.962,,,146.3,33.128,134.577,29.077
BE.EEA/14830.FACILITY,LANGERLO,Belgium,BEL,2016,mid,935791.67,natural_gas,natural_gas,same,34.102,34.102,0.0,34.102,34.102,128.43,44.744,,,113.65,38.332,139.78,28.522
PL.MŚ/000000214.FACILITY,Grupa LOTOS S.A.,Poland,POL,2020,mid,934083.33,natural_gas,natural_gas,same,42.974,42.974,0.0,42.974,42.974,122.319,44.744,,,108.15,38.332,139.78,32.628
https://registry.gdi-de.org/id/de.bb.inspire.pf.eureg/45025575,Heizkraftwerk Cottbus,Germany,DEU,2017,mid,916272.22,natural_gas,natural_gas,same,40.885,40.885,0.0,40.885,40.885,170.653,47.885,,,151.65,41.159,143.427,34.626
PL.EEA/06K000097.FACILITY,Energetyka Dwory Sp. z o.o.,Poland,POL,2009,mid,911111.11,natural_gas,natural_gas,same,39.793,39.793,0.0,39.793,39.793,104.097,44.744,,,91.75,38.332,139.78,32.129
IT.CAED/741231001.FACILITY,ENI S.P.A. CENTRALE TERMOELETTRICA DI TARANTO,Italy,ITA,2017,mid,908091.67,natural_gas,natural_gas,same,34.719,34.719,0.0,34.719,34.719,164.708,38.962,,,146.3,33.128,134.577,29.077
CZ.MZP.U423/CZ14819275.FACILITY,energetika,Czechia,CZE,2019,mid,899093.97,natural_gas,natural_gas,same,42.487,42.487,0.0,42.487,42.487,88.375,44.744,,,77.6,38.332,139.78,32.129
PT.EEA/100009360.FACILITY,"SPCG - Sociedade Portuguesa de Co-Geração Eléctrica, SA",Portugal,PRT,2017,mid,888493.61,natural_gas,natural_gas,same,36.322,36.322,0.0,36.322,36.322,129.486,44.744,,,114.6,38.332,139.78,30.519
https://registry.gdi-de.org/id/de.nw.inspire.pf.bube-eureg/arb-2017-114000-100-9021122,LANXESS Deutschland GmbH CHEMPARK Krefeld-Uerdingen,Germany,DEU,2019,mid,885053.33,natural_gas,natural_gas,same,44.891,44.891,0.0,44.891,44.891,177.986,47.885,,,158.25,41.159,143.427,34.293
UK.CAED/EW_EA-10174.FACILITY,Total Lindsey Oil Refinery EPR/TP3633NH,United Kingdom,GBR,2019,mid,873555.56,natural_gas,natural_gas,same,40.822,40.822,0.0,40.822,40.822,173.208,54.322,,,153.95,46.953,147.581,30.63
UK.CAED/EW_EA-5974.FACILITY,Dimlington Terminal,United Kingdom,GBR,2019,mid,863888.89,natural_gas,natural_gas,same,40.822,40.822,0.0,40.822,40.822,173.208,54.322,,,153.95,46.953,147.581,30.63
UK.CAED/EW_EA-675.FACILITY,Easington Gas Terminal EPR/AP3833LW,United Kingdom,GBR,2008,mid,863888.89,natural_gas,natural_gas,same,42.553,42.553,0.0,42.553,42.553,116.875,54.322,,,103.25,46.953,147.581,32.795
LT.CAED/245358580.FACILITY,Šauliai southern boiler,Lithuania,LTU,2020,mid,843888.89,natural_gas,natural_gas,same,33.048,33.048,0.0,33.048,33.048,111.541,44.744,,,98.45,38.332,139.78,23.694
https://registry.gdi-de.org/id/de.nw.inspire.pf.bube-eureg/arb-2017-315000-300-0923949,RheinEnergie AG,Germany,DEU,2018,mid,832529.17,natural_gas,natural_gas,same,43.69,43.69,0.0,43.69,43.69,169.653,47.885,,,150.75,41.159,143.427,35.07
IT.EEA/2010000030.FACILITY,ALTO GARDA POWER S.R.L.,Italy,ITA,2017,mid,832159.13,natural_gas,natural_gas,same,34.719,34.719,0.0,34.719,34.719,164.708,38.962,,,146.3,33.128,134.577,29.077
http://paikkatiedot.fi/so/1002031/pf/ProductionFacility/0000001115.ProductionFacility,"Fortum Power and Heat Oy, Suomenojan voimalaitos",Finland,FIN,2024,mid,803419.44,heat_battery,heat_battery,same,94.153,44.744,-49.409000000000006,123.527,123.527,94.153,44.744,,,82.8,38.332,139.78,97.995
UK.CAED/EW_EA-282.FACILITY,Seal Sands Acrylonitrile Production EPR/FP3435GZ,United Kingdom,GBR,2019,mid,788888.89,natural_gas,natural_gas,same,40.822,40.822,0.0,40.822,40.822,173.208,54.322,,,153.95,46.953,147.581,30.63
UK.CAED/EW_EA-1932.FACILITY,INEOS Nitriles CHP Plant - EPR/HP3137ZK,United Kingdom,GBR,2019,mid,788888.89,natural_gas,natural_gas,same,40.822,40.822,0.0,40.822,40.822,173.208,54.322,,,153.95,46.953,147.581,30.63
https://registry.gdi-de.org/id/de.by.inspire.pf.ied/S01153,Gebr. Lang GmbH Papierfabrik,Germany,DEU,2019,high,783050.0,natural_gas,natural_gas,same,44.891,44.891,0.0,44.891,44.891,177.986,47.885,,,158.25,41.159,143.427,34.293
HU.OKIR/100239482.FACILITY,Veolia Energia Magyarország Zrt.,Hungary,HUN,2017,mid,767629.72,natural_gas,natural_gas,same,33.671,33.671,0.0,33.671,33.671,88.319,44.744,,,77.55,38.332,139.78,28.133
https://data.ied_registry.omgeving.vlaanderen.be/id/productionfacility/BE.VL.000000090.FACILITY,COVESTRO,Belgium,BEL,2017,mid,761529.35,natural_gas,natural_gas,same,31.02,31.02,0.0,31.02,31.02,123.875,44.744,,,109.55,38.332,139.78,25.747
https://registry.gdi-de.org/id/de.nw.inspire.pf.bube-eureg/arb-2017-915000-900-0079017,RWE Generation SE Kraftwerk Westfalen,Germany,DEU,2018,mid,758472.22,natural_gas,natural_gas,same,43.69,43.69,0.0,43.69,43.69,169.653,47.885,,,150.75,41.159,143.427,35.07
PL.MŚ/000000069.FACILITY,Ciepłownia główna (DC),Poland,POL,2017,mid,748252.78,natural_gas,natural_gas,same,36.26,36.26,0.0,36.26,36.26,98.153,44.744,,,86.4,38.332,139.78,30.464
https://registry.gdi-de.org/id/de.bb.inspire.pf.eureg/23019618,1Heiz Energie GmbH Binnenhafen Eberswalde,Germany,DEU,2017,mid,745875.0,natural_gas,natural_gas,same,40.885,40.885,0.0,40.885,40.885,170.653,47.885,,,151.65,41.159,143.427,34.626
UK.CAED/EW_EA-669.FACILITY,Kings Lynn Power Station EPR/BP3239LA,United Kingdom,GBR,2019,mid,741666.67,natural_gas,natural_gas,same,40.822,40.822,0.0,40.822,40.822,173.208,54.322,,,153.95,46.953,147.581,30.63
IT.EEA/2007000652.FACILITY,Albapower,Italy,ITA,2016,mid,741313.89,natural_gas,natural_gas,same,38.48,38.48,0.0,38.48,38.48,173.375,38.962,,,154.1,33.128,134.577,32.462
UK.CAED/EW_EA-1011.FACILITY,Port Of Liverpool CHP Plant EPR/BK3506IS,United Kingdom,GBR,2019,mid,740222.22,natural_gas,natural_gas,same,40.822,40.822,0.0,40.822,40.822,173.208,54.322,,,153.95,46.953,147.581,30.63
http://paikkatiedot.fi/so/1002031/pf/ProductionFacility/0100183092.ProductionFacility,"Rauman Biovoima Oy, Rauman voimalaitos",Finland,FIN,2024,mid,737013.47,heat_battery,heat_battery,same,94.153,44.744,-49.409000000000006,123.527,123.527,94.153,44.744,,,82.8,38.332,139.78,97.995
UK.CAED/NRW170120.FACILITY,Barry CHP,United Kingdom,GBR,2019,mid,722886.11,natural_gas,natural_gas,same,40.822,40.822,0.0,40.822,40.822,173.208,54.322,,,153.95,46.953,147.581,30.63
UK.CAED/NRW170003.FACILITY,Aberthaw Power Station,United Kingdom,GBR,2019,mid,722886.11,natural_gas,natural_gas,same,40.822,40.822,0.0,40.822,40.822,173.208,54.322,,,153.95,46.953,147.581,30.63
DE.EEA/16591.FACILITY,SOLVAY Chemicals GmbH,Germany,DEU,2017,mid,708638.89,natural_gas,natural_gas,same,40.885,40.885,0.0,40.885,40.885,170.653,47.885,,,151.65,41.159,143.427,34.626
UK.SEPA/200000136.Facility,Sage North Sea Gas Terminal,United Kingdom,GBR,2018,mid,702777.78,natural_gas,natural_gas,same,38.079,38.079,0.0,38.079,38.079,155.486,54.322,,,138.0,46.953,147.581,30.02
UK.CAED/EW_EA-10346.FACILITY,Saddlebow Paper Mill,United Kingdom,GBR,2019,high,689722.22,natural_gas,natural_gas,same,40.822,40.822,0.0,40.822,40.822,173.208,54.322,,,153.95,46.953,147.581,30.63
CZ.EEA/CZ74038719.FACILITY,Rafinérie Litvínov,Czechia,CZE,2015,mid,681078.49,natural_gas,natural_gas,same,39.299,39.299,0.0,39.299,39.299,88.541,44.744,,,77.75,38.332,139.78,32.795
UK.CAED/EW_EA-15375.FACILITY,Partington Paper Mill EPR/ZP3736XH,United Kingdom,GBR,2019,high,680555.56,natural_gas,natural_gas,same,40.822,40.822,0.0,40.822,40.822,173.208,54.322,,,153.95,46.953,147.581,30.63
https://registry.gdi-de.org/id/de.nw.inspire.pf.bube-eureg/arb-2017-170044-100-0853075,Gemeinschaftskraftwerk West GbR der STEAG GmbH STEAG Kraftwerk West,Germany,DEU,2017,mid,666575.0,natural_gas,natural_gas,same,40.885,40.885,0.0,40.885,40.885,170.653,47.885,,,151.65,41.159,143.427,34.626
DE.EEA/13770.FACILITY,InfraLeuna GmbH GuD WT 1,Germany,DEU,2017,mid,645944.44,natural_gas,natural_gas,same,40.885,40.885,0.0,40.885,40.885,170.653,47.885,,,151.65,41.159,143.427,34.626
https://registry.gdi-de.org/id/de.nw.inspire.pf.bube-eureg/arb-2017-916000-900-0327252,STEAG Power GmbH HKW Herne,Germany,DEU,2019,mid,639710.56,natural_gas,natural_gas,same,44.891,44.891,0.0,44.891,44.891,177.986,47.885,,,158.25,41.159,143.427,34.293
SE.CAED/10016162.Facility,Sandviksverket,Sweden,SWE,2024,mid,619588.38,heat_battery,heat_battery,same,101.875,44.744,-57.131,143.072,143.072,101.875,44.744,,,89.75,38.332,139.78,115.586
https://registry.gdi-de.org/id/de.bw.lubw.inspire.pf/pf-450-1195689-00000000,EnBW HKW Stuttgart-Münster (mit MVA) HKW Stuttgart-Münster (mit MVA),Germany,DEU,2017,high,601175.0,natural_gas,natural_gas,same,40.885,40.885,0.0,40.885,40.885,170.653,47.885,,,151.65,41.159,143.427,34.626
UK.SEPA/200002620.Facility,Shetland Gas Plant,United Kingdom,GBR,2019,mid,601162.5,natural_gas,natural_gas,same,40.822,40.822,0.0,40.822,40.822,173.208,54.322,,,153.95,46.953,147.581,30.63
PL.MŚ/000000339.FACILITY,CIEPŁOWNIA REJTANA,Poland,POL,2010,mid,561744.44,natural_gas,natural_gas,same,43.202,43.202,0.0,43.202,43.202,111.375,44.744,,,98.3,38.332,139.78,34.792
DE.EEA/16874.FACILITY,CropEnergies Bioethanol GmbH,Germany,DEU,2017,mid,537415.0,natural_gas,natural_gas,same,40.885,40.885,0.0,40.885,40.885,170.653,47.885,,,151.65,41.159,143.427,34.626
DE.EEA/15397.FACILITY,"Nordzucker AG, Werk Klein Wanzleben",Germany,DEU,2016,low,532969.17,natural_gas,natural_gas,same,43.782,43.782,0.0,43.782,43.782,168.653,47.885,73.961,71.668,149.85,41.159,143.427,37.234
UK.CAED/EW_EA-1930.FACILITY,Stallingborough Titanium Dioxide Site EPR/FP3031HJ,United Kingdom,GBR,2018,mid,525277.78,natural_gas,natural_gas,same,38.079,38.079,0.0,38.079,38.079,155.486,54.322,,,138.0,46.953,147.581,30.02
UK.CAED/EW_EA-1814.FACILITY,Stallingborough  Titanium Dioxide Site,United Kingdom,GBR,2019,mid,525277.78,natural_gas,natural_gas,same,40.822,40.822,0.0,40.822,40.822,173.208,54.322,,,153.95,46.953,147.581,30.63
MT.EEA/PS2.FACILITY,DELIMARA POWER STATION,Malta,MLT,2017,mid,518611.11,natural_gas,natural_gas,same,38.912,38.912,0.0,38.912,38.912,152.986,44.744,,,135.75,38.332,139.78,32.85
https://registry.gdi-de.org/id/de.bw.lubw.inspire.pf/pf-450-3042693-00000000,Heizkraftwerk Pforzheim ,Germany,DEU,2017,mid,514847.22,natural_gas,natural_gas,same,40.885,40.885,0.0,40.885,40.885,170.653,47.885,,,151.65,41.159,143.427,34.626
UK.CAED/BEISOffsh-Armada-Kraken-FPSO.FACILITY,Armada Kraken FPSO,United Kingdom,GBR,2019,mid,513611.11,natural_gas,natural_gas,same,40.822,40.822,0.0,40.822,40.822,173.208,54.322,,,153.95,46.953,147.581,30.63
https://registry.gdi-de.org/id/de.bb.inspire.pf.eureg/45043366,GASCADE Gastransport GmbH ,Germany,DEU,2019,mid,503313.89,natural_gas,natural_gas,same,44.891,44.891,0.0,44.891,44.891,177.986,47.885,,,158.25,41.159,143.427,34.293
DE.EEA/15985.FACILITY,RKB Raffinerie-Kraftwerks Betriebs GmbH,Germany,DEU,2017,mid,501833.33,natural_gas,natural_gas,same,40.885,40.885,0.0,40.885,40.885,170.653,47.885,,,151.65,41.159,143.427,34.626
NL.RIVM/000114757.FACILITY,Eurogen CV,Netherlands,NLD,2010,mid,501464.61,natural_gas,natural_gas,same,44.311,44.311,0.0,44.311,44.311,112.264,44.744,,,99.1,38.332,139.78,35.791
NL.RIVM/000011366.FACILITY,LANXESS Rotterdam Botlek,Netherlands,NLD,2010,mid,501464.61,natural_gas,natural_gas,same,44.311,44.311,0.0,44.311,44.311,112.264,44.744,,,99.1,38.332,139.78,35.791
https://registry.gdi-de.org/id/de.bw.lubw.inspire.pf/pf-450-1371304-00000000,EnBW HKW Stuttgart-Gaisburg HKW Stuttgart-Gaisburg,Germany,DEU,2020,mid,490972.22,natural_gas,natural_gas,same,42.358,42.358,0.0,42.358,42.358,202.097,47.885,,,179.95,41.159,143.427,32.073
http://paikkatiedot.fi/so/1002031/pf/ProductionFacility/0000001406.ProductionFacility,"MM Kotkamills Boards Oy, Kotkan tehtaat",Finland,FIN,2024,high,483333.33,heat_battery,heat_battery,same,94.153,44.744,-49.409000000000006,123.527,123.527,94.153,44.744,,,82.8,38.332,139.78,97.995
SE.CAED/10022115.Facility,Bomhus Energi,Sweden,SWE,2024,mid,468945.0,heat_battery,heat_battery,same,101.875,44.744,-57.131,143.072,143.072,101.875,44.744,,,89.75,38.332,139.78,115.586
UK.CAED/EW_EA-1390.FACILITY,Barrow Gas Terminals EPR/BX1675IT,United Kingdom,GBR,2019,mid,468305.56,natural_gas,natural_gas,same,40.822,40.822,0.0,40.822,40.822,173.208,54.322,,,153.95,46.953,147.581,30.63
GB.EEA/EW_EA-6496.FACILITY,"Eni Hewett Limited, Western Bacton Gas Terminal",United Kingdom,GBR,2010,mid,461111.11,natural_gas,natural_gas,same,32.535,32.535,0.0,32.535,32.535,112.653,54.322,,,99.45,46.953,147.581,25.192
UK.CAED/EW_EA-2067.FACILITY,Central Bacton Gas Terminal EPR/PP3633LM,United Kingdom,GBR,2019,mid,461111.11,natural_gas,natural_gas,same,40.822,40.822,0.0,40.822,40.822,173.208,54.322,,,153.95,46.953,147.581,30.63
https://registry.gdi-de.org/id/de.by.inspire.pf.ied/S00845,Heizkraftwerk an der Friedensbrücke,Germany,DEU,2019,mid,444166.67,natural_gas,natural_gas,same,44.891,44.891,0.0,44.891,44.891,177.986,47.885,,,158.25,41.159,143.427,34.293
http://paikkatiedot.fi/so/1002031/pf/ProductionFacility/0000001348.ProductionFacility,"Metsä Fibre Oy, Puunjalostusteollisuus",Finland,FIN,2023,high,442000.0,heat_battery,heat_battery,same,104.486,44.744,-59.742000000000004,152.035,152.035,104.486,44.744,,,92.1,38.332,139.78,118.804
http://paikkatiedot.fi/so/1002031/pf/ProductionFacility/0100334781.ProductionFacility,"Metsä Fibre Oy, Kemin biotuotetehdas",Finland,FIN,2023,high,442000.0,heat_battery,heat_battery,same,104.486,44.744,-59.742000000000004,152.035,152.035,104.486,44.744,,,92.1,38.332,139.78,118.804
UK.CAED/EW_EA-761.FACILITY,Teesside Crude Oil Stabilisation Terminal,United Kingdom,GBR,2019,mid,439875.0,natural_gas,natural_gas,same,40.822,40.822,0.0,40.822,40.822,173.208,54.322,,,153.95,46.953,147.581,30.63
https://registry.gdi-de.org/id/de.sn.sax4inspire.pf/80031611,Trinseo Deutschland GmbH ,Germany,DEU,2020,mid,432841.67,natural_gas,natural_gas,same,42.358,42.358,0.0,42.358,42.358,202.097,47.885,,,179.95,41.159,143.427,32.073
BG.CAED/012000010.FACILITY,Sofia  Lulin power station,Bulgaria,BGR,2017,mid,421944.44,natural_gas,natural_gas,same,31.451,31.451,0.0,31.451,31.451,88.43,46.197,,,77.65,39.64,95.784,26.136
https://registry.gdi-de.org/id/de.rp.inspire.pf.bube-eureg/5000152,Südzucker AG Werk Offstein,Germany,DEU,2017,low,421819.44,natural_gas,natural_gas,same,40.885,40.885,0.0,40.885,40.885,170.653,47.885,74.604,71.668,151.65,41.159,143.427,34.626
UK.SEPA/200002493.Facility,INEOS Chemicals Grangemouth Ltd,United Kingdom,GBR,2019,mid,419900.0,natural_gas,natural_gas,same,40.822,40.822,0.0,40.822,40.822,173.208,54.322,,,153.95,46.953,147.581,30.63
UK.CAED/EW_EA-156.FACILITY,Blackburn Papermill CHP Facility EPR/BK4723IL,United Kingdom,GBR,2011,mid,419444.44,natural_gas,natural_gas,same,36.341,36.341,0.0,36.341,36.341,114.708,54.322,,,101.3,46.953,147.581,29.021
SE.CAED/10019894.Facility,Energi- och miljöcenter Sobacken,Sweden,SWE,2024,high,415395.0,heat_battery,heat_battery,same,101.875,44.744,-57.131,143.072,143.072,101.875,44.744,,,89.75,38.332,139.78,115.586
http://paikkatiedot.fi/so/1002031/pf/ProductionFacility/0000002160.ProductionFacility,"UPM Specialty Papers Oy, Tervasaari, Valkeakoski",Finland,FIN,2024,high,413583.33,heat_battery,heat_battery,same,94.153,44.744,-49.409000000000006,123.527,123.527,94.153,44.744,,,82.8,38.332,139.78,97.995
SE.CAED/10021814.Facility,STORA ENSO FORS AB,Sweden,SWE,2024,high,400401.0,heat_battery,heat_battery,same,101.875,44.744,-57.131,143.072,143.072,101.875,44.744,,,89.75,38.332,139.78,115.586
https://registry.gdi-de.org/id/de.by.inspire.pf.ied/S00282,"UPM GmbH, Werk Schongau",Germany,DEU,2017,high,396027.78,natural_gas,natural_gas,same,40.885,40.885,0.0,40.885,40.885,170.653,47.885,,,151.65,41.159,143.427,34.626
CZ.MZP.M714/CZ45503087.FACILITY,PRECHEZA a.s.,Czechia,CZE,2020,mid,394253.51,natural_gas,natural_gas,same,37.918,37.918,0.0,37.918,37.918,95.93,44.744,,,84.4,38.332,139.78,28.078
PL.EEA/12S003547.FACILITY, Elektrociepłownia Bielsko-Biała EC1 Blok Ciepłowniczy BC-50,Poland,POL,2017,mid,390338.89,natural_gas,natural_gas,same,36.26,36.26,0.0,36.26,36.26,98.153,44.744,,,86.4,38.332,139.78,30.464
https://registry.gdi-de.org/id/de.nw.inspire.pf.bube-eureg/arb-2017-962060-900-0045033,Mark-E Aktiengesellschaft,Germany,DEU,2018,high,378472.22,natural_gas,natural_gas,same,43.69,43.69,0.0,43.69,43.69,169.653,47.885,,,150.75,41.159,143.427,35.07
http://paikkatiedot.fi/so/1002031/pf/ProductionFacility/0100198201.ProductionFacility,"Jyväskylän Voima Oy, Keljonlahden voimalaitos",Finland,FIN,2024,mid,375333.33,heat_battery,heat_battery,same,94.153,44.744,-49.409000000000006,123.527,123.527,94.153,44.744,,,82.8,38.332,139.78,97.995
http://paikkatiedot.fi/so/1002031/pf/ProductionFacility/0000011323.ProductionFacility,"Helen Oy, Vuosaaren voimalaitokset",Finland,FIN,2024,mid,367963.89,heat_battery,heat_battery,same,94.153,44.744,-49.409000000000006,123.527,123.527,94.153,44.744,,,82.8,38.332,139.78,97.995
PT.EEA/100002757.FACILITY,"Navigator Paper Figueira, SA",Portugal,PRT,2017,high,366518.78,natural_gas,natural_gas,same,36.322,36.322,0.0,36.322,36.322,129.486,44.744,,,114.6,38.332,139.78,30.519
RO.EEA/RO1IS_11.FACILITY,CET I IASI,Romania,ROU,2011,mid,362045.56,natural_gas,natural_gas,same,33.381,33.381,0.0,33.381,33.381,91.375,44.744,,,80.3,38.332,139.78,26.358
https://registry.gdi-de.org/id/de.st.lau.pf.anlagen-ied-euregistry/100035,Heizkraftwerk Halle-Trotha ,Germany,DEU,2019,mid,360880.56,natural_gas,natural_gas,same,44.891,44.891,0.0,44.891,44.891,177.986,47.885,,,158.25,41.159,143.427,34.293
LT.CAED/126142011.FACILITY,"UAB ""NEO Group""",Lithuania,LTU,2019,mid,353333.33,natural_gas,natural_gas,same,43.905,43.905,0.0,43.905,43.905,106.097,44.744,,,93.55,38.332,139.78,33.405
SE.CAED/10018832.Facility,Borealis Krackeranl.,Sweden,SWE,2024,mid,350370.0,heat_battery,heat_battery,same,101.875,44.744,-57.131,143.072,143.072,101.875,44.744,,,89.75,38.332,139.78,115.586
https://registry.gdi-de.org/id/de.nw.inspire.pf.bube-eureg/arb-2017-362024-800-0197054,RWE Power AG-Fabrik Frechen,Germany,DEU,2018,mid,348576.39,natural_gas,natural_gas,same,43.69,43.69,0.0,43.69,43.69,169.653,47.885,,,150.75,41.159,143.427,35.07
UK.CAED/EW_EA-405.FACILITY,Hull Chemical Industry EPR/BJ8162IR,United Kingdom,GBR,2019,mid,347222.22,natural_gas,natural_gas,same,40.822,40.822,0.0,40.822,40.822,173.208,54.322,,,153.95,46.953,147.581,30.63
UK.CAED/EW_EA-16042.FACILITY,Saltend Chemical Site,United Kingdom,GBR,2018,mid,347222.22,natural_gas,natural_gas,same,38.079,38.079,0.0,38.079,38.079,155.486,54.322,,,138.0,46.953,147.581,30.02
UK.CAED/EW_EA-564.FACILITY,Newark Sugar Factory EPR/BK9385IH,United Kingdom,GBR,2019,low,347222.22,natural_gas,natural_gas,same,40.822,40.822,0.0,40.822,40.822,173.208,54.322,75.426,73.151,153.95,46.953,147.581,30.63
SE.CAED/10015586.Facility,"Kraftvärmeverket Torsvik, KVVT1 (avfall) och KVVT2 (flis)",Sweden,SWE,2024,high,345922.38,heat_battery,heat_battery,same,101.875,44.744,-57.131,143.072,143.072,101.875,44.744,,,89.75,38.332,139.78,115.586
https://registry.gdi-de.org/id/de.mv.land.inspire.pf.bube/40000004,Heizkraftwerk Energieversorgung Schwerin-Süd ,Germany,DEU,2020,mid,341075.56,natural_gas,natural_gas,same,42.358,42.358,0.0,42.358,42.358,202.097,47.885,,,179.95,41.159,143.427,32.073
GB.EEA/EW_EA-10154.FACILITY,"Scottishpower Generation Limited , Shoreham Power Station",United Kingdom,GBR,2013,mid,338888.89,natural_gas,natural_gas,same,45.901,45.901,0.0,45.901,45.901,133.319,54.322,,,118.05,46.953,147.581,39.342
GB.EEA/EW_EA-2459.FACILITY,Shoreham Power Station,United Kingdom,GBR,2007,mid,338888.89,natural_gas,natural_gas,same,36.533,36.533,0.0,36.533,36.533,123.319,54.322,,,109.05,46.953,147.581,31.685
UK.CAED/EW_EA-16898.FACILITY,Shoreham Power Station EPR/EP3934WC,United Kingdom,GBR,2018,mid,338888.89,natural_gas,natural_gas,same,38.079,38.079,0.0,38.079,38.079,155.486,54.322,,,138.0,46.953,147.581,30.02
FR.CAED/3938.FACILITY,SAINT LOUIS SUCRE,France,FRA,2017,mid,333543.46,natural_gas,natural_gas,same,44.152,44.152,0.0,44.152,44.152,107.597,45.593,,,94.9,39.096,140.545,37.567
http://paikkatiedot.fi/so/1002031/pf/ProductionFacility/0100180527.ProductionFacility,"Porin Prosessivoima Oy, Energiantuotanto",Finland,FIN,2024,mid,317250.0,heat_battery,heat_battery,same,94.153,44.744,-49.409000000000006,123.527,123.527,94.153,44.744,,,82.8,38.332,139.78,97.995
CZ.MZP.S207/CZ47823175.FACILITY,Cukrovar Dobrovice,Czechia,CZE,2017,low,315762.98,natural_gas,natural_gas,same,32.191,32.191,0.0,32.191,32.191,79.819,44.744,45.408,70.365,69.9,38.332,139.78,26.802
SE.CAED/10019475.Facility,Rya Gaskraftvärmeverk,Sweden,SWE,2023,mid,315077.78,heat_battery,heat_battery,same,111.597,44.744,-66.853,172.505,172.505,111.597,44.744,,,98.5,38.332,139.78,137.227
https://data.ied_registry.omgeving.vlaanderen.be/id/productionfacility/BE.VL.000000900.FACILITY,TIENSE SUIKERRAFFINADERIJ,Belgium,BEL,2020,low,312828.64,natural_gas,natural_gas,same,32.369,32.369,0.0,32.369,32.369,133.041,44.744,62.515,70.365,117.8,38.332,139.78,23.084
https://registry.gdi-de.org/id/de.bw.lubw.inspire.pf/pf-450-1479296-00000000,Papierfabrik Palm GmbH & Co. KG ,Germany,DEU,2020,high,307037.22,natural_gas,natural_gas,same,42.358,42.358,0.0,42.358,42.358,202.097,47.885,,,179.95,41.159,143.427,32.073
http://paikkatiedot.fi/so/1002031/pf/ProductionFacility/0000003500.ProductionFacility,"Borealis Polymers Oy, Petrokemian laitokset",Finland,FIN,2024,mid,305000.0,heat_battery,heat_battery,same,94.153,44.744,-49.409000000000006,123.527,123.527,94.153,44.744,,,82.8,38.332,139.78,97.995
UK.CAED/EW_EA-1470.FACILITY,Interconnector Bacton Terminal,United Kingdom,GBR,2017,mid,301388.89,natural_gas,natural_gas,same,31.698,31.698,0.0,31.698,31.698,141.597,54.322,,,125.5,46.953,147.581,26.358
http://paikkatiedot.fi/so/1002031/pf/ProductionFacility/0100304897.ProductionFacility,"Oulun Energia Oy, Laanilan Biovoimalaitos",Finland,FIN,2024,mid,301277.78,heat_battery,heat_battery,same,94.153,44.744,-49.409000000000006,123.527,123.527,94.153,44.744,,,82.8,38.332,139.78,97.995
http://paikkatiedot.fi/so/1002031/pf/ProductionFacility/0100088039.ProductionFacility,"Oulun Energia Oy, Laanilan ekovoimalaitos",Finland,FIN,2024,high,301277.78,heat_battery,heat_battery,same,94.153,44.744,-49.409000000000006,123.527,123.527,94.153,44.744,,,82.8,38.332,139.78,97.995
DE.EEA/16574.FACILITY,SKW Stickstoffwerke Piesteritz GmbH,Germany,DEU,2017,mid,296422.22,natural_gas,natural_gas,same,40.885,40.885,0.0,40.885,40.885,170.653,47.885,,,151.65,41.159,143.427,34.626
UK.CAED/EW_EA-2700.FACILITY,Greatham Works EPR/TP3532PK,United Kingdom,GBR,2019,mid,294444.44,natural_gas,natural_gas,same,40.822,40.822,0.0,40.822,40.822,173.208,54.322,,,153.95,46.953,147.581,30.63
IT.CAED/101351001.FACILITY,COMPRENSORIO INDUSTRIALE DI MIRAFIORI (TO),Italy,ITA,2017,mid,291183.33,natural_gas,natural_gas,same,34.719,34.719,0.0,34.719,34.719,164.708,38.962,,,146.3,33.128,134.577,29.077
http://paikkatiedot.fi/so/1002031/pf/ProductionFacility/0000001992.ProductionFacility,"Seinäjoen Voima Oy, Seinäjoen voimalaitos",Finland,FIN,2024,mid,282408.33,heat_battery,heat_battery,same,94.153,44.744,-49.409000000000006,123.527,123.527,94.153,44.744,,,82.8,38.332,139.78,97.995
https://registry.gdi-de.org/id/de.nw.inspire.pf.bube-eureg/arb-2017-378004-300-0261171,Zanders Paper GmbH ,Germany,DEU,2018,high,275722.22,natural_gas,natural_gas,same,43.69,43.69,0.0,43.69,43.69,169.653,47.885,,,150.75,41.159,143.427,35.07
PL.MŚ/000000366.FACILITY,"Energetyka sp. z o.o., Elektrociepłownia E-3 Głogów",Poland,POL,2018,mid,267277.78,natural_gas,natural_gas,same,42.703,42.703,0.0,42.703,42.703,99.93,44.744,,,88.0,38.332,139.78,34.182
http://paikkatiedot.fi/so/1002031/pf/ProductionFacility/0000001177.ProductionFacility,"Vantaan Energia Oy, Martinlaakson voimalaitos",Finland,FIN,2024,mid,263388.89,heat_battery,heat_battery,same,94.153,44.744,-49.409000000000006,123.527,123.527,94.153,44.744,,,82.8,38.332,139.78,97.995
PL.MŚ/000000395.FACILITY,Centralna Cieplownia w Legnicy,Poland,POL,2010,mid,245388.89,natural_gas,natural_gas,same,43.202,43.202,0.0,43.202,43.202,111.375,44.744,,,98.3,38.332,139.78,34.792
ES.CAED/001646000.FACILITY,OPEL ESPAÑA,Spain,ESP,2007,high,240880.56,natural_gas,natural_gas,same,32.772,32.772,0.0,32.772,32.772,108.597,36.946,,,95.8,31.314,132.762,28.3
UK.SEPA/200000018.Facility,"Kinneil Terminal, Forties Pipeline System",United Kingdom,GBR,2019,mid,235875.0,natural_gas,natural_gas,same,40.822,40.822,0.0,40.822,40.822,173.208,54.322,,,153.95,46.953,147.581,30.63
DK.CAED/000107307.FACILITY,ROYAL UNIBREW A/S Albani Bryggerierne A/S,Denmark,DNK,2020,low,235538.61,natural_gas,natural_gas,same,41.063,41.063,0.0,41.063,41.063,74.264,44.744,43.622,70.365,64.9,38.332,139.78,30.908
PL.MŚ/000000392.FACILITY,Miejskie Przedsiębiorstwo Energetyki Cieplnej  Sp. z o.o.,Poland,POL,2010,mid,234250.0,natural_gas,natural_gas,same,43.202,43.202,0.0,43.202,43.202,111.375,44.744,,,98.3,38.332,139.78,34.792
FR.CAED/5359.FACILITY,AIR LIQUIDE FRANCE INDUSTRIE,France,FRA,2017,mid,231445.09,natural_gas,natural_gas,same,44.152,44.152,0.0,44.152,44.152,107.597,45.593,,,94.9,39.096,140.545,37.567
https://registry.gdi-de.org/id/de.nw.inspire.pf.bube-eureg/arb-2017-362040-300-0215443,"Shell Deutschland GmbH, Shell Energy and Chemicals Park Rheinland Süd",Germany,DEU,2018,mid,231388.89,natural_gas,natural_gas,same,43.69,43.69,0.0,43.69,43.69,169.653,47.885,,,150.75,41.159,143.427,35.07
http://paikkatiedot.fi/so/1002031/pf/ProductionFacility/0000016028.ProductionFacility,"Kotkan Energia Oy, Hovinsaaren voimalaitos",Finland,FIN,2024,mid,231350.0,heat_battery,heat_battery,same,94.153,44.744,-49.409000000000006,123.527,123.527,94.153,44.744,,,82.8,38.332,139.78,97.995
http://paikkatiedot.fi/so/1002031/pf/ProductionFacility/0000002677.ProductionFacility,"Metsä Fibre Oy, Energiantuotanto",Finland,FIN,2024,mid,230916.67,heat_battery,heat_battery,same,94.153,44.744,-49.409000000000006,123.527,123.527,94.153,44.744,,,82.8,38.332,139.78,97.995
http://paikkatiedot.fi/so/1002031/pf/ProductionFacility/0000002096.ProductionFacility,"Tampereen Energia Oy, Naistenlahden voimalaitos",Finland,FIN,2024,mid,228405.56,heat_battery,heat_battery,same,94.153,44.744,-49.409000000000006,123.527,123.527,94.153,44.744,,,82.8,38.332,139.78,97.995
SE.CAED/10022491.Facility,"Metsä Board Sverige AB, Husums fabr",Sweden,SWE,2024,high,228111.11,heat_battery,heat_battery,same,101.875,44.744,-57.131,143.072,143.072,101.875,44.744,,,89.75,38.332,139.78,115.586
UK.SEPA/200000207.Facility,DSM @ Drakemyre Chemical Works,United Kingdom,GBR,2018,mid,226944.44,natural_gas,natural_gas,same,38.079,38.079,0.0,38.079,38.079,155.486,54.322,,,138.0,46.953,147.581,30.02
BG.CAED/014000008.FACILITY,Maritsa 3 power station ,Bulgaria,BGR,2014,mid,224722.22,natural_gas,natural_gas,same,45.251,45.251,0.0,45.251,45.251,85.653,46.197,,,75.15,39.64,95.784,38.455
https://registry.gdi-de.org/id/de.nw.inspire.pf.bube-eureg/arb-2017-978040-900-0865327,RWE Generation SE Kraftwerk Werne Gersteinwerk,Germany,DEU,2019,mid,223135.0,natural_gas,natural_gas,same,44.891,44.891,0.0,44.891,44.891,177.986,47.885,,,158.25,41.159,143.427,34.293
https://registry.gdi-de.org/id/de.nw.inspire.pf.bube-eureg/arb-2017-978040-900-0364506,RWE Generation SE KW Gersteinwerk,Germany,DEU,2020,mid,223135.0,natural_gas,natural_gas,same,42.358,42.358,0.0,42.358,42.358,202.097,47.885,,,179.95,41.159,143.427,32.073
PL.MŚ/000000051.FACILITY,POLSKA GRUPA GÓRNICZA SP. Z O.O. ODDZIAŁ ZAKŁAD ELEKTROCIEPŁOWNIE EC CHWAŁOWICE,Poland,POL,2016,mid,222052.78,natural_gas,natural_gas,same,35.151,35.151,0.0,35.151,35.151,92.319,44.744,,,81.15,38.332,139.78,29.465
PL.MŚ/000000091.FACILITY,Elektrociepłownia Miechowice,Poland,POL,2018,mid,221730.56,natural_gas,natural_gas,same,42.703,42.703,0.0,42.703,42.703,99.93,44.744,,,88.0,38.332,139.78,34.182
UK.CAED/EW_EA-5702.FACILITY,Killingholme Power Station EPR/VP3933RJ,United Kingdom,GBR,2014,mid,216666.67,natural_gas,natural_gas,same,46.731,46.731,0.0,46.731,46.731,148.097,54.322,,,131.35,46.953,147.581,39.786
http://paikkatiedot.fi/so/1002031/pf/ProductionFacility/0000001162.ProductionFacility,"Stora Enso Oyj, Heinolan Flutingtehdas",Finland,FIN,2024,high,214138.89,heat_battery,heat_battery,same,94.153,44.744,-49.409000000000006,123.527,123.527,94.153,44.744,,,82.8,38.332,139.78,97.995
http://paikkatiedot.fi/so/1002031/pf/ProductionFacility/0000001784.ProductionFacility,"Oulun Energia Oy, Toppilan voimalaitokset",Finland,FIN,2024,mid,208113.89,heat_battery,heat_battery,same,94.153,44.744,-49.409000000000006,123.527,123.527,94.153,44.744,,,82.8,38.332,139.78,97.995
http://paikkatiedot.fi/so/1002031/pf/ProductionFacility/0000002416.ProductionFacility,"Tampereen Energia Oy, Lielahden voimalaitos",Finland,FIN,2021,mid,206666.67,heat_battery,heat_battery,same,84.153,44.744,-39.409000000000006,112.276,112.276,84.153,44.744,,,73.8,38.332,139.78,89.283
https://registry.gdi-de.org/id/de.nw.inspire.pf.bube-eureg/arb-2017-913000-900-0888950,"RWE Generation SE, Region Kundenkraftwerke HKW Dortmund ",Germany,DEU,2018,mid,201081.67,natural_gas,natural_gas,same,43.69,43.69,0.0,43.69,43.69,169.653,47.885,,,150.75,41.159,143.427,35.07
UK.SEPA/200001696.Facility,"Bathgate Compressor Station, Falkirk",United Kingdom,GBR,2007,mid,199722.22,natural_gas,natural_gas,same,36.533,36.533,0.0,36.533,36.533,123.319,54.322,,,109.05,46.953,147.581,31.685
SE.CAED/10017066.Facility,Karlshamnsverket,Sweden,SWE,2022,mid,197208.33,heat_battery,heat_battery,same,149.153,44.744,-104.40899999999999,209.71,209.71,149.153,44.744,,,132.3,38.332,139.78,171.52
PT.EEA/100001494.FACILITY,"Repsol Polimeros , Lda.",Portugal,PRT,2017,mid,196175.0,natural_gas,natural_gas,same,36.322,36.322,0.0,36.322,36.322,129.486,44.744,,,114.6,38.332,139.78,30.519
PT.EEA/100001502.FACILITY,Repsol-Produção de Electricidade e Calor - ACE,Portugal,PRT,2017,mid,196175.0,natural_gas,natural_gas,same,36.322,36.322,0.0,36.322,36.322,129.486,44.744,,,114.6,38.332,139.78,30.519
http://paikkatiedot.fi/so/1002031/pf/ProductionFacility/0000002157.ProductionFacility,"Vaasan Voima Oy, Vaasan voimalaitos, VL2",Finland,FIN,2024,mid,188194.44,heat_battery,heat_battery,same,94.153,44.744,-49.409000000000006,123.527,123.527,94.153,44.744,,,82.8,38.332,139.78,97.995
https://registry.gdi-de.org/id/de.be.pf.lisa/173097,Vattenfall Wärme Berlin AG HKW Lichterfelde,Germany,DEU,2018,mid,187428.61,natural_gas,natural_gas,same,43.69,43.69,0.0,43.69,43.69,169.653,47.885,,,150.75,41.159,143.427,35.07
GB.EEA/EW_EA-672.FACILITY,"Centrica Rps Ltd, Roosecote Power Station",United Kingdom,GBR,2010,mid,187222.22,natural_gas,natural_gas,same,32.535,32.535,0.0,32.535,32.535,112.653,54.322,,,99.45,46.953,147.581,25.192
SI.ARSO/000000022.FACILITY,VIPAP VIDEM KRŠKO,Slovenia,SVN,2020,high,187077.5,natural_gas,natural_gas,same,44.331,44.331,0.0,44.331,44.331,111.041,44.744,,,98.0,38.332,139.78,33.849
https://registry.gdi-de.org/id/de.nw.inspire.pf.bube-eureg/arb-2017-562004-500-9981505,Rain Carbon Germany GmbH,Germany,DEU,2019,mid,183978.61,natural_gas,natural_gas,same,44.891,44.891,0.0,44.891,44.891,177.986,47.885,,,158.25,41.159,143.427,34.293
https://data.ied_registry.omgeving.vlaanderen.be/id/productionfacility/BE.VL.000000712.FACILITY,LUMINUS,Belgium,BEL,2017,mid,174461.67,natural_gas,natural_gas,same,31.02,31.02,0.0,31.02,31.02,123.875,44.744,,,109.55,38.332,139.78,25.747
UK.CAED/EW_EA-1427.FACILITY,Workington Board Mill EPR/BJ7590IB,United Kingdom,GBR,2015,high,174055.56,natural_gas,natural_gas,same,46.512,46.512,0.0,46.512,46.512,169.319,54.322,,,150.45,46.953,147.581,39.287
GB.EEA/EW_EA-1012.FACILITY,"Iggesund Paperboard (Workington) Limited, Workington Boardmill",United Kingdom,GBR,2011,high,174055.56,natural_gas,natural_gas,same,36.341,36.341,0.0,36.341,36.341,114.708,54.322,,,101.3,46.953,147.581,29.021
UK.CAED/BEISOffsh-Alma-FPSO-Enquest-Producer.FACILITY,Alma FPSO - Enquest Producer,United Kingdom,GBR,2016,mid,172277.78,natural_gas,natural_gas,same,35.705,35.705,0.0,35.705,35.705,149.653,54.322,,,132.75,46.953,147.581,29.965
https://registry.gdi-de.org/id/de.nw.inspire.pf.bube-eureg/arb-2017-512000-500-1185268,ArcelorMittal Bremen GmbH Kokerei Prosper,Germany,DEU,2018,mid,171912.5,natural_gas,natural_gas,same,43.69,43.69,0.0,43.69,43.69,169.653,47.885,,,150.75,41.159,143.427,35.07
RO.EEA/RO5TM_134.FACILITY,CET TIMISOARA CENTRU,Romania,ROU,2011,mid,168782.5,natural_gas,natural_gas,same,33.381,33.381,0.0,33.381,33.381,91.375,44.744,,,80.3,38.332,139.78,26.358
https://registry.gdi-de.org/id/de.nw.inspire.pf.bube-eureg/arb-2017-112000-100-0031758,Stadtwerke Duisburg AG,Germany,DEU,2018,mid,168153.33,natural_gas,natural_gas,same,43.69,43.69,0.0,43.69,43.69,169.653,47.885,,,150.75,41.159,143.427,35.07
CZ.MZP.J635/CZ10246154.FACILITY,"ŽĎAS, a.s.",Czechia,CZE,2013,high,168044.74,natural_gas,natural_gas,same,43.373,43.373,0.0,43.373,43.373,113.986,44.744,,,100.65,38.332,139.78,37.067
https://registry.gdi-de.org/id/de.ni.mu/10101531850,H&R Chemisch Pharmazeutische Spezialitäten GmbH,Germany,DEU,2019,mid,162736.11,natural_gas,natural_gas,same,44.891,44.891,0.0,44.891,44.891,177.986,47.885,,,158.25,41.159,143.427,34.293
PT.CAED/PT.APA05771482.CI,Central Termoeléctrica do Carregado (CI),Portugal,PRT,2007,mid,158777.78,natural_gas,natural_gas,same,37.704,37.704,0.0,37.704,37.704,90.264,44.744,,,79.3,38.332,139.78,32.739
UK.CAED/EW_EA-16798.FACILITY,Kirklees EfW EPR/BJ6178IX,United Kingdom,GBR,2019,high,158333.33,natural_gas,natural_gas,same,40.822,40.822,0.0,40.822,40.822,173.208,54.322,,,153.95,46.953,147.581,30.63
UK.CAED/EW_EA-2486.FACILITY,Vine Street Mrf,United Kingdom,GBR,2012,high,158333.33,natural_gas,natural_gas,same,43.564,43.564,0.0,43.564,43.564,131.93,54.322,,,116.8,46.953,147.581,36.734
http://paikkatiedot.fi/so/1002031/pf/ProductionFacility/0100252736.ProductionFacility,"Metsä Fibre Oy, Äänekosken biotuotetehdas",Finland,FIN,2024,high,157861.11,heat_battery,heat_battery,same,94.153,44.744,-49.409000000000006,123.527,123.527,94.153,44.744,,,82.8,38.332,139.78,97.995
http://paikkatiedot.fi/so/1002031/pf/ProductionFacility/0000018120.ProductionFacility,"Stora Enso Oyj, Varkauden tehtaat",Finland,FIN,2024,high,150430.56,heat_battery,heat_battery,same,94.153,44.744,-49.409000000000006,123.527,123.527,94.153,44.744,,,82.8,38.332,139.78,97.995
NL.EEA/66321.FACILITY,Minnewit BV (Berkelcentrale),Netherlands,NLD,2010,mid,143157.17,natural_gas,natural_gas,same,44.311,44.311,0.0,44.311,44.311,112.264,44.744,,,99.1,38.332,139.78,35.791
UK.CAED/EW_EA-1015.FACILITY,Sandbach Power Installation EPR/BS5371IZ,United Kingdom,GBR,2010,mid,138888.89,natural_gas,natural_gas,same,32.535,32.535,0.0,32.535,32.535,112.653,54.322,,,99.45,46.953,147.581,25.192
SE.CAED/10020777.Facility,"Navirum Energi AB, Åbyverket",Sweden,SWE,2024,mid,135700.0,heat_battery,heat_battery,same,101.875,44.744,-57.131,143.072,143.072,101.875,44.744,,,89.75,38.332,139.78,115.586
http://paikkatiedot.fi/so/1002031/pf/ProductionFacility/0000027131.ProductionFacility,"Neve Oy, Suosiolan voimalaitos",Finland,FIN,2024,mid,135411.67,heat_battery,heat_battery,same,94.153,44.744,-49.409000000000006,123.527,123.527,94.153,44.744,,,82.8,38.332,139.78,97.995
SE.CAED/10013884.Facility,JORDBRO KRAFTVÄRMEVERK,Sweden,SWE,2024,mid,131580.0,heat_battery,heat_battery,same,101.875,44.744,-57.131,143.072,143.072,101.875,44.744,,,89.75,38.332,139.78,115.586
https://registry.gdi-de.org/id/de.by.inspire.pf.ied/S00056,AUDI AG,Germany,DEU,2017,mid,127525.0,natural_gas,natural_gas,same,40.885,40.885,0.0,40.885,40.885,170.653,47.885,,,151.65,41.159,143.427,34.626
SE.CAED/10014055.Facility,VÄRTAVERKET,Sweden,SWE,2024,mid,125000.0,heat_battery,heat_battery,same,101.875,44.744,-57.131,143.072,143.072,101.875,44.744,,,89.75,38.332,139.78,115.586
CZ.MZP.T803/CZ62774430.FACILITY,"OKD,a.s., vnitřní organizační jednotka nezapsaná v obchodním rejstříku, Důl ČSM",Czechia,CZE,2007,high,111549.71,natural_gas,natural_gas,same,31.539,31.539,0.0,31.539,31.539,107.264,44.744,,,94.6,38.332,139.78,27.19
http://paikkatiedot.fi/so/1002031/pf/ProductionFacility/0100239774.ProductionFacility,"Raahen Voima Oy, Energiantuotanto",Finland,FIN,2024,mid,109583.33,heat_battery,heat_battery,same,94.153,44.744,-49.409000000000006,123.527,123.527,94.153,44.744,,,82.8,38.332,139.78,97.995
https://registry.gdi-de.org/id/de.sh/50080603,SWN Stadtwerke Neumünster GmbH ,Germany,DEU,2017,high,109366.67,natural_gas,natural_gas,same,40.885,40.885,0.0,40.885,40.885,170.653,47.885,,,151.65,41.159,143.427,34.626
SE.CAED/10018827.Facility,"Perstorp Oxo AB, Stenungsund",Sweden,SWE,2024,mid,108152.78,heat_battery,heat_battery,same,101.875,44.744,-57.131,143.072,143.072,101.875,44.744,,,89.75,38.332,139.78,115.586
http://paikkatiedot.fi/so/1002031/pf/ProductionFacility/0000001349.ProductionFacility,"Stora Enso Veitsiluoto Oy, Puunjalostusteollisuus",Finland,FIN,2021,high,105694.44,heat_battery,heat_battery,same,84.153,44.744,-39.409000000000006,112.276,112.276,84.153,44.744,,,73.8,38.332,139.78,89.283
http://paikkatiedot.fi/so/1002031/pf/ProductionFacility/0000063404.ProductionFacility,"Kaukaan Voima Oy, Energiantuotanto",Finland,FIN,2024,mid,103777.78,heat_battery,heat_battery,same,94.153,44.744,-49.409000000000006,123.527,123.527,94.153,44.744,,,82.8,38.332,139.78,97.995
http://paikkatiedot.fi/so/1002031/pf/ProductionFacility/0000001592.ProductionFacility,"UPM-Kymmene Oyj, Kaukaan tehtaat",Finland,FIN,2024,high,103777.78,heat_battery,heat_battery,same,94.153,44.744,-49.409000000000006,123.527,123.527,94.153,44.744,,,82.8,38.332,139.78,97.995
http://paikkatiedot.fi/so/1002031/pf/ProductionFacility/0000002611.ProductionFacility,"Kokkolan Energia Oy, Voimalaitos Power",Finland,FIN,2021,mid,101288.89,heat_battery,heat_battery,same,84.153,44.744,-39.409000000000006,112.276,112.276,84.153,44.744,,,73.8,38.332,139.78,89.283
HU.OKIR/100412328.FACILITY,MOL Petrolkémia Zrt.,Hungary,HUN,2020,mid,99017.78,natural_gas,natural_gas,same,36.747,36.747,0.0,36.747,36.747,109.653,44.744,,,96.75,38.332,139.78,27.024
CZ.MZP.C316/CZ49165297.FACILITY, Teplárna Strakonice,Czechia,CZE,2019,mid,97544.99,natural_gas,natural_gas,same,42.487,42.487,0.0,42.487,42.487,88.375,44.744,,,77.6,38.332,139.78,32.129
DE.EEA/06-05-100-0988652.FACILITY,RWE Generation SE HKW Hamborn,Germany,DEU,2016,mid,97071.67,natural_gas,natural_gas,same,43.782,43.782,0.0,43.782,43.782,168.653,47.885,,,149.85,41.159,143.427,37.234
BG.CAED/013000017.FACILITY, Sliven power station,Bulgaria,BGR,2018,mid,96388.89,natural_gas,natural_gas,same,38.325,38.325,0.0,38.325,38.325,94.153,46.197,,,82.8,39.64,95.784,30.242
https://data.ied_registry.omgeving.vlaanderen.be/id/productionfacility/BE.VL.000000174.FACILITY,UMICORE,Belgium,BEL,2009,high,93629.76,natural_gas,natural_gas,same,42.999,42.999,0.0,42.999,42.999,123.819,44.744,,,109.5,38.332,139.78,35.014
http://paikkatiedot.fi/so/1002031/pf/ProductionFacility/0000001262.ProductionFacility,"Savon Voima Oyj, Joensuun voimalaitos",Finland,FIN,2024,mid,93222.22,heat_battery,heat_battery,same,94.153,44.744,-49.409000000000006,123.527,123.527,94.153,44.744,,,82.8,38.332,139.78,97.995
FR.CAED/8525.FACILITY,PLAINE COMMUNE ENERGIE,France,FRA,2007,mid,92885.46,natural_gas,natural_gas,same,39.061,39.061,0.0,39.061,39.061,65.93,45.593,,,57.4,39.096,140.545,33.96
UK.CAED/EW_EA-776.FACILITY,Corby Power Station EPR/LP3833LM,United Kingdom,GBR,2015,mid,91388.89,natural_gas,natural_gas,same,46.512,46.512,0.0,46.512,46.512,169.319,54.322,,,150.45,46.953,147.581,39.287
https://data.gov.sk/set/data/so/b4d884b3-4442-43db-a19c-ceb6e127960f/SK47061611.NRZ.FACILITY,"MH Teplárenský holding, a.s. - závod Zvolen",Slovakia,SVK,2018,mid,90059.34,natural_gas,natural_gas,same,41.532,41.532,0.0,41.532,41.532,133.653,44.744,,,118.35,38.332,139.78,33.128
https://registry.gdi-de.org/id/de.be.pf.lisa/760,BSR / MHKW ,Germany,DEU,2017,high,87444.44,natural_gas,natural_gas,same,40.885,40.885,0.0,40.885,40.885,170.653,47.885,,,151.65,41.159,143.427,34.626
SE.CAED/10021743.Facility,"STORA ENSO PAPER AB, Kvarnsveden Mill",Sweden,SWE,2022,high,85488.89,heat_battery,heat_battery,same,149.153,44.744,-104.40899999999999,209.71,209.71,149.153,44.744,,,132.3,38.332,139.78,171.52
UK.SEPA/200000052.Facility,Grangemouth Refinery,United Kingdom,GBR,2019,mid,84166.67,natural_gas,natural_gas,same,40.822,40.822,0.0,40.822,40.822,173.208,54.322,,,153.95,46.953,147.581,30.63
PT.EEA/100004332.FACILITY,Central de Cogeração de Lavos,Portugal,PRT,2017,mid,82352.97,natural_gas,natural_gas,same,36.322,36.322,0.0,36.322,36.322,129.486,44.744,,,114.6,38.332,139.78,30.519
UK.CAED/EW_EA-2267.FACILITY,Derby Sinfin CHP Plant EPR/FP3739LK,United Kingdom,GBR,2009,mid,80833.33,natural_gas,natural_gas,same,35.354,35.354,0.0,35.354,35.354,120.43,54.322,,,106.45,46.953,147.581,28.133
SE.CAED/10022299.Facility,"SCA Massa, Östrands massafabrik",Sweden,SWE,2024,high,80600.0,heat_battery,heat_battery,same,101.875,44.744,-57.131,143.072,143.072,101.875,44.744,,,89.75,38.332,139.78,115.586
IE.CAED/P0611.FACILITY,Electricity Supply Board (West Offaly Power),Ireland,IRL,2020,mid,80561.11,natural_gas,natural_gas,same,43.283,43.283,0.0,43.283,43.283,150.041,44.744,,,133.1,38.332,139.78,32.906
http://paikkatiedot.fi/so/1002031/pf/ProductionFacility/0000001300.ProductionFacility,"Kainuun Voima Oy, Kainuun Voima Oy:n höyryvoimalaitos",Finland,FIN,2024,mid,77583.33,heat_battery,heat_battery,same,94.153,44.744,-49.409000000000006,123.527,123.527,94.153,44.744,,,82.8,38.332,139.78,97.995
CZ.MZP.E532/CZ11020488.FACILITY,HS Pardubice,Czechia,CZE,2020,mid,77408.33,natural_gas,natural_gas,same,37.918,37.918,0.0,37.918,37.918,95.93,44.744,,,84.4,38.332,139.78,28.078
SE.CAED/10020366.Facility,Skoghalls Bruk,Sweden,SWE,2024,high,77400.0,heat_battery,heat_battery,same,101.875,44.744,-57.131,143.072,143.072,101.875,44.744,,,89.75,38.332,139.78,115.586
SE.CAED/10015046.Facility,Bravikens Pappersbruk,Sweden,SWE,2024,high,74900.0,heat_battery,heat_battery,same,101.875,44.744,-57.131,143.072,143.072,101.875,44.744,,,89.75,38.332,139.78,115.586
GB.EEA/EW_EA-6831.FACILITY,"Thames Power Services Ltd, Barking Power",United Kingdom,GBR,2012,mid,70833.33,natural_gas,natural_gas,same,43.564,43.564,0.0,43.564,43.564,131.93,54.322,,,116.8,46.953,147.581,36.734
http://paikkatiedot.fi/so/1002031/pf/ProductionFacility/0000001862.ProductionFacility,"Fortum Power and Heat Oy, Meri-Porin voimalaitos",Finland,FIN,2023,mid,70805.56,heat_battery,heat_battery,same,104.486,44.744,-59.742000000000004,152.035,152.035,104.486,44.744,,,92.1,38.332,139.78,118.804
http://paikkatiedot.fi/so/1002031/pf/ProductionFacility/0000011179.ProductionFacility,"Sappi Finland Operations Oy, Kirkniemen voimalaitos",Finland,FIN,2024,mid,70583.33,heat_battery,heat_battery,same,94.153,44.744,-49.409000000000006,123.527,123.527,94.153,44.744,,,82.8,38.332,139.78,97.995
UK.SEPA/200000046.Facility,Dundee Energy Recycling Ltd,United Kingdom,GBR,2019,high,70277.78,natural_gas,natural_gas,same,40.822,40.822,0.0,40.822,40.822,173.208,54.322,,,153.95,46.953,147.581,30.63
SE.CAED/10014660.Facility,SSAB EMEA AB Oxelösund,Sweden,SWE,2024,high,68800.0,heat_battery,heat_battery,same,101.875,44.744,-57.131,143.072,143.072,101.875,44.744,,,89.75,38.332,139.78,115.586
http://paikkatiedot.fi/so/1002031/pf/ProductionFacility/0000016248.ProductionFacility,"Kymin Voima Oy, Energiantuotanto",Finland,FIN,2024,mid,67500.0,heat_battery,heat_battery,same,94.153,44.744,-49.409000000000006,123.527,123.527,94.153,44.744,,,82.8,38.332,139.78,97.995
UK.CAED/EW_EA-1017.FACILITY,Castleford Power Station EPR/BK1627IX,United Kingdom,GBR,2010,mid,65277.78,natural_gas,natural_gas,same,32.535,32.535,0.0,32.535,32.535,112.653,54.322,,,99.45,46.953,147.581,25.192
http://paikkatiedot.fi/so/1002031/pf/ProductionFacility/0000001294.ProductionFacility,"UPM Communication Papers Oy, Jämsänkosken paperitehdas",Finland,FIN,2024,high,64694.44,heat_battery,heat_battery,same,94.153,44.744,-49.409000000000006,123.527,123.527,94.153,44.744,,,82.8,38.332,139.78,97.995
http://paikkatiedot.fi/so/1002031/pf/ProductionFacility/0000001866.ProductionFacility,"Neste Oyj, Porvoon jalostamo",Finland,FIN,2024,mid,61666.67,heat_battery,heat_battery,same,94.153,44.744,-49.409000000000006,123.527,123.527,94.153,44.744,,,82.8,38.332,139.78,97.995
http://paikkatiedot.fi/so/1002031/pf/ProductionFacility/0100203967.ProductionFacility,"Tuusulanjärven Lämpö Oy, Järvenpään voimalaitos",Finland,FIN,2024,mid,60644.44,heat_battery,heat_battery,same,94.153,44.744,-49.409000000000006,123.527,123.527,94.153,44.744,,,82.8,38.332,139.78,97.995
SE.CAED/10019441.Facility,Sävenäs Kraftvärmeverk,Sweden,SWE,2024,mid,59500.0,heat_battery,heat_battery,same,101.875,44.744,-57.131,143.072,143.072,101.875,44.744,,,89.75,38.332,139.78,115.586
UK.CAED/EW_EA-1451.FACILITY,Runcorn Halochemicals EPR/BS5428IP,United Kingdom,GBR,2013,mid,58555.56,natural_gas,natural_gas,same,45.901,45.901,0.0,45.901,45.901,133.319,54.322,,,118.05,46.953,147.581,39.342
DK.CAED/900000017.FACILITY,Lynetten (renseanlæg),Denmark,DNK,2020,high,57705.56,natural_gas,natural_gas,same,41.063,41.063,0.0,41.063,41.063,74.264,44.744,,,64.9,38.332,139.78,30.908
http://paikkatiedot.fi/so/1002031/pf/ProductionFacility/0000001254.ProductionFacility,"Stora Enso Oyj, Imatran tehtaat",Finland,FIN,2024,high,57500.0,heat_battery,heat_battery,same,94.153,44.744,-49.409000000000006,123.527,123.527,94.153,44.744,,,82.8,38.332,139.78,97.995
SE.CAED/10024576.Facility,Luleå kraftvärmeverk LUKAB,Sweden,SWE,2024,mid,55619.44,heat_battery,heat_battery,same,101.875,44.744,-57.131,143.072,143.072,101.875,44.744,,,89.75,38.332,139.78,115.586
SE.CAED/10024561.Facility,SSAB EMEA AB i Luleå,Sweden,SWE,2024,high,55619.44,heat_battery,heat_battery,same,101.875,44.744,-57.131,143.072,143.072,101.875,44.744,,,89.75,38.332,139.78,115.586
https://registry.gdi-de.org/id/de.sl.inspire.pf/0101000-G,Kraftwerk Fenne ,Germany,DEU,2019,mid,54666.67,natural_gas,natural_gas,same,44.891,44.891,0.0,44.891,44.891,177.986,47.885,,,158.25,41.159,143.427,34.293
SE.CAED/10015061.Facility,Lantmännen Biorefineries AB,Sweden,SWE,2018,mid,54100.0,heat_battery,heat_battery,same,80.541,44.744,-35.797,81.053,81.053,80.541,44.744,,,70.55,38.332,139.78,68.697
SE.CAED/10015102.Facility,Händelöverket,Sweden,SWE,2024,mid,54100.0,heat_battery,heat_battery,same,101.875,44.744,-57.131,143.072,143.072,101.875,44.744,,,89.75,38.332,139.78,115.586
SE.CAED/10020871.Facility,Aspa Pulp AB,Sweden,SWE,2024,high,51800.0,heat_battery,heat_battery,same,101.875,44.744,-57.131,143.072,143.072,101.875,44.744,,,89.75,38.332,139.78,115.586
http://paikkatiedot.fi/so/1002031/pf/ProductionFacility/0000001560.ProductionFacility,"UPM-Kymmene Oyj, Kymi",Finland,FIN,2024,high,49444.44,heat_battery,heat_battery,same,94.153,44.744,-49.409000000000006,123.527,123.527,94.153,44.744,,,82.8,38.332,139.78,97.995
http://paikkatiedot.fi/so/1002031/pf/ProductionFacility/0000001913.ProductionFacility,"SSAB Europe Oy, Raahen terästehdas",Finland,FIN,2024,high,47805.56,heat_battery,heat_battery,same,94.153,44.744,-49.409000000000006,123.527,123.527,94.153,44.744,,,82.8,38.332,139.78,97.995
http://paikkatiedot.fi/so/1002031/pf/ProductionFacility/0100204977.ProductionFacility,"Nordkalk Oy Ab, Raahen kalkinpolttamo",Finland,FIN,2024,high,47805.56,heat_battery,heat_battery,same,94.153,44.744,-49.409000000000006,123.527,123.527,94.153,44.744,,,82.8,38.332,139.78,97.995
SE.CAED/10023612.Facility,SCA Obbola AB,Sweden,SWE,2024,high,47200.0,heat_battery,heat_battery,same,101.875,44.744,-57.131,143.072,143.072,101.875,44.744,,,89.75,38.332,139.78,115.586
UK.SEPA/200000061.Facility,Fife Ethylene Plant,United Kingdom,GBR,2019,mid,46702.78,natural_gas,natural_gas,same,40.822,40.822,0.0,40.822,40.822,173.208,54.322,,,153.95,46.953,147.581,30.63
SE.CAED/10016489.Facility,Södra Cell Mönsterås,Sweden,SWE,2024,high,45700.0,heat_battery,heat_battery,same,101.875,44.744,-57.131,143.072,143.072,101.875,44.744,,,89.75,38.332,139.78,115.586
UK.CAED/EW_EA-13608.FACILITY,Scunthorpe Iron & Steel Works EPR/HP3736AW,United Kingdom,GBR,2019,mid,45184.72,natural_gas,natural_gas,same,40.822,40.822,0.0,40.822,40.822,173.208,54.322,,,153.95,46.953,147.581,30.63
SE.CAED/10024325.Facility,Billerud Karlsborgs bruk,Sweden,SWE,2024,high,41000.0,heat_battery,heat_battery,same,101.875,44.744,-57.131,143.072,143.072,101.875,44.744,,,89.75,38.332,139.78,115.586
http://paikkatiedot.fi/so/1002031/pf/ProductionFacility/0000001728.ProductionFacility,"Turun Seudun Energiantuotanto Oy, Naantalin voimalaitos",Finland,FIN,2024,mid,39522.22,heat_battery,heat_battery,same,94.153,44.744,-49.409000000000006,123.527,123.527,94.153,44.744,,,82.8,38.332,139.78,97.995
UK.SEPA/200000037.Facility,"Kirriemuir Compressor Station, Forfar",United Kingdom,GBR,2007,mid,39513.89,natural_gas,natural_gas,same,36.533,36.533,0.0,36.533,36.533,123.319,54.322,,,109.05,46.953,147.581,31.685
FR.CAED/8480.FACILITY,IDEX LA DEFENSE,France,FRA,2007,mid,38913.77,natural_gas,natural_gas,same,39.061,39.061,0.0,39.061,39.061,65.93,45.593,,,57.4,39.096,140.545,33.96
UK.CAED/EW_EA-1941.FACILITY,Seal Sands Power Station,United Kingdom,GBR,2012,mid,38888.89,natural_gas,natural_gas,same,43.564,43.564,0.0,43.564,43.564,131.93,54.322,,,116.8,46.953,147.581,36.734
NL.EEA/48084.FACILITY,Ennatuurlijk; WKC Eindhoven,Netherlands,NLD,2010,mid,38151.51,natural_gas,natural_gas,same,44.311,44.311,0.0,44.311,44.311,112.264,44.744,,,99.1,38.332,139.78,35.791
http://paikkatiedot.fi/so/1002031/pf/ProductionFacility/0000001780.ProductionFacility,"Stora Enso Oulu Oy, Oulun tehdas, Oulu",Finland,FIN,2024,high,36083.33,heat_battery,heat_battery,same,94.153,44.744,-49.409000000000006,123.527,123.527,94.153,44.744,,,82.8,38.332,139.78,97.995
CZ.MZP.T801/CZ73899995.FACILITY,Teplárna Krnov,Czechia,CZE,2012,mid,35798.82,natural_gas,natural_gas,same,44.242,44.242,0.0,44.242,44.242,117.041,44.744,,,103.4,38.332,139.78,37.345
SE.CAED/10022522.Facility,Kraftvärmeverket Övik Energi A,Sweden,SWE,2024,mid,35027.78,heat_battery,heat_battery,same,101.875,44.744,-57.131,143.072,143.072,101.875,44.744,,,89.75,38.332,139.78,115.586
https://registry.gdi-de.org/id/de.th/5bf25e39-19d5-4254-adac-63f1b1cec499/30013178,Heizkraftwerk Gera-Nord,Germany,DEU,2018,mid,34669.44,natural_gas,natural_gas,same,43.69,43.69,0.0,43.69,43.69,169.653,47.885,,,150.75,41.159,143.427,35.07
SE.CAED/10017446.Facility,Nymölla bruk,Sweden,SWE,2024,high,34600.0,heat_battery,heat_battery,same,101.875,44.744,-57.131,143.072,143.072,101.875,44.744,,,89.75,38.332,139.78,115.586
https://registry.gdi-de.org/id/de.nw.inspire.pf.bube-eureg/arb-2017-111000-100-0036701,Henkel AG & Co. KGaA,Germany,DEU,2018,mid,33583.33,natural_gas,natural_gas,same,43.69,43.69,0.0,43.69,43.69,169.653,47.885,,,150.75,41.159,143.427,35.07
UK.SEPA/200002494.Facility,INEOS Infrastructure (Grangemouth) Ltd,United Kingdom,GBR,2019,mid,33500.0,natural_gas,natural_gas,same,40.822,40.822,0.0,40.822,40.822,173.208,54.322,,,153.95,46.953,147.581,30.63
SE.CAED/10014052.Facility,HÄSSELBYVERKET,Sweden,SWE,2023,mid,32750.0,heat_battery,heat_battery,same,111.597,44.744,-66.853,172.505,172.505,111.597,44.744,,,98.5,38.332,139.78,137.227
SE.CAED/10020999.Facility,"Billerud Skog & Industri AB, Frövi",Sweden,SWE,2024,high,31600.0,heat_battery,heat_battery,same,101.875,44.744,-57.131,143.072,143.072,101.875,44.744,,,89.75,38.332,139.78,115.586
SE.CAED/10018336.Facility,Hylte Paper AB,Sweden,SWE,2024,high,30700.0,heat_battery,heat_battery,same,101.875,44.744,-57.131,143.072,143.072,101.875,44.744,,,89.75,38.332,139.78,115.586
UK.CAED/EW_EA-1936.FACILITY,Cheshire Power Station,United Kingdom,GBR,2009,mid,30022.22,natural_gas,natural_gas,same,35.354,35.354,0.0,35.354,35.354,120.43,54.322,,,106.45,46.953,147.581,28.133
SE.CAED/10019583.Facility,Riskullaverket,Sweden,SWE,2024,mid,29815.88,heat_battery,heat_battery,same,101.875,44.744,-57.131,143.072,143.072,101.875,44.744,,,89.75,38.332,139.78,115.586
PL.EEA/02C_002193.FACILITY,Elana-Energetyka Sp. z o.o.,Poland,POL,2007,mid,28416.67,natural_gas,natural_gas,same,33.388,33.388,0.0,33.388,33.388,102.708,44.744,,,90.5,38.332,139.78,28.855
http://paikkatiedot.fi/so/1002031/pf/ProductionFacility/0000003626.ProductionFacility,"Nevel Oy, Forssan voimalaitos ",Finland,FIN,2022,mid,28333.33,heat_battery,heat_battery,same,110.93,44.744,-66.186,215.505,215.505,110.93,44.744,,,97.9,38.332,139.78,176.736
UK.CAED/EW_EA-2848.FACILITY,Knapton Generating Station EPR/HP3038LA,United Kingdom,GBR,2010,mid,27777.78,natural_gas,natural_gas,same,32.535,32.535,0.0,32.535,32.535,112.653,54.322,,,99.45,46.953,147.581,25.192
https://registry.gdi-de.org/id/de.sh/10030084,Steinbeis Energie GmbH ,Germany,DEU,2017,mid,26600.56,natural_gas,natural_gas,same,40.885,40.885,0.0,40.885,40.885,170.653,47.885,,,151.65,41.159,143.427,34.626
UK.CAED/EW_EA-5680.FACILITY,Glanford Brigg Generating Station EPR/ZP3133LM,United Kingdom,GBR,2010,mid,26583.33,natural_gas,natural_gas,same,32.535,32.535,0.0,32.535,32.535,112.653,54.322,,,99.45,46.953,147.581,25.192
https://registry.gdi-de.org/id/de.nw.inspire.pf.bube-eureg/arb-2017-112000-100-0388700,DK Recycling und Roheisen GmbH,Germany,DEU,2018,high,26583.33,natural_gas,natural_gas,same,43.69,43.69,0.0,43.69,43.69,169.653,47.885,,,150.75,41.159,143.427,35.07
https://registry.gdi-de.org/id/de.hh/pf.bube-eureg_/11643,Vattenfall Heizkraftwerk Moorburg GmbH ,Germany,DEU,2020,mid,26472.22,natural_gas,natural_gas,same,42.358,42.358,0.0,42.358,42.358,202.097,47.885,,,179.95,41.159,143.427,32.073
SE.CAED/10022227.Facility,Iggesunds Bruk,Sweden,SWE,2024,high,25100.0,heat_battery,heat_battery,same,101.875,44.744,-57.131,143.072,143.072,101.875,44.744,,,89.75,38.332,139.78,115.586
SE.CAED/10022356.Facility,"SCA Massa AB, Ortvikens massafabrik",Sweden,SWE,2024,high,25000.0,heat_battery,heat_battery,same,101.875,44.744,-57.131,143.072,143.072,101.875,44.744,,,89.75,38.332,139.78,115.586
UK.CAED/EW_EA-670.FACILITY,Peterborough Power Station EPR/AP3233LU,United Kingdom,GBR,2010,mid,24333.33,natural_gas,natural_gas,same,32.535,32.535,0.0,32.535,32.535,112.653,54.322,,,99.45,46.953,147.581,25.192
UK.CAED/EW_EA-1716.FACILITY,Cassel Works,United Kingdom,GBR,2019,mid,22166.67,natural_gas,natural_gas,same,40.822,40.822,0.0,40.822,40.822,173.208,54.322,,,153.95,46.953,147.581,30.63
UK.CAED/EW_EA-2489.FACILITY,Teesside EfW Plant EPR/VP3034SG,United Kingdom,GBR,2018,high,22166.67,natural_gas,natural_gas,same,38.079,38.079,0.0,38.079,38.079,155.486,54.322,,,138.0,46.953,147.581,30.02
UK.CAED/EW_EA-406.FACILITY,Hythe Cogen,United Kingdom,GBR,2013,mid,21666.67,natural_gas,natural_gas,same,45.901,45.901,0.0,45.901,45.901,133.319,54.322,,,118.05,46.953,147.581,39.342
SE.CAED/10022175.Facility,Vallviks Bruk,Sweden,SWE,2024,high,21200.0,heat_battery,heat_battery,same,101.875,44.744,-57.131,143.072,143.072,101.875,44.744,,,89.75,38.332,139.78,115.586
DK.EEA/6458.FACILITY,"I/S VESTFORBRÆNDING, GLOSTRUP",Denmark,DNK,2016,high,21174.44,natural_gas,natural_gas,same,41.501,41.501,0.0,41.501,41.501,106.819,44.744,,,94.2,38.332,139.78,35.181
http://paikkatiedot.fi/so/1002031/pf/ProductionFacility/0000001111.ProductionFacility,"Stora Enso Oyj, Uimaharjun tehdas",Finland,FIN,2024,high,21111.11,heat_battery,heat_battery,same,94.153,44.744,-49.409000000000006,123.527,123.527,94.153,44.744,,,82.8,38.332,139.78,97.995
FI.EEA/3015.FACILITY,"FORTUM POWER AND HEAT OY, UIMAHARJUN VOIMALAITOS",Finland,FIN,2008,mid,21111.11,natural_gas,natural_gas,same,44.28,44.28,0.0,44.28,44.28,75.153,44.744,,,65.7,38.332,139.78,34.348
http://paikkatiedot.fi/so/1002031/pf/ProductionFacility/0000001919.ProductionFacility,"Metsä Fibre Oy, Rauman tehdas",Finland,FIN,2024,high,21057.92,heat_battery,heat_battery,same,94.153,44.744,-49.409000000000006,123.527,123.527,94.153,44.744,,,82.8,38.332,139.78,97.995
https://registry.gdi-de.org/id/de.hb/de.hb.pf.bube-eureg.06-04-11/2001178/8/1,swb Erzeugung AG & Co. KG / Heizkraftwerk Hafen ,Germany,DEU,2019,mid,20872.22,natural_gas,natural_gas,same,44.891,44.891,0.0,44.891,44.891,177.986,47.885,,,158.25,41.159,143.427,34.293
PL.MŚ/000000371.FACILITY,ARCELORMITTAL WARSZAWA SP. Z O.O.,Poland,POL,2011,high,20416.67,natural_gas,natural_gas,same,43.924,43.924,0.0,43.924,43.924,110.764,44.744,,,97.75,38.332,139.78,35.847
CZ.MZP.A100/CZ83095419.FACILITY,Teplárna Malešice PT a.s.,Czechia,CZE,2011,mid,20334.64,natural_gas,natural_gas,same,44.664,44.664,0.0,44.664,44.664,123.819,44.744,,,109.5,38.332,139.78,36.512
http://paikkatiedot.fi/so/1002031/pf/ProductionFacility/0000002591.ProductionFacility,"Stora Enso Anjalankoski Oy, Anjalankosken tehtaat",Finland,FIN,2024,high,20055.56,heat_battery,heat_battery,same,94.153,44.744,-49.409000000000006,123.527,123.527,94.153,44.744,,,82.8,38.332,139.78,97.995
PT.EEA/100004225.FACILITY,Central Termoeléctrica do Barreiro,Portugal,PRT,2009,mid,19888.89,natural_gas,natural_gas,same,41.89,41.89,0.0,41.89,41.89,106.986,44.744,,,94.35,38.332,139.78,34.015
SE.CAED/10024059.Facility,Hedensbyns kraftvärmeverk,Sweden,SWE,2024,mid,19111.11,heat_battery,heat_battery,same,101.875,44.744,-57.131,143.072,143.072,101.875,44.744,,,89.75,38.332,139.78,115.586
http://paikkatiedot.fi/so/1002031/pf/ProductionFacility/0000024256.ProductionFacility,"Kokkolan Energia Oy, Voimalaitos Voima (Ykspihlajan voimalaitos)",Finland,FIN,2021,mid,19011.11,heat_battery,heat_battery,same,84.153,44.744,-39.409000000000006,112.276,112.276,84.153,44.744,,,73.8,38.332,139.78,89.283
SE.CAED/10018676.Facility,Södra Cell Värö,Sweden,SWE,2024,high,16700.0,heat_battery,heat_battery,same,101.875,44.744,-57.131,143.072,143.072,101.875,44.744,,,89.75,38.332,139.78,115.586
SE.CAED/10019446.Facility,Rya Värmecentral,Sweden,SWE,2023,mid,16000.0,heat_battery,heat_battery,same,111.597,44.744,-66.853,172.505,172.505,111.597,44.744,,,98.5,38.332,139.78,137.227
CZ.MZP.T804/CZ32201987.FACILITY,"KOMTERM Morava, s. r. o.",Czechia,CZE,2011,mid,15801.8,natural_gas,natural_gas,same,44.664,44.664,0.0,44.664,44.664,123.819,44.744,,,109.5,38.332,139.78,36.512
http://paikkatiedot.fi/so/1002031/pf/ProductionFacility/0000003574.ProductionFacility,"ESE-Energia Oy, PURSIALAN VOIMALAITOS",Finland,FIN,2024,mid,15527.78,heat_battery,heat_battery,same,94.153,44.744,-49.409000000000006,123.527,123.527,94.153,44.744,,,82.8,38.332,139.78,97.995
http://paikkatiedot.fi/so/1002031/pf/ProductionFacility/0000002110.ProductionFacility,"Outokumpu Chrome Oy, Tornion tehtaat",Finland,FIN,2024,high,15305.56,heat_battery,heat_battery,same,94.153,44.744,-49.409000000000006,123.527,123.527,94.153,44.744,,,82.8,38.332,139.78,97.995
http://paikkatiedot.fi/so/1002031/pf/ProductionFacility/0100184511.ProductionFacility,"Tornion Voima Oy, Röyttän teollisuusalueen voimalaitos ja kattilalai",Finland,FIN,2024,mid,15305.56,heat_battery,heat_battery,same,94.153,44.744,-49.409000000000006,123.527,123.527,94.153,44.744,,,82.8,38.332,139.78,97.995
https://registry.gdi-de.org/id/de.rp.inspire.pf.bube-eureg/4000095,Boehringer Ingelheim Pharma GmbH & Co. KG,Germany,DEU,2017,mid,15000.0,natural_gas,natural_gas,same,40.885,40.885,0.0,40.885,40.885,170.653,47.885,,,151.65,41.159,143.427,34.626
http://paikkatiedot.fi/so/1002031/pf/ProductionFacility/0000001596.ProductionFacility,"Nordkalk Oy Ab, Ihalaisen kaivos",Finland,FIN,2008,high,14250.0,natural_gas,natural_gas,same,44.28,44.28,0.0,44.28,44.28,75.153,44.744,,,65.7,38.332,139.78,34.348
SE.CAED/10019896.Facility,Ryaverket,Sweden,SWE,2024,mid,14233.68,heat_battery,heat_battery,same,101.875,44.744,-57.131,143.072,143.072,101.875,44.744,,,89.75,38.332,139.78,115.586
SE.CAED/10021292.Facility,Nordkalk / Köping,Sweden,SWE,2024,high,13876.25,heat_battery,heat_battery,same,101.875,44.744,-57.131,143.072,143.072,101.875,44.744,,,89.75,38.332,139.78,115.586
SE.CAED/10021163.Facility,Västerås kraftvärmeverk,Sweden,SWE,2024,mid,13619.44,heat_battery,heat_battery,same,101.875,44.744,-57.131,143.072,143.072,101.875,44.744,,,89.75,38.332,139.78,115.586
http://paikkatiedot.fi/so/1002031/pf/ProductionFacility/0000001600.ProductionFacility,"Lappeenrannan Lämpövoima Oy, Mertaniemen voimalaitos",Finland,FIN,2009,mid,13424.17,natural_gas,natural_gas,same,40.718,40.718,0.0,40.718,40.718,78.375,44.744,,,68.6,38.332,139.78,32.961
UK.CAED/EW_EA-18515.FACILITY,Peterborough Energy Recovery Facility,United Kingdom,GBR,2017,high,13027.78,natural_gas,natural_gas,same,31.698,31.698,0.0,31.698,31.698,141.597,54.322,,,125.5,46.953,147.581,26.358
http://paikkatiedot.fi/so/1002031/pf/ProductionFacility/0000003607.ProductionFacility,"Järvi-Suomen Voima Oy, Savonlinnan voimalaitos",Finland,FIN,2023,mid,12872.22,heat_battery,heat_battery,same,104.486,44.744,-59.742000000000004,152.035,152.035,104.486,44.744,,,92.1,38.332,139.78,118.804
SE.CAED/10019773.Facility,Vargön Alloys AB,Sweden,SWE,2024,high,12779.75,heat_battery,heat_battery,same,101.875,44.744,-57.131,143.072,143.072,101.875,44.744,,,89.75,38.332,139.78,115.586
http://paikkatiedot.fi/so/1002031/pf/ProductionFacility/0000001216.ProductionFacility,"Loimua Oy, Vanajan voimalaitos, Hämeenlinna",Finland,FIN,2024,mid,12578.5,heat_battery,heat_battery,same,94.153,44.744,-49.409000000000006,123.527,123.527,94.153,44.744,,,82.8,38.332,139.78,97.995
http://paikkatiedot.fi/so/1002031/pf/ProductionFacility/0000002336.ProductionFacility,"Mäntän Energia Oy, Voimalaitos",Finland,FIN,2024,mid,12411.11,heat_battery,heat_battery,same,94.153,44.744,-49.409000000000006,123.527,123.527,94.153,44.744,,,82.8,38.332,139.78,97.995
UK.CAED/EW_EA-1374.FACILITY,Teesside Polyethylene Plant EPR/TP3139UR,United Kingdom,GBR,2012,mid,10861.11,natural_gas,natural_gas,same,43.564,43.564,0.0,43.564,43.564,131.93,54.322,,,116.8,46.953,147.581,36.734
UK.CAED/EW_EA-16600.FACILITY,Wilton Olefins Installation,United Kingdom,GBR,2019,mid,10861.11,natural_gas,natural_gas,same,40.822,40.822,0.0,40.822,40.822,173.208,54.322,,,153.95,46.953,147.581,30.63
SE.CAED/10014156.Facility,SOLNAVERKET,Sweden,SWE,2021,mid,10758.33,heat_battery,heat_battery,same,96.208,44.744,-51.464,118.195,118.195,96.208,44.744,,,84.65,38.332,139.78,94.61
http://paikkatiedot.fi/so/1002031/pf/ProductionFacility/0000001269.ProductionFacility,"Metsä Fibre Oy, Joutsenon tehdas",Finland,FIN,2024,high,10302.78,heat_battery,heat_battery,same,94.153,44.744,-49.409000000000006,123.527,123.527,94.153,44.744,,,82.8,38.332,139.78,97.995
UK.SEPA/200000138.Facility,NGG North Sea Gas Terminal,United Kingdom,GBR,2010,mid,10222.22,natural_gas,natural_gas,same,32.535,32.535,0.0,32.535,32.535,112.653,54.322,,,99.45,46.953,147.581,25.192
SE.CAED/10020920.Facility,Karlskoga kraftvärmeverk,Sweden,SWE,2024,mid,10183.0,heat_battery,heat_battery,same,101.875,44.744,-57.131,143.072,143.072,101.875,44.744,,,89.75,38.332,139.78,115.586
EE.KAUR.TTR/13.FACILITY,"Gren Viru AS, Ahtme tipu- ja reservkatlamaja",Estonia,EST,2010,mid,10055.56,natural_gas,natural_gas,same,39.749,39.749,0.0,39.749,39.749,81.097,44.744,,,71.05,38.332,139.78,31.685
UK.SEPA/200001408.Facility,"Sullom Voe Terminal CHP, Shetland",United Kingdom,GBR,2019,mid,9938.61,natural_gas,natural_gas,same,40.822,40.822,0.0,40.822,40.822,173.208,54.322,,,153.95,46.953,147.581,30.63
SE.CAED/10024718.Facility,SCA Munksunds pappersbruk,Sweden,SWE,2024,high,9261.11,heat_battery,heat_battery,same,101.875,44.744,-57.131,143.072,143.072,101.875,44.744,,,89.75,38.332,139.78,115.586
SE.CAED/10024717.Facility,Smurfit Westrock Piteå AB,Sweden,SWE,2024,high,8800.0,heat_battery,heat_battery,same,101.875,44.744,-57.131,143.072,143.072,101.875,44.744,,,89.75,38.332,139.78,115.586
http://paikkatiedot.fi/so/1002031/pf/ProductionFacility/0000001409.ProductionFacility,"Stora Enso Oyj, Sunilan tehdas",Finland,FIN,2023,high,8611.11,heat_battery,heat_battery,same,104.486,44.744,-59.742000000000004,152.035,152.035,104.486,44.744,,,92.1,38.332,139.78,118.804
SE.CAED/10015075.Facility,Billerud Sweden AB Skärblacka Bruk,Sweden,SWE,2024,high,8400.0,heat_battery,heat_battery,same,101.875,44.744,-57.131,143.072,143.072,101.875,44.744,,,89.75,38.332,139.78,115.586
CZ.MZP.U422/CZ88427918.FACILITY,"ACTHERM, spol. s r.o., odštěpný závod Chomutov",Czechia,CZE,2018,mid,8392.57,natural_gas,natural_gas,same,36.969,36.969,0.0,36.969,36.969,82.93,44.744,,,72.7,38.332,139.78,29.021
SE.CAED/10014775.Facility,Värmeverket Vattumannen,Sweden,SWE,2024,mid,8338.89,heat_battery,heat_battery,same,101.875,44.744,-57.131,143.072,143.072,101.875,44.744,,,89.75,38.332,139.78,115.586
NL.EEA/94003.FACILITY,Centrale Bergum,Netherlands,NLD,2010,mid,8297.21,natural_gas,natural_gas,same,44.311,44.311,0.0,44.311,44.311,112.264,44.744,,,99.1,38.332,139.78,35.791
UK.SEPA/200000035.Facility,Fife NGL Plant,United Kingdom,GBR,2019,mid,8277.78,natural_gas,natural_gas,same,40.822,40.822,0.0,40.822,40.822,173.208,54.322,,,153.95,46.953,147.581,30.63
http://paikkatiedot.fi/so/1002031/pf/ProductionFacility/0100198358.ProductionFacility,"Keravan Lämpövoima Oy, Keravan voimalaitos",Finland,FIN,2024,mid,8105.56,heat_battery,heat_battery,same,94.153,44.744,-49.409000000000006,123.527,123.527,94.153,44.744,,,82.8,38.332,139.78,97.995
GB.EEA/EW_EA-671.FACILITY,"Centrica Kps Ltd, Centrica Killingholme Power Station",United Kingdom,GBR,2014,mid,7944.44,natural_gas,natural_gas,same,46.731,46.731,0.0,46.731,46.731,148.097,54.322,,,131.35,46.953,147.581,39.786
SE.CAED/10014121.Facility,Igelsta kraftvärmeverk,Sweden,SWE,2024,mid,7573.5,heat_battery,heat_battery,same,101.875,44.744,-57.131,143.072,143.072,101.875,44.744,,,89.75,38.332,139.78,115.586
SE.CAED/10014118.Facility,Igelsta värmeverk,Sweden,SWE,2024,mid,7573.5,heat_battery,heat_battery,same,101.875,44.744,-57.131,143.072,143.072,101.875,44.744,,,89.75,38.332,139.78,115.586
SE.CAED/10022364.Facility,"Sundsvall Energi AB, Korstaverk",Sweden,SWE,2024,mid,7500.0,heat_battery,heat_battery,same,101.875,44.744,-57.131,143.072,143.072,101.875,44.744,,,89.75,38.332,139.78,115.586
SE.CAED/10022490.Facility,Domsjö Fabriker AB,Sweden,SWE,2024,high,7050.0,heat_battery,heat_battery,same,101.875,44.744,-57.131,143.072,143.072,101.875,44.744,,,89.75,38.332,139.78,115.586
UK.CAED/EW_EA-122.FACILITY,Lynemouth Power Station,United Kingdom,GBR,2015,mid,6527.78,natural_gas,natural_gas,same,46.512,46.512,0.0,46.512,46.512,169.319,54.322,,,150.45,46.953,147.581,39.287
SE.CAED/10022147.Facility,Björksätra Kraftvärmeverk,Sweden,SWE,2021,mid,6238.89,heat_battery,heat_battery,same,96.208,44.744,-51.464,118.195,118.195,96.208,44.744,,,84.65,38.332,139.78,94.61
SE.CAED/10017067.Facility,Södra Cell Mörrum,Sweden,SWE,2024,high,6200.0,heat_battery,heat_battery,same,101.875,44.744,-57.131,143.072,143.072,101.875,44.744,,,89.75,38.332,139.78,115.586
UK.SEPA/200000014.Facility,Cameronbridge Distillery,United Kingdom,GBR,2013,low,5583.33,natural_gas,natural_gas,same,45.901,45.901,0.0,45.901,45.901,133.319,54.322,62.604,73.151,118.05,46.953,147.581,39.342
UK.CAED/EW_EA-13640.FACILITY,Chilton BioMass Plant,United Kingdom,GBR,2016,high,5269.44,natural_gas,natural_gas,same,35.705,35.705,0.0,35.705,35.705,149.653,54.322,,,132.75,46.953,147.581,29.965
GB.EEA/EW_EA-2392.FACILITY,"Sse Generation Ltd, Weston Point Salt Works Chp Pant",United Kingdom,GBR,2014,mid,5168.89,natural_gas,natural_gas,same,46.731,46.731,0.0,46.731,46.731,148.097,54.322,,,131.35,46.953,147.581,39.786
UK.CAED/EW_EA-16950.FACILITY,Runcorn Energy From Waste Facility,United Kingdom,GBR,2019,high,5168.89,natural_gas,natural_gas,same,40.822,40.822,0.0,40.822,40.822,173.208,54.322,,,153.95,46.953,147.581,30.63
SE.CAED/10014983.Facility,Kraftvärmeverket i Linköping,Sweden,SWE,2024,mid,4704.75,heat_battery,heat_battery,same,101.875,44.744,-57.131,143.072,143.072,101.875,44.744,,,89.75,38.332,139.78,115.586
SE.CAED/10014262.Facility,BRISTAVERKET,Sweden,SWE,2024,mid,4600.0,heat_battery,heat_battery,same,101.875,44.744,-57.131,143.072,143.072,101.875,44.744,,,89.75,38.332,139.78,115.586
NL.RIVM/000004753.FACILITY,Rockwool B.V.,Netherlands,NLD,2017,high,4552.91,natural_gas,natural_gas,same,42.364,42.364,0.0,42.364,42.364,95.486,44.744,,,84.0,38.332,139.78,35.958
SE.CAED/10023763.Facility,Dåva kraftvärmeverk,Sweden,SWE,2024,mid,4438.89,heat_battery,heat_battery,same,101.875,44.744,-57.131,143.072,143.072,101.875,44.744,,,89.75,38.332,139.78,115.586
DK.EEA/170.FACILITY,AarhusKarlshamn Denmark A/S,Denmark,DNK,2007,low,3429.72,natural_gas,natural_gas,same,35.854,35.854,0.0,35.854,35.854,101.597,44.744,52.408,70.365,89.5,38.332,139.78,31.074
LT.CAED/301150568.FACILITY,"UAB ""Idex Taika power plant""",Lithuania,LTU,2019,mid,3388.89,natural_gas,natural_gas,same,43.905,43.905,0.0,43.905,43.905,106.097,44.744,,,93.55,38.332,139.78,33.405
LT.EEA/000000003.FACILITY,Kauno elektrine,Lithuania,LTU,2015,mid,3388.89,natural_gas,natural_gas,same,33.565,33.565,0.0,33.565,33.565,112.486,44.744,,,99.3,38.332,139.78,27.634
SE.CAED/10014500.Facility,"HPC Simpan och Ena Kraft, kraftvärmeverket",Sweden,SWE,2024,mid,3169.44,heat_battery,heat_battery,same,101.875,44.744,-57.131,143.072,143.072,101.875,44.744,,,89.75,38.332,139.78,115.586
UK.CAED/EW_EA-1081.FACILITY,Elean Power Station EPR/AP3130LY,United Kingdom,GBR,2019,mid,3083.33,natural_gas,natural_gas,same,40.822,40.822,0.0,40.822,40.822,173.208,54.322,,,153.95,46.953,147.581,30.63
https://registry.gdi-de.org/id/de.ni.mu/07070168330,Enertec Hameln GmbH ,Germany,DEU,2017,high,2755.56,natural_gas,natural_gas,same,40.885,40.885,0.0,40.885,40.885,170.653,47.885,,,151.65,41.159,143.427,34.626
http://paikkatiedot.fi/so/1002031/pf/ProductionFacility/0000001861.ProductionFacility,"Pori Energia Oy, Aittaluodon voimalaitos",Finland,FIN,2024,mid,2555.56,heat_battery,heat_battery,same,94.153,44.744,-49.409000000000006,123.527,123.527,94.153,44.744,,,82.8,38.332,139.78,97.995
https://registry.gdi-de.org/id/de.st.lau.pf.anlagen-ied-euregistry/101049,Stadtwerke Leipzig GmbH ,Germany,DEU,2017,mid,2201.11,natural_gas,natural_gas,same,40.885,40.885,0.0,40.885,40.885,170.653,47.885,,,151.65,41.159,143.427,34.626
SE.CAED/10014053.Facility,HÖGDALENVERKET,Sweden,SWE,2024,high,2161.11,heat_battery,heat_battery,same,101.875,44.744,-57.131,143.072,143.072,101.875,44.744,,,89.75,38.332,139.78,115.586
SE.CAED/10016795.Facility,"Heidelberg Materials Cement Sverige AB, Slitefabriken",Sweden,SWE,2024,high,2108.33,heat_battery,heat_battery,same,101.875,44.744,-57.131,143.072,143.072,101.875,44.744,,,89.75,38.332,139.78,115.586
http://paikkatiedot.fi/so/1002031/pf/ProductionFacility/0000003238.ProductionFacility,"Fortum Power and Heat Oy, Kivenlahden lämpökeskus",Finland,FIN,2024,mid,1666.67,heat_battery,heat_battery,same,94.153,44.744,-49.409000000000006,123.527,123.527,94.153,44.744,,,82.8,38.332,139.78,97.995
GB.EEA/EW_EA-668.FACILITY,"Centrica Barry Ltd, Barry Power Station",United Kingdom,GBR,2010,mid,1638.89,natural_gas,natural_gas,same,32.535,32.535,0.0,32.535,32.535,112.653,54.322,,,99.45,46.953,147.581,25.192
SE.CAED/10017848.Facility,"Västhamnsverket, (VHV)",Sweden,SWE,2024,mid,1300.0,heat_battery,heat_battery,same,101.875,44.744,-57.131,143.072,143.072,101.875,44.744,,,89.75,38.332,139.78,115.586
SE.CAED/10018098.Facility,Allöverket,Sweden,SWE,2024,mid,927.78,heat_battery,heat_battery,same,101.875,44.744,-57.131,143.072,143.072,101.875,44.744,,,89.75,38.332,139.78,115.586
SE.CAED/10014057.Facility,HAMMARBYVERKET,Sweden,SWE,2021,mid,811.11,heat_battery,heat_battery,same,96.208,44.744,-51.464,118.195,118.195,96.208,44.744,,,84.65,38.332,139.78,94.61
NL.EEA/44008.FACILITY,Ennatuurlijk; WKC Helmond,Netherlands,NLD,2010,mid,739.54,natural_gas,natural_gas,same,44.311,44.311,0.0,44.311,44.311,112.264,44.744,,,99.1,38.332,139.78,35.791
https://registry.gdi-de.org/id/de.th/5bf25e39-19d5-4254-adac-63f1b1cec499/77012924,Biomassekraftwerk Bischofferode/Holungen ,Germany,DEU,2017,mid,738.89,natural_gas,natural_gas,same,40.885,40.885,0.0,40.885,40.885,170.653,47.885,,,151.65,41.159,143.427,34.626
http://paikkatiedot.fi/so/1002031/pf/ProductionFacility/0000052805.ProductionFacility,"Järvi-Suomen Voima Oy, Ristiinan voimalaitos",Finland,FIN,2024,mid,683.33,heat_battery,heat_battery,same,94.153,44.744,-49.409000000000006,123.527,123.527,94.153,44.744,,,82.8,38.332,139.78,97.995
SE.CAED/10014627.Facility,Idbäckens Kraftvärmeverk,Sweden,SWE,2024,high,675.0,heat_battery,heat_battery,same,101.875,44.744,-57.131,143.072,143.072,101.875,44.744,,,89.75,38.332,139.78,115.586
http://paikkatiedot.fi/so/1002031/pf/ProductionFacility/0000011208.ProductionFacility,"Porvoon Energia Oy - Borgå Energi Ab, Tolkkisten voimalaitokset",Finland,FIN,2024,mid,672.22,heat_battery,heat_battery,same,94.153,44.744,-49.409000000000006,123.527,123.527,94.153,44.744,,,82.8,38.332,139.78,97.995
http://paikkatiedot.fi/so/1002031/pf/ProductionFacility/0100335579.ProductionFacility,"Helen Oy, Vuosaaren biolämpökeskus",Finland,FIN,2024,mid,583.33,heat_battery,heat_battery,same,94.153,44.744,-49.409000000000006,123.527,123.527,94.153,44.744,,,82.8,38.332,139.78,97.995
UK.CAED/EW_EA-16885.FACILITY,Sleaford Renewable Energy Plant EPR/DP3030XH,United Kingdom,GBR,2019,mid,572.22,natural_gas,natural_gas,same,40.822,40.822,0.0,40.822,40.822,173.208,54.322,,,153.95,46.953,147.581,30.63
http://paikkatiedot.fi/so/1002031/pf/ProductionFacility/0000001170.ProductionFacility,"Helen Oy, Salmisaaren voimalaitokset",Finland,FIN,2024,mid,522.22,heat_battery,heat_battery,same,94.153,44.744,-49.409000000000006,123.527,123.527,94.153,44.744,,,82.8,38.332,139.78,97.995
SE.CAED/10014449.Facility,"Boländeranläggningarna, Kraftvärmeverket o Bolandv",Sweden,SWE,2024,mid,500.0,heat_battery,heat_battery,same,101.875,44.744,-57.131,143.072,143.072,101.875,44.744,,,89.75,38.332,139.78,115.586
SE.CAED/10014459.Facility,"Boländeranläggningarna, Avfallsförbränningsanläggn",Sweden,SWE,2024,high,500.0,heat_battery,heat_battery,same,101.875,44.744,-57.131,143.072,143.072,101.875,44.744,,,89.75,38.332,139.78,115.586
SE.CAED/10020475.Facility,Hedenverket,Sweden,SWE,2024,mid,319.44,heat_battery,heat_battery,same,101.875,44.744,-57.131,143.072,143.072,101.875,44.744,,,89.75,38.332,139.78,115.586
PL.MŚ/000000148.FACILITY,Grupa Ożarów S.A. Zakład Cementownia Rejowiec,Poland,POL,2018,high,270.56,natural_gas,natural_gas,same,42.703,42.703,0.0,42.703,42.703,99.93,44.744,,,88.0,38.332,139.78,34.182
HU.EEA/102600002.FACILITY,AUDI HUNGARIA Zrt.,Hungary,HUN,2017,high,216.39,natural_gas,natural_gas,same,33.671,33.671,0.0,33.671,33.671,88.319,44.744,,,77.55,38.332,139.78,28.133
EL.CAED/100085.FACILITY,PPC S.A. AES PAROS,Greece,GRC,2017,mid,186.94,natural_gas,natural_gas,same,36.815,36.815,0.0,36.815,36.815,127.875,44.744,,,113.15,38.332,139.78,30.963
UK.CAED/EW_EA-18408.FACILITY,Brigg Renewable Energy Plant,United Kingdom,GBR,2019,mid,166.67,natural_gas,natural_gas,same,40.822,40.822,0.0,40.822,40.822,173.208,54.322,,,153.95,46.953,147.581,30.63
http://paikkatiedot.fi/so/1002031/pf/ProductionFacility/0000003642.ProductionFacility,"Lahti Energia Oy, Heinolan voimalaitos",Finland,FIN,2007,mid,165.56,natural_gas,natural_gas,same,30.49,30.49,0.0,30.49,30.49,66.764,44.744,,,58.15,38.332,139.78,26.247
SE.CAED/10023054.Facility,Jämtkraft Lugnviksverket,Sweden,SWE,2021,mid,140.0,heat_battery,heat_battery,same,96.208,44.744,-51.464,118.195,118.195,96.208,44.744,,,84.65,38.332,139.78,94.61
https://registry.gdi-de.org/id/de.nw.inspire.pf.bube-eureg/arb-2017-513000-500-0073211,Ruhr Oel GmbH Werk Horst,Germany,DEU,2019,mid,27.78,natural_gas,natural_gas,same,44.891,44.891,0.0,44.891,44.891,177.986,47.885,,,158.25,41.159,143.427,34.293
SE.CAED/10017639.Facility,"Heleneholmsverket, (HVK)",Sweden,SWE,2018,mid,2.78,heat_battery,heat_battery,same,80.541,44.744,-35.797,81.053,81.053,80.541,44.744,,,70.55,38.332,139.78,68.697
