site,load_MW,storage_technology,S_opt_MW,Heat_TES_power_MW,Heat_TES_charge_power_MW,Heat_TES_discharge_power_MW,Heat_TES_energy_MWh,TES_temp_max_C,TES_temp_min_C,TES_usable_energy_fraction_linear,TES_charge_discharge_ratio_min,TES_round_trip_efficiency,TES_electric_to_heat_efficiency,TES_max_storage_hours,TES_cost_model,TES_project_start_year,TES_process_temperature_c,TES_capex_kwh_input,TES_opex_frac_input,TES_lifetime_years_input,TES_discount_rate_input,TES_energy_capex_input_$/MWh,TES_power_capex_input_$/MW,TES_fixed_om_input_$/MWyr,TES_capex_input_includes_crf,Battery_capacity_MW,Battery_energy_MWh,LCOE_total_$perMWh,LCOE_solar_$perMWh,LCOE_batt_$perMWh,LCOE_TES_$perMWh,LCOE_unserved_$perMWh,Reliability_%,Unserved_MWh,Unserved_hours,Base_load_MW,Heat_demand_multiplier,Heat_demand_multiplier_note,source_id,eprtr_facility_name,iso3_country,eprtr_lat,eprtr_lon,eprtr_activity,process_heat_temp_band,annual_heat_demand_MWh_th,potential_mw_solar,suitable_land_adj_km2,land_feasibility_adj,overlap_n_neighbours,LCOE_total_EUR_MWh,LCOE_solar_EUR_MWh,LCOE_batt_EUR_MWh,solar_overbuilding_ratio,solar_exceeds_land
EE.KAUR.TTR/88.FACILITY,0.9767,heat_TES,35.88641808222146,6.258741479213995,25.03496591685598,6.258741479213995,75.10489775056794,1500.0,750.0,0.5,4.0,0.97,0.95,12.0,battery_params,2025,750.0,100.0,0.02,25,0.07,100000.0,0.0,0.0,False,6.258741479213995,75.10489775056794,348.5914298306394,255.70937759350508,92.88205223713436,92.88205223713436,0.0,90.00000000000009,855.5891999999927,948,0.9767,1.0,disabled,EE.KAUR.TTR/88.FACILITY,"Horizon Tselluloosi ja Paberi AS, Kehra paberivabrik",EST,59.3405854971,25.3401582309,6(b),high,8555.56,10015.14,100.1514,FEASIBLE,0,321.05,235.51,85.54,36.7,False
EL.CAED/100048.FACILITY,280.584,heat_TES,1665.765388070327,688.616204849689,2754.464819398756,688.616204849689,8263.394458196268,1500.0,750.0,0.5,4.0,0.97,0.95,12.0,battery_params,2025,750.0,100.0,0.02,25,0.07,100000.0,0.0,0.0,False,688.616204849689,8263.394458196268,70.63338400537938,35.060398657755385,35.572985347623984,35.572985347623984,0.0,89.99999999999976,245791.58400000577,1043,280.584,1.0,disabled,EL.CAED/100048.FACILITY,METLEN ENERGY & METALS S.A. - ALOUMINIUM OF GREECE,GRC,38.36083,22.69167,2(e),high,2457916.0,1062.49,10.6249,INFEASIBLE,0,65.05,32.29,32.76,5.9,True
EL.CAED/100053.FACILITY,71.992,heat_TES,382.22818166639166,113.68019333182646,454.72077332730584,113.68019333182646,1364.1623199819176,1500.0,350.0,0.7666666666666666,4.0,0.97,0.95,12.0,battery_params,2025,350.0,100.0,0.02,25,0.07,100000.0,0.0,0.0,False,113.68019333182646,1364.1623199819176,54.242756529506615,31.354825195077865,22.887931334428743,22.887931334428743,0.0,90.00000000000023,63064.99199999859,1083,71.992,1.0,disabled,EL.CAED/100053.FACILITY,HELLENIC PETROLEUM R.S.S.O.P.P. S.A. - INDUSTRIAL DIVISION OF ASPROPYRGOS,GRC,38.03236,23.60276,1(a),mid,630649.5,4022.43,40.2243,FEASIBLE,1,49.96,28.88,21.08,5.3,False
EL.CAED/100058.FACILITY,0.2679,heat_TES,1.410390579718365,0.4232430415513179,1.6929721662052717,0.4232430415513179,5.078916498615815,1500.0,350.0,0.7666666666666666,4.0,0.97,0.95,12.0,battery_params,2025,350.0,100.0,0.02,25,0.07,100000.0,0.0,0.0,False,0.4232430415513179,5.078916498615815,53.99019714139247,31.090850556031643,22.899346585360828,22.899346585360828,0.0,90.0000000000017,234.68039999996031,1098,0.2679,1.0,disabled,EL.CAED/100058.FACILITY,HELLENIC PETROLEUM R.S.S.O.P.P. S.A. –SOUTH REFINERIES COMPLEX – ELEFSIS INDUSTRIAL FACILITIES,GRC,38.04222,23.51083,1(a),mid,2346.5,2303.18,23.0318,FEASIBLE,1,49.72,28.63,21.09,5.3,False
EL.CAED/100062.FACILITY,98.7213,heat_TES,651.4665405290341,169.00593505014203,676.0237402005681,169.00593505014203,2028.071220601704,1500.0,350.0,0.7666666666666666,4.0,0.97,0.95,12.0,battery_params,2025,350.0,100.0,0.02,25,0.07,100000.0,0.0,0.0,False,169.00593505014203,2028.071220601704,63.78552066771685,38.97150411057916,24.81401655713769,24.81401655713769,0.0,90.00000000000006,86479.85879999943,1059,98.7213,1.0,disabled,EL.CAED/100062.FACILITY,HELLENIC PETROLEUM R.S.S.O.P.P. S.A. - THESSALONIKI INDUSTRIAL COMPLEX,GRC,40.67952,22.87819,1(a),mid,864798.78,7335.97,73.3597,FEASIBLE,0,58.75,35.89,22.85,6.6,False
EL.CAED/100066.FACILITY,76.8647,heat_TES,407.3867793569744,122.98051869193266,491.92207476773063,122.98051869193266,1475.7662243031918,1500.0,350.0,0.7666666666666666,4.0,0.97,0.95,12.0,battery_params,2025,350.0,100.0,0.02,25,0.07,100000.0,0.0,0.0,False,122.98051869193266,1475.7662243031918,54.490893808457294,31.30011353336561,23.190780275091683,23.190780275091683,0.0,90.00000000000031,67333.47719999793,1098,76.8647,1.0,disabled,EL.CAED/100066.FACILITY,MOTOR OIL HELLLAS-CORINTH REFINERIES S.A.,GRC,37.91778,23.07361,1(a),mid,673335.0,2644.97,26.4497,INFEASIBLE,0,50.19,28.83,21.36,5.3,False
ES.CAED/000704000.FACILITY,46.0219,heat_TES,209.47658769940753,69.7472458674217,278.9889834696868,69.7472458674217,836.9669504090604,1500.0,350.0,0.7666666666666666,4.0,0.97,0.95,12.0,battery_params,2025,350.0,100.0,0.02,25,0.07,100000.0,0.0,0.0,False,69.7472458674217,836.9669504090604,47.83490369024279,25.868017704875495,21.966885985367306,21.966885985367306,0.0,89.99999999999869,40315.184400005266,1189,46.0219,1.0,disabled,ES.CAED/000704000.FACILITY,"BP ENERGÍA ESPAÑA, S.A.",ESP,39.976742,0.014574,1(a),mid,403151.67,6104.41,61.0441,FEASIBLE,0,44.06,23.82,20.23,4.6,False
ES.CAED/001482000.FACILITY,360.0895,heat_TES,1611.443372455161,552.3534995294009,2209.4139981176036,552.3534995294009,6628.24199435281,1500.0,350.0,0.7666666666666666,4.0,0.97,0.95,12.0,battery_params,2025,350.0,100.0,0.02,25,0.07,100000.0,0.0,0.0,False,552.3534995294009,6628.24199435281,47.66669876597204,25.43295331077515,22.23374545519689,22.23374545519689,0.0,90.00000000000263,315438.40199991676,1143,360.0895,1.0,disabled,ES.CAED/001482000.FACILITY,REFINERÍA LA RÁBIDA,ESP,37.184329,-6.894507,1(a),mid,3154384.19,5522.44,55.2244,INFEASIBLE,1,43.9,23.42,20.48,4.5,False
ES.CAED/001526000.FACILITY,99.6324,heat_TES,948.1143378666104,196.6114656547638,786.4458626190552,196.6114656547638,2359.3375878571655,1500.0,350.0,0.7666666666666666,4.0,0.97,0.95,12.0,battery_params,2025,350.0,100.0,0.02,25,0.07,100000.0,0.0,0.0,False,196.6114656547638,2359.3375878571655,82.68512175831206,54.08194789881593,28.60317385949612,28.60317385949612,0.0,90.0000000000002,87277.98239999825,993,99.6324,1.0,disabled,ES.CAED/001526000.FACILITY,REPSOL COMPLEJO INDUSTRIAL A CORUÑA,ESP,43.353129,-8.446743,1(a),mid,872779.48,1853.75,18.5375,INFEASIBLE,0,76.15,49.81,26.34,9.5,False
ES.CAED/001528000.FACILITY,177.4292,heat_TES,916.4512476623872,286.33513347827744,1145.3405339131098,286.33513347827744,3436.0216017393295,1500.0,350.0,0.7666666666666666,4.0,0.97,0.95,12.0,battery_params,2025,350.0,100.0,0.02,25,0.07,100000.0,0.0,0.0,False,286.33513347827744,3436.0216017393295,52.74598352499253,29.354620867334155,23.39136265765838,23.39136265765838,0.0,89.99999999999983,155427.97920000268,1059,177.4292,1.0,disabled,ES.CAED/001528000.FACILITY,REPSOL PETROLEO S.A.,ESP,38.672,-4.0497,1(a),mid,1554280.0,10739.84,107.3984,FEASIBLE,0,48.58,27.04,21.54,5.2,False
ES.CAED/001529000.FACILITY,124.9286,heat_TES,551.8107340157629,184.87142364499323,739.4856945799729,184.87142364499323,2218.4570837399187,1500.0,350.0,0.7666666666666666,4.0,0.97,0.95,12.0,battery_params,2025,350.0,100.0,0.02,25,0.07,100000.0,0.0,0.0,False,184.87142364499323,2218.4570837399187,46.55204005962917,25.102702219556267,21.449337840072904,21.449337840072904,0.0,90.00000000000463,109437.4535999494,1226,124.9286,1.0,disabled,ES.CAED/001529000.FACILITY,"REPSOL PETRÓLEO, S.A. - C.I. CARTAGENA",ESP,37.622214,-0.982184,1(a),mid,1094374.67,12805.32,128.0532,FEASIBLE,0,42.87,23.12,19.75,4.4,False
ES.CAED/001562000.FACILITY,294.0589,heat_TES,1416.1261606256878,449.1830390930349,1796.7321563721396,449.1830390930349,5390.1964691164185,1500.0,350.0,0.7666666666666666,4.0,0.97,0.95,12.0,battery_params,2025,350.0,100.0,0.02,25,0.07,100000.0,0.0,0.0,False,449.1830390930349,5390.1964691164185,49.509942263781355,27.36905615047302,22.14088611330833,22.14088611330833,0.0,90.00000000000155,257595.59639996,1154,294.0589,1.0,disabled,ES.CAED/001562000.FACILITY,REPSOL QUIMICA,ESP,41.194305,1.226122,4(a)(i),mid,2575955.56,8492.43,84.9243,INFEASIBLE,1,45.6,25.21,20.39,4.8,False
ES.CAED/001619000.FACILITY,52.8843,heat_TES,236.6656522363812,81.11997825536399,324.47991302145596,81.11997825536399,973.439739064368,1500.0,350.0,0.7666666666666666,4.0,0.97,0.95,12.0,battery_params,2025,350.0,100.0,0.02,25,0.07,100000.0,0.0,0.0,False,81.11997825536399,973.439739064368,47.66664005577463,25.433180613259896,22.23345944251474,22.23345944251474,0.0,89.99999999999764,46326.64680001094,1141,52.8843,1.0,disabled,ES.CAED/001619000.FACILITY,FÁBRICA DE PALOS DE LA FRONTERA (CEPSA QUÍMICA),ESP,37.18396,-6.889568,4(a)(i),mid,463266.67,964.75,9.6475,INFEASIBLE,1,43.9,23.42,20.48,4.5,False
ES.CAED/001960000.FACILITY,48.2544,heat_TES,342.86893880597785,119.10360141381966,476.41440565527864,119.10360141381966,1429.243216965836,1500.0,750.0,0.5,4.0,0.97,0.95,12.0,battery_params,2025,750.0,100.0,0.02,25,0.07,100000.0,0.0,0.0,False,119.10360141381966,1429.243216965836,76.15776975340485,40.38159106767592,35.77617868572893,35.77617868572893,0.0,89.99999999999991,42270.854400000375,1037,48.2544,1.0,disabled,ES.CAED/001960000.FACILITY,"DS SMITH SPAIN, S.A.",ESP,41.84,-4.559444,6(b),high,422708.89,18543.93,185.4393,FEASIBLE,0,70.14,37.19,32.95,7.1,False
ES.CAED/001998000.FACILITY,185.4985,heat_TES,1531.9485040475352,343.28463471332134,1373.1385388532854,343.28463471332134,4119.415616559856,1500.0,350.0,0.7666666666666666,4.0,0.97,0.95,12.0,battery_params,2025,350.0,100.0,0.02,25,0.07,100000.0,0.0,0.0,False,343.28463471332134,4119.415616559856,73.75868530170192,46.93490767493324,26.82377762676867,26.82377762676867,0.0,89.99999999999972,162496.6860000046,980,185.4985,1.0,disabled,ES.CAED/001998000.FACILITY,ALUMINA ESPAÑOLA S.A.,ESP,43.697515,-7.454929,4(b)(v),mid,1624966.67,1070.49,10.7049,INFEASIBLE,0,67.93,43.23,24.7,8.3,True
ES.CAED/002716000.FACILITY,152.8475,heat_TES,736.3199516378469,233.47244148981324,933.8897659592528,233.47244148981324,2801.6692978777587,1500.0,350.0,0.7666666666666666,4.0,0.97,0.95,12.0,battery_params,2025,350.0,100.0,0.02,25,0.07,100000.0,0.0,0.0,False,233.47244148981324,2801.6692978777587,49.5182066709522,27.377918850892744,22.14028782005946,22.14028782005946,0.0,90.00000000000009,133894.40999999893,1167,152.8475,1.0,disabled,ES.CAED/002716000.FACILITY,DOW CHEMICAL IBERICA (DOW NORD),ESP,41.178667,1.220202,4(a)(viii),mid,1338944.44,5030.95,50.3095,INFEASIBLE,1,45.61,25.22,20.39,4.8,False
ES.CAED/002761000.FACILITY,82.7127,heat_TES,405.6113662035672,192.76790829902097,771.0716331960839,192.76790829902097,2313.2148995882517,1500.0,750.0,0.5,4.0,0.97,0.95,12.0,battery_params,2025,750.0,100.0,0.02,25,0.07,100000.0,0.0,0.0,False,192.76790829902097,2313.2148995882517,61.650250474902094,27.8695606189966,33.78068985590549,33.78068985590549,0.0,90.000000000001,72456.32519999273,1127,82.7127,1.0,disabled,ES.CAED/002761000.FACILITY,SAICA 1,ESP,41.670085,-0.871259,6(b),high,724563.56,14139.78,141.3978,FEASIBLE,0,56.78,25.67,31.11,4.9,False
ES.CAED/002762000.FACILITY,129.7127,heat_TES,626.7175021880898,301.55936238144375,1206.237449525775,301.55936238144375,3618.712348577325,1500.0,750.0,0.5,4.0,0.97,0.95,12.0,battery_params,2025,750.0,100.0,0.02,25,0.07,100000.0,0.0,0.0,False,301.55936238144375,3618.712348577325,61.15619062688202,27.45879830838851,33.69739231849351,33.69739231849351,0.0,89.99999999999851,113628.325200017,1147,129.7127,1.0,disabled,ES.CAED/002762000.FACILITY,SAICA PAPER EL BURGO DE EBRO,ESP,41.546601,-0.678377,6(b),high,1136283.56,10992.92,109.9292,FEASIBLE,0,56.32,25.29,31.04,4.8,False
ES.CAED/003378000.FACILITY,1.8667,heat_TES,15.156299639828948,4.899658622484015,19.59863448993606,4.899658622484015,58.79590346980818,1500.0,750.0,0.5,4.0,0.97,0.95,12.0,battery_params,2025,750.0,100.0,0.02,25,0.07,100000.0,0.0,0.0,False,4.899658622484015,58.79590346980818,84.18850685715961,46.143534589071855,38.04497226808775,38.04497226808775,0.0,90.00000000000067,1635.2291999998915,994,1.8667,1.0,disabled,ES.CAED/003378000.FACILITY,CEASA ENCE- FÁBRICA DE NAVIA,ESP,43.54111,-6.72114,6(a),high,16352.17,3027.52,30.2752,FEASIBLE,0,77.54,42.5,35.04,8.1,False
ES.CAED/003701000.FACILITY,103.4113,heat_TES,881.7469905454312,196.21180155581655,784.8472062232663,196.21180155581655,2354.541618669799,1500.0,350.0,0.7666666666666666,4.0,0.97,0.95,12.0,battery_params,2025,350.0,100.0,0.02,25,0.07,100000.0,0.0,0.0,False,196.21180155581655,2354.541618669799,75.9602276414506,48.458301919335746,27.501925722114855,27.501925722114855,0.0,90.0000000000004,90588.2987999965,998,103.4113,1.0,disabled,ES.CAED/003701000.FACILITY,"PETROLEOS DEL NORTE, PETRONOR, S.A. (PETRONOR)",ESP,43.325743,-3.110944,1(a),mid,905883.33,909.44,9.0944,INFEASIBLE,0,69.96,44.63,25.33,8.5,False
FR.CAED/10011.FACILITY,1.2506,heat_TES,9.783475946161154,3.093593795524298,12.37437518209719,3.093593795524298,37.12312554629157,1500.0,750.0,0.5,4.0,0.97,0.95,12.0,battery_params,2025,750.0,100.0,0.02,25,0.07,100000.0,0.0,0.0,False,3.093593795524298,37.12312554629157,73.55826005642145,37.703168081383936,35.85509197503751,35.85509197503751,0.0,90.00000000000004,1095.5255999999945,1040,1.2506,1.0,disabled,FR.CAED/10011.FACILITY,FIBRE EXCELLENCE SAINT-GAUDENS SAS,FRA,43.09995,0.72184,6(a),high,10955.22,10560.59,105.6059,FEASIBLE,0,67.75,34.72,33.02,7.8,False
FR.CAED/10727.FACILITY,45.5319,heat_TES,576.1276233206589,114.34624303057848,457.384972122314,114.34624303057848,1372.154916366942,1500.0,150.0,0.9,4.0,0.97,0.98,12.0,battery_params,2025,150.0,100.0,0.02,25,0.07,100000.0,0.0,0.0,False,114.34624303057848,1372.154916366942,97.383509125599,60.98261061568047,36.40089850991852,36.40089850991852,0.0,90.0000000000004,39885.94439999839,970,45.5319,1.0,disabled,FR.CAED/10727.FACILITY,TEREOS FRANCE,FRA,50.20943,2.76763,8(b)(ii),low,398859.22,25540.73,255.4073,FEASIBLE,0,89.69,56.16,33.53,12.7,False
FR.CAED/10790.FACILITY,37.74,heat_TES,496.8785797009684,105.63432069044218,422.5372827617687,105.63432069044218,1267.6118482853062,1500.0,350.0,0.7666666666666666,4.0,0.97,0.95,12.0,battery_params,2025,350.0,100.0,0.02,25,0.07,100000.0,0.0,0.0,False,105.63432069044218,1267.6118482853062,104.02328323681454,63.45289859891954,40.57038463789499,40.57038463789499,0.0,90.00000000000024,33060.23999999925,967,37.74,1.0,disabled,FR.CAED/10790.FACILITY,VERSALIS FRANCE S.A.S.,FRA,51.03032,2.2455,4(a)(i),mid,330602.13,9296.84,92.9684,FEASIBLE,0,95.81,58.44,37.37,13.2,False
FR.CAED/10838.FACILITY,46.3418,heat_TES,609.1826316360861,117.64724543060214,470.58898172240856,117.64724543060214,1411.7669451672257,1500.0,150.0,0.9,4.0,0.97,0.98,12.0,battery_params,2025,150.0,100.0,0.02,25,0.07,100000.0,0.0,0.0,False,117.64724543060214,1411.7669451672257,100.15173983507258,63.35453403247489,36.797205802597695,36.797205802597695,0.0,89.99999999999993,40595.416800000305,972,46.3418,1.0,disabled,FR.CAED/10838.FACILITY,SUCRERIES DISTILLERIES HAUTS DE FRANCE,FRA,50.55963,2.49065,8(b)(ii),low,405954.32,18301.6,183.016,FEASIBLE,1,92.24,58.35,33.89,13.1,False
FR.CAED/11135.FACILITY,201.2084,heat_TES,2661.611913610172,505.9440838909738,2190.197160143352,505.9440838909738,6071.329006691685,1500.0,150.0,0.9,4.0,0.97,0.98,12.0,battery_params,2025,150.0,100.0,0.02,25,0.07,100000.0,0.0,0.0,False,505.9440838909738,6071.329006691685,100.20021005140808,63.753159295609024,36.447050755799054,36.447050755799054,0.0,90.00000000000006,176258.55839999905,963,201.2084,1.0,disabled,FR.CAED/11135.FACILITY,ROQUETTE FRERES,FRA,50.63404,2.67593,8(b)(ii),low,1762585.7,23874.07,238.7407,FEASIBLE,1,92.28,58.72,33.57,13.2,False
FR.CAED/1260.FACILITY,52.1113,heat_TES,422.3694295043928,95.15940580932076,380.637623237283,95.15940580932076,1141.912869711849,1500.0,350.0,0.7666666666666666,4.0,0.97,0.95,12.0,battery_params,2025,350.0,100.0,0.02,25,0.07,100000.0,0.0,0.0,False,95.15940580932076,1141.912869711849,65.53111009265066,39.06282576503713,26.46828432761353,26.46828432761353,0.0,89.99999999999984,45649.49880000072,1009,52.1113,1.0,disabled,FR.CAED/1260.FACILITY,STE BEARNAISE DE GESTION INDUSTRIELLE,FRA,43.41473,-0.61294,1(b),mid,456494.87,10405.81,104.0581,FEASIBLE,0,60.35,35.98,24.38,8.1,False
FR.CAED/12675.FACILITY,29.272,heat_TES,357.11047127624255,68.45541679673887,273.8216671869555,68.45541679673887,821.4650015608665,1500.0,150.0,0.9,4.0,0.97,0.98,12.0,battery_params,2025,150.0,100.0,0.02,25,0.07,100000.0,0.0,0.0,False,68.45541679673887,821.4650015608665,92.6937544546286,58.79674380992822,33.89701064470035,33.89701064470035,0.0,90.00000000000018,25642.271999999513,968,29.272,1.0,disabled,FR.CAED/12675.FACILITY,TEREOS FRANCE,FRA,48.08478,1.88246,8(b)(ii),low,256422.72,23790.14,237.9014,FEASIBLE,0,85.37,54.15,31.22,12.2,False
FR.CAED/132.FACILITY,99.7871,heat_TES,1256.0265080291133,253.93761444942325,1015.750457797693,253.93761444942325,3047.251373393079,1500.0,150.0,0.9,4.0,0.97,0.98,12.0,battery_params,2025,150.0,100.0,0.02,25,0.07,100000.0,0.0,0.0,False,253.93761444942325,3047.251373393079,97.54925318825792,60.66350380223227,36.88574938602565,36.88574938602565,0.0,89.99999999999999,87413.49960000011,983,99.7871,1.0,disabled,FR.CAED/132.FACILITY,TEREOS FRANCE,FRA,49.83966,3.48056,8(b)(ii),low,874135.09,23035.86,230.3586,FEASIBLE,0,89.84,55.87,33.97,12.6,False
FR.CAED/146.FACILITY,5.5308,heat_TES,74.65455707307979,23.270444264903087,93.08177705961236,23.270444264903087,279.24533117883703,1500.0,750.0,0.5,4.0,0.97,0.95,12.0,battery_params,2025,750.0,100.0,0.02,25,0.07,100000.0,0.0,0.0,False,23.270444264903087,279.24533117883703,126.03857170247812,65.05361811197308,60.98495359050506,60.98495359050506,0.0,90.00000000000038,4844.980799999818,966,5.5308,1.0,disabled,FR.CAED/146.FACILITY,SAICA PAPER FRANCE,FRA,49.36547,3.41373,6(a),high,48449.63,5623.66,56.2366,FEASIBLE,1,116.08,59.91,56.17,13.5,False
FR.CAED/3437.FACILITY,72.5773,heat_TES,1009.6416660801942,183.55846321142647,782.7071854534051,183.55846321142647,2202.7015585371178,1500.0,150.0,0.9,4.0,0.97,0.98,12.0,battery_params,2025,150.0,100.0,0.02,25,0.07,100000.0,0.0,0.0,False,183.55846321142647,2202.7015585371178,103.70439907207648,67.04548612989903,36.65891294217745,36.65891294217745,0.0,89.99999999999974,63577.71480000163,972,72.5773,1.0,disabled,FR.CAED/3437.FACILITY,CRISTAL UNION,FRA,49.35335,4.15622,8(b)(ii),low,635777.18,26640.86,266.4086,FEASIBLE,0,95.51,61.75,33.76,13.9,False
FR.CAED/3466.FACILITY,50.1318,heat_TES,712.9806369485257,124.60594053485,564.2083133574419,124.60594053485,1495.2712864182,1500.0,150.0,0.9,4.0,0.97,0.98,12.0,battery_params,2025,150.0,100.0,0.02,25,0.07,100000.0,0.0,0.0,False,124.60594053485,1495.2712864182,104.57097282871072,68.54369684666518,36.02727598204552,36.02727598204552,0.0,90.00000000000014,43915.45679999933,966,50.1318,1.0,disabled,FR.CAED/3466.FACILITY,TEREOS FRANCE,FRA,48.7222,3.92123,8(b)(ii),low,439154.56,27244.26,272.4426,FEASIBLE,0,96.31,63.13,33.18,14.2,False
FR.CAED/3572.FACILITY,62.1434,heat_TES,892.5762023349804,161.24804227493442,742.5929696286387,161.24804227493442,1934.976507299213,1500.0,150.0,0.9,4.0,0.97,0.98,12.0,battery_params,2025,150.0,100.0,0.02,25,0.07,100000.0,0.0,0.0,False,161.24804227493442,1934.976507299213,106.8336526930918,69.22347225816543,37.61018043492636,37.61018043492636,0.0,90.00000000000024,54437.618399998624,958,62.1434,1.0,disabled,FR.CAED/3572.FACILITY,CRISTAL UNION,FRA,48.53275,4.11393,8(b)(ii),low,544376.3,26790.33,267.9033,FEASIBLE,0,98.39,63.75,34.64,14.4,False
FR.CAED/3814.FACILITY,444.5062,heat_TES,5043.553310665642,993.7870667523144,4191.741549551461,993.7870667523144,11925.444801027774,1500.0,350.0,0.7666666666666666,4.0,0.97,0.95,12.0,battery_params,2025,350.0,100.0,0.02,25,0.07,100000.0,0.0,0.0,False,993.7870667523144,11925.444801027774,87.08990864286896,54.684202105434984,32.40570653743398,32.40570653743398,0.0,90.00000000000004,389387.4311999982,968,444.5062,1.0,disabled,FR.CAED/3814.FACILITY,TOTALENERGIES RAFFINAGE FRANCE,FRA,49.51034,0.22592,1(a),mid,3893874.64,8899.96,88.9996,INFEASIBLE,2,80.21,50.36,29.85,11.3,False
FR.CAED/3829.FACILITY,64.7409,heat_TES,740.8980718417282,146.37691993965083,585.5076797586033,146.37691993965083,1756.52303927581,1500.0,350.0,0.7666666666666666,4.0,0.97,0.95,12.0,battery_params,2025,350.0,100.0,0.02,25,0.07,100000.0,0.0,0.0,False,146.37691993965083,1756.52303927581,87.92650342341668,55.15473712222071,32.77176630119597,32.77176630119597,0.0,89.99999999999964,56713.028400002,962,64.7409,1.0,disabled,FR.CAED/3829.FACILITY,YARA FRANCE,FRA,49.50521,0.20993,4(b)(i),mid,567130.02,135.81,1.3581,INFEASIBLE,2,80.98,50.8,30.18,11.4,True
FR.CAED/3833.FACILITY,142.8748,heat_TES,1704.7008834116464,332.914052649236,1331.656210596944,332.914052649236,3994.968631790832,1500.0,350.0,0.7666666666666666,4.0,0.97,0.95,12.0,battery_params,2025,350.0,100.0,0.02,25,0.07,100000.0,0.0,0.0,False,332.914052649236,3994.968631790832,91.2776775575349,57.503679872154976,33.77399768537992,33.77399768537992,0.0,90.00000000000009,125158.3247999988,973,142.8748,1.0,disabled,FR.CAED/3833.FACILITY,EXXONMOBIL CHEMICAL FRANCE,FRA,49.48838,0.56521,4(a)(i),mid,1251582.9,2489.08,24.8908,INFEASIBLE,2,84.07,52.96,31.11,11.9,False
FR.CAED/3834.FACILITY,139.3029,heat_TES,1662.0830033834106,324.5911314296844,1298.3645257187377,324.5911314296844,3895.093577156213,1500.0,350.0,0.7666666666666666,4.0,0.97,0.95,12.0,battery_params,2025,350.0,100.0,0.02,25,0.07,100000.0,0.0,0.0,False,324.5911314296844,3895.093577156213,91.27767755753386,57.503679872154954,33.77399768537891,33.77399768537891,0.0,89.99999999999986,122029.3404000018,973,139.3029,1.0,disabled,FR.CAED/3834.FACILITY,ESSO RAFFINAGE,FRA,49.48838,0.56521,1(a),mid,1220293.33,2422.34,24.2234,INFEASIBLE,2,84.07,52.96,31.11,11.9,False
FR.CAED/3839.FACILITY,15.137,heat_TES,171.81080158148094,33.83814159920235,135.3525663968094,33.83814159920235,406.05769919042825,1500.0,350.0,0.7666666666666666,4.0,0.97,0.95,12.0,battery_params,2025,350.0,100.0,0.02,25,0.07,100000.0,0.0,0.0,False,33.83814159920235,406.05769919042825,87.10539051206759,54.703326944724914,32.40206356734267,32.40206356734267,0.0,90.00000000000036,13260.01199999953,966,15.137,1.0,disabled,FR.CAED/3839.FACILITY,TOTALENERGIES PETROCHEMICALS FRANCE,FRA,49.50488,0.20609,4(a)(i),mid,132600.02,0.0,0.0,INFEASIBLE,2,80.22,50.38,29.84,11.4,True
FR.CAED/3936.FACILITY,96.0012,heat_TES,1168.933936066254,236.1931142373891,944.7724569495564,236.1931142373891,2834.3173708486693,1500.0,350.0,0.7666666666666666,4.0,0.97,0.95,12.0,battery_params,2025,350.0,100.0,0.02,25,0.07,100000.0,0.0,0.0,False,236.1931142373891,2834.3173708486693,94.3448007595952,58.68355191701808,35.66124884257711,35.66124884257711,0.0,89.99999999999994,84097.05120000048,966,96.0012,1.0,disabled,FR.CAED/3936.FACILITY,LAT NITROGEN FRANCE,FRA,49.42375,1.03674,4(b)(ii),mid,840970.68,3079.95,30.7995,INFEASIBLE,0,86.89,54.05,32.84,12.2,False
FR.CAED/4151.FACILITY,11.7609,heat_TES,142.0051158647039,27.840754580877448,111.3630183235098,27.840754580877448,334.0890549705294,1500.0,350.0,0.7666666666666666,4.0,0.97,0.95,12.0,battery_params,2025,350.0,100.0,0.02,25,0.07,100000.0,0.0,0.0,False,27.840754580877448,334.0890549705294,92.50446436591167,58.19243366077557,34.31203070513612,34.31203070513612,0.0,89.9999999999998,10302.5484000002,964,11.7609,1.0,disabled,FR.CAED/4151.FACILITY,TEREOS STARCH & SWEETENERS LBN,FRA,49.48913,0.52521,4(a)(ii),mid,103025.69,0.0,0.0,INFEASIBLE,2,85.2,53.6,31.6,12.1,True
FR.CAED/44.FACILITY,135.7737,heat_TES,1561.7080415630176,323.4301553044284,1293.7206212177136,323.4301553044284,3881.1618636531407,1500.0,350.0,0.7666666666666666,4.0,0.97,0.95,12.0,battery_params,2025,350.0,100.0,0.02,25,0.07,100000.0,0.0,0.0,False,323.4301553044284,3881.1618636531407,89.96336520328029,55.43541209008001,34.52795311320029,34.52795311320029,0.0,90.00000000000023,118937.7611999972,978,135.7737,1.0,disabled,FR.CAED/44.FACILITY,SOLVAY FRANCE,FRA,47.03851,5.41265,4(a)(vi),mid,1189377.39,15179.9,151.799,FEASIBLE,0,82.86,51.06,31.8,11.5,False
FR.CAED/4602.FACILITY,7.6484,heat_TES,97.65115632919448,21.379414715066776,85.5176588602671,21.379414715066776,256.5529765808013,1500.0,750.0,0.5,4.0,0.97,0.95,12.0,battery_params,2025,750.0,100.0,0.02,25,0.07,100000.0,0.0,0.0,False,21.379414715066776,256.5529765808013,102.04968662087478,61.53325433856872,40.51643228230607,40.51643228230607,0.0,89.99999999999991,6699.998400000054,1010,7.6484,1.0,disabled,FR.CAED/4602.FACILITY,SYLVAMO FRANCE SA,FRA,45.86907,0.82809,6(b),high,67000.09,9378.92,93.7892,FEASIBLE,0,93.99,56.67,37.32,12.8,False
FR.CAED/5125.FACILITY,12.6585,heat_TES,102.21007154937269,33.14230075786379,132.56920303145515,33.14230075786379,397.70760909436547,1500.0,750.0,0.5,4.0,0.97,0.95,12.0,battery_params,2025,750.0,100.0,0.02,25,0.07,100000.0,0.0,0.0,False,33.14230075786379,397.70760909436547,76.86430443572094,38.91477585459617,37.94952858112477,37.94952858112477,0.0,89.99999999999964,11088.846000000394,1027,12.6585,1.0,disabled,FR.CAED/5125.FACILITY,SAICA PAPER FRANCE,FRA,45.21534,4.81297,6(a),high,110888.33,11294.62,112.9462,FEASIBLE,0,70.79,35.84,34.95,8.1,False
FR.CAED/5422.FACILITY,21.096,heat_TES,202.94099619530863,40.823164350169435,163.29265740067774,40.823164350169435,489.8779722020332,1500.0,350.0,0.7666666666666666,4.0,0.97,0.95,12.0,battery_params,2025,350.0,100.0,0.02,25,0.07,100000.0,0.0,0.0,False,40.823164350169435,489.8779722020332,74.41181743600451,46.363131101416215,28.048686334588297,28.048686334588297,0.0,90.00000000000011,18480.09599999979,985,21.096,1.0,disabled,FR.CAED/5422.FACILITY,TOTALENERGIES RAFFINAGE FRANCE,FRA,45.67743,4.86113,1(a),mid,184800.81,7676.24,76.7624,FEASIBLE,0,68.53,42.7,25.83,9.6,False
FR.CAED/5900.FACILITY,100.4315,heat_TES,1608.089935117831,252.5331826596959,1166.500045165687,252.5331826596959,3030.398191916351,1500.0,350.0,0.7666666666666666,4.0,0.97,0.95,12.0,battery_params,2025,350.0,100.0,0.02,25,0.07,100000.0,0.0,0.0,False,252.5331826596959,3030.398191916351,113.61549326140891,77.16910644435566,36.44638681705325,36.44638681705325,0.0,90.0,87977.994,968,100.4315,1.0,disabled,FR.CAED/5900.FACILITY,SOLVAY OPERATIONS FRANCE,FRA,48.6196,6.35778,4(b)(iv),mid,879780.36,11827.22,118.2722,FEASIBLE,1,104.64,71.07,33.57,16.0,False
FR.CAED/5914.FACILITY,90.3195,heat_TES,1445.578265471624,227.49699842350728,1050.1662962348146,227.49699842350728,2729.9639810820872,1500.0,350.0,0.7666666666666666,4.0,0.97,0.95,12.0,battery_params,2025,350.0,100.0,0.02,25,0.07,100000.0,0.0,0.0,False,227.49699842350728,2729.9639810820872,113.6460916072068,77.13707598050466,36.50901562670215,36.50901562670215,0.0,89.99999999999983,79119.88200000131,972,90.3195,1.0,disabled,FR.CAED/5914.FACILITY,NOVACARB,FRA,48.6394,6.26553,4(b)(iv),mid,791198.64,9867.17,98.6717,FEASIBLE,1,104.67,71.04,33.62,16.0,False
FR.CAED/5938.FACILITY,9.6598,heat_TES,167.18422575390784,32.0579458633825,128.23178345353,32.0579458633825,384.69535036059,1500.0,750.0,0.5,4.0,0.97,0.95,12.0,battery_params,2025,750.0,100.0,0.02,25,0.07,100000.0,0.0,0.0,False,32.0579458633825,384.69535036059,131.51548143656734,83.41232956841557,48.10315186815178,48.10315186815178,0.0,90.00000000000006,8461.984799999942,970,9.6598,1.0,disabled,FR.CAED/5938.FACILITY,SAINT-GOBAIN PAM CANALISATION,FRA,48.89672,6.05187,2(b),high,84619.79,5916.19,59.1619,FEASIBLE,0,121.13,76.82,44.3,17.3,False
FR.CAED/6088.FACILITY,33.4468,heat_TES,530.5871916390498,87.7260452378272,369.0029363585059,87.7260452378272,1052.7125428539264,1500.0,350.0,0.7666666666666666,4.0,0.97,0.95,12.0,battery_params,2025,350.0,100.0,0.02,25,0.07,100000.0,0.0,0.0,False,87.7260452378272,1052.7125428539264,114.47207629968548,76.45489137113567,38.0171849285498,38.0171849285498,0.0,90.00000000000027,29299.39679999921,967,33.4468,1.0,disabled,FR.CAED/6088.FACILITY,ARKEMA FRANCE,FRA,49.1401,6.70733,4(a)(ii),mid,292993.53,6085.4,60.854,FEASIBLE,0,105.43,70.41,35.01,15.9,False
FR.CAED/6144.FACILITY,8.2035,heat_TES,144.72608528759932,27.08886435394096,108.35545741576384,27.08886435394096,325.0663722472915,1500.0,750.0,0.5,4.0,0.97,0.95,12.0,battery_params,2025,750.0,100.0,0.02,25,0.07,100000.0,0.0,0.0,False,27.08886435394096,325.0663722472915,132.8885425443789,85.02579855670668,47.862743987672225,47.862743987672225,0.0,89.99999999999976,7186.266000000174,965,8.2035,1.0,disabled,FR.CAED/6144.FACILITY,NORSKE SKOG GOLBEY,FRA,48.20944,6.42027,6(b),high,71862.94,8962.01,89.6201,FEASIBLE,0,122.39,78.31,44.08,17.6,False
FR.CAED/6155.FACILITY,4.6952,heat_TES,86.62781592913349,15.940387231713586,63.761548926854346,15.940387231713586,191.28464678056304,1500.0,750.0,0.5,4.0,0.97,0.95,12.0,battery_params,2025,750.0,100.0,0.02,25,0.07,100000.0,0.0,0.0,False,15.940387231713586,191.28464678056304,138.13111651490246,88.92141305542917,49.209703459473296,49.209703459473296,0.0,90.00000000000017,4112.995199999935,964,4.6952,1.0,disabled,FR.CAED/6155.FACILITY,EGGER PANNEAUX ET DECORS,FRA,48.33671,6.65654,6(b),high,41129.73,10479.03,104.7903,FEASIBLE,0,127.22,81.9,45.32,18.5,False
FR.CAED/6359.FACILITY,30.2414,heat_TES,478.0665975284738,82.02447748148863,331.1727679586116,82.02447748148863,984.2937297778636,1500.0,350.0,0.7666666666666666,4.0,0.97,0.95,12.0,battery_params,2025,350.0,100.0,0.02,25,0.07,100000.0,0.0,0.0,False,82.02447748148863,984.2937297778636,115.50255943238028,76.18853012486946,39.31402930751082,39.31402930751082,0.0,89.99999999999989,26491.46640000032,964,30.2414,1.0,disabled,FR.CAED/6359.FACILITY,INEOS POLYMERS SARRALBE SAS,FRA,49.0053,7.03121,4(a)(viii),mid,264914.82,12809.71,128.0971,FEASIBLE,0,106.38,70.17,36.21,15.8,False
FR.CAED/662.FACILITY,0.4552,heat_TES,4.49366350382896,1.2188531513855918,4.875412605542367,1.2188531513855918,14.626237816627102,1500.0,750.0,0.5,4.0,0.97,0.95,12.0,battery_params,2025,750.0,100.0,0.02,25,0.07,100000.0,0.0,0.0,False,1.2188531513855918,14.626237816627102,86.38849875479555,47.57747413694046,38.811024617855075,38.811024617855075,0.0,89.99999999999989,398.75520000000415,997,0.4552,1.0,disabled,FR.CAED/662.FACILITY,SMURFIT WESTROCK CELLULOSE DU PIN,FRA,44.62884,-0.97612,6(a),high,3987.58,594.0,5.94,FEASIBLE,0,79.56,43.82,35.74,9.9,False
FR.CAED/6705.FACILITY,27.8039,heat_TES,294.9005391954813,54.76200723140702,219.04802892562807,54.76200723140702,657.1440867768843,1500.0,350.0,0.7666666666666666,4.0,0.97,0.95,12.0,battery_params,2025,350.0,100.0,0.02,25,0.07,100000.0,0.0,0.0,False,54.76200723140702,657.1440867768843,79.66615025959105,51.11789195524946,28.54825830434159,28.54825830434159,0.0,90.0,24356.216400000005,1004,27.8039,1.0,disabled,FR.CAED/6705.FACILITY,TOTALENERGIES MARKETING SERVICES,FRA,47.37229,-2.12805,1(a),mid,243562.14,5293.2,52.932,FEASIBLE,0,73.37,47.08,26.29,10.6,False
FR.CAED/7588.FACILITY,5.4381,heat_TES,32.08573555822816,13.30901459949378,53.236058397975114,13.30901459949378,159.70817519392534,1500.0,750.0,0.5,4.0,0.97,0.95,12.0,battery_params,2025,750.0,100.0,0.02,25,0.07,100000.0,0.0,0.0,False,13.30901459949378,159.70817519392534,63.90951317210761,28.43596017427556,35.47355299783205,35.47355299783205,0.0,89.99999999999957,4763.775600000201,1105,5.4381,1.0,disabled,FR.CAED/7588.FACILITY,FIBRE EXCELLENCE PROVENCE,FRA,43.7932,4.66201,6(a),high,47637.37,11938.67,119.3867,FEASIBLE,0,58.86,26.19,32.67,5.9,False
FR.CAED/759.FACILITY,5.0618,heat_TES,43.52433763566673,13.283772965475388,53.13509186190155,13.283772965475388,159.40527558570466,1500.0,750.0,0.5,4.0,0.97,0.95,12.0,battery_params,2025,750.0,100.0,0.02,25,0.07,100000.0,0.0,0.0,False,13.283772965475388,159.40527558570466,79.4794221520201,41.4410047143214,38.0384174376987,38.0384174376987,0.0,90.00000000000001,4434.136799999996,1030,5.0618,1.0,disabled,FR.CAED/759.FACILITY,GASCOGNE PAPIER,FRA,44.20724,-1.2716,6(a),high,44341.0,3577.79,35.7779,FEASIBLE,0,73.2,38.17,35.03,8.6,False
FR.CAED/7615.FACILITY,43.7815,heat_TES,222.98930694804957,69.81246712966073,279.2498685186429,69.81246712966073,837.7496055559288,1500.0,350.0,0.7666666666666666,4.0,0.97,0.95,12.0,battery_params,2025,350.0,100.0,0.02,25,0.07,100000.0,0.0,0.0,False,69.81246712966073,837.7496055559288,47.65946526075063,24.54689064186529,23.112574618885343,23.112574618885343,0.0,89.99999999999979,38352.59400000083,1113,43.7815,1.0,disabled,FR.CAED/7615.FACILITY,NAPHTACHIMIE,FRA,43.38438,5.01737,4(a)(i),mid,383525.96,0.0,0.0,INFEASIBLE,6,43.89,22.61,21.29,5.1,True
FR.CAED/7624.FACILITY,16.4359,heat_TES,84.22492093061686,26.074452074391843,104.29780829756736,26.074452074391843,312.8934248927021,1500.0,350.0,0.7666666666666666,4.0,0.97,0.95,12.0,battery_params,2025,350.0,100.0,0.02,25,0.07,100000.0,0.0,0.0,False,26.074452074391843,312.8934248927021,47.69203788887444,24.69734159602953,22.99469629284491,22.99469629284491,0.0,90.00000000000034,14397.848399999504,1112,16.4359,1.0,disabled,FR.CAED/7624.FACILITY,KEM ONE,FRA,43.45583,4.93172,4(a)(vi),mid,143978.08,0.0,0.0,INFEASIBLE,6,43.92,22.75,21.18,5.1,True
FR.CAED/7626.FACILITY,56.5551,heat_TES,289.8969805199256,89.77029478296772,359.0811791318709,89.77029478296772,1077.2435373956127,1500.0,350.0,0.7666666666666666,4.0,0.97,0.95,12.0,battery_params,2025,350.0,100.0,0.02,25,0.07,100000.0,0.0,0.0,False,89.77029478296772,1077.2435373956127,47.71180294322983,24.70443945620825,23.00736348702158,23.00736348702158,0.0,89.99999999999964,49542.26760000177,1110,56.5551,1.0,disabled,FR.CAED/7626.FACILITY,LYONDELL CHIMIE FRANCE,FRA,43.42011,4.8602,4(a)(ii),mid,495422.73,1194.14,11.9414,INFEASIBLE,5,43.94,22.75,21.19,5.1,False
FR.CAED/7646.FACILITY,188.8887,heat_TES,968.131535761901,299.6709990497176,1198.6839961988703,299.6709990497176,3596.051988596611,1500.0,350.0,0.7666666666666666,4.0,0.97,0.95,12.0,battery_params,2025,350.0,100.0,0.02,25,0.07,100000.0,0.0,0.0,False,299.6709990497176,3596.051988596611,47.69756192573175,24.701963535342237,22.995598390389517,22.995598390389517,0.0,89.99999999999929,165466.50120001173,1109,188.8887,1.0,disabled,FR.CAED/7646.FACILITY,RHONE ENERGIES FOS-SUR-MER SAS,FRA,43.44832,4.93111,1(a),mid,1654664.84,1433.49,14.3349,INFEASIBLE,6,43.93,22.75,21.18,5.1,False
FR.CAED/7656.FACILITY,5.1035,heat_TES,26.99221288697244,12.070672706060444,48.282690824241776,12.070672706060444,144.8480724727253,1500.0,750.0,0.5,4.0,0.97,0.95,12.0,battery_params,2025,750.0,100.0,0.02,25,0.07,100000.0,0.0,0.0,False,12.070672706060444,144.8480724727253,59.7724637993054,25.490212638615873,34.282251160689526,34.282251160689526,0.0,89.99999999999898,4470.666000000465,1122,5.1035,1.0,disabled,FR.CAED/7656.FACILITY,ARCELORMITTAL MEDITERRANEE,FRA,43.46551,4.93663,2(b),high,44706.56,0.0,0.0,INFEASIBLE,6,55.05,23.48,31.57,5.3,True
FR.CAED/7658.FACILITY,80.4393,heat_TES,417.3208695720808,129.78868500904647,519.1547400361859,129.78868500904647,1557.4642201085578,1500.0,350.0,0.7666666666666666,4.0,0.97,0.95,12.0,battery_params,2025,350.0,100.0,0.02,25,0.07,100000.0,0.0,0.0,False,129.78868500904647,1557.4642201085578,48.390736785360616,25.00373618290301,23.387000602457604,23.387000602457604,0.0,89.99999999999912,70464.82680000617,1059,80.4393,1.0,disabled,FR.CAED/7658.FACILITY,TOTALENERGIES RAFFINAGE FRANCE,FRA,43.38846,5.15267,1(a),mid,704648.34,1425.62,14.2562,INFEASIBLE,5,44.57,23.03,21.54,5.2,False
FR.CAED/7874.FACILITY,179.3909,heat_TES,913.546311831774,285.9476636210888,1143.7906544843552,285.9476636210888,3431.3719634530657,1500.0,350.0,0.7666666666666666,4.0,0.97,0.95,12.0,battery_params,2025,350.0,100.0,0.02,25,0.07,100000.0,0.0,0.0,False,285.9476636210888,3431.3719634530657,47.647579510281936,24.543316440090535,23.1042630701914,23.1042630701914,0.0,89.99999999999943,157146.4284000089,1103,179.3909,1.0,disabled,FR.CAED/7874.FACILITY,PETROINEOS MANUFACTURING FRANCE SAS,FRA,43.38403,5.02829,1(a),mid,1571463.86,1942.78,19.4278,INFEASIBLE,6,43.88,22.6,21.28,5.1,False
FR.CAED/788.FACILITY,9.1501,heat_TES,86.12635900514842,24.0984410992212,96.3937643968848,24.0984410992212,289.1812931906544,1500.0,750.0,0.5,4.0,0.97,0.95,12.0,battery_params,2025,750.0,100.0,0.02,25,0.07,100000.0,0.0,0.0,False,24.0984410992212,289.1812931906544,83.53833268607114,45.36420812870287,38.174124557368266,38.174124557368266,0.0,89.9999999999999,8015.487600000085,999,9.1501,1.0,disabled,FR.CAED/788.FACILITY,RAYONIER A.M. TARTAS,FRA,43.83137,-0.82634,6(a),high,80155.03,11619.41,116.1941,FEASIBLE,0,76.94,41.78,35.16,9.4,False
FR.CAED/791.FACILITY,10.136,heat_TES,83.895432425413,18.42574657137083,73.70298628548332,18.42574657137083,221.10895885644996,1500.0,350.0,0.7666666666666666,4.0,0.97,0.95,12.0,battery_params,2025,350.0,100.0,0.02,25,0.07,100000.0,0.0,0.0,False,18.42574657137083,221.10895885644996,66.2400089434107,39.89098883748615,26.34902010592455,26.34902010592455,0.0,90.00000000000053,8879.135999999537,1021,10.136,1.0,disabled,FR.CAED/791.FACILITY,LES DERIVES RESINIQUES ET TERPENIQUES,FRA,43.94703,-1.29872,4(a)(ii),mid,88790.97,5281.18,52.8118,FEASIBLE,0,61.01,36.74,24.27,8.3,False
FR.CAED/82.FACILITY,36.2928,heat_TES,448.415827242481,92.20311534711698,368.8124613884679,92.20311534711698,1106.4373841654035,1500.0,150.0,0.9,4.0,0.97,0.98,12.0,battery_params,2025,150.0,100.0,0.02,25,0.07,100000.0,0.0,0.0,False,92.20311534711698,1106.4373841654035,96.37151301587652,59.54750156534264,36.8240114505339,36.8240114505339,0.0,89.99999999999996,31792.492800000135,972,36.2928,1.0,disabled,FR.CAED/82.FACILITY,TEREOS FRANCE,FRA,49.39409,3.37064,8(b)(ii),low,317925.28,13592.42,135.9242,FEASIBLE,1,88.76,54.84,33.91,12.4,False
FR.CAED/8363.FACILITY,6.2025,heat_TES,89.31236036293453,21.38827785210258,85.55311140841032,21.38827785210258,256.65933422523096,1500.0,750.0,0.5,4.0,0.97,0.95,12.0,battery_params,2025,750.0,100.0,0.02,25,0.07,100000.0,0.0,0.0,False,21.38827785210258,256.65933422523096,119.38030818768286,69.39814805582527,49.9821601318576,49.9821601318576,0.0,90.0000000000001,5433.389999999945,965,6.2025,1.0,disabled,FR.CAED/8363.FACILITY,ENORIS,FRA,48.71938,2.27887,5(b),high,54333.95,5514.89,55.1489,FEASIBLE,0,109.95,63.92,46.03,14.4,False
FR.CAED/9415.FACILITY,18.6402,heat_TES,248.2919895408838,41.401495927172576,187.4441432211953,41.401495927172576,496.8179511260709,1500.0,150.0,0.9,4.0,0.97,0.98,12.0,battery_params,2025,150.0,100.0,0.02,25,0.07,100000.0,0.0,0.0,False,41.401495927172576,496.8179511260709,96.39081381822577,64.19707304200526,32.19374077622051,32.19374077622051,0.0,89.99999999999987,16328.815200000226,968,18.6402,1.0,disabled,FR.CAED/9415.FACILITY,ROQUETTE FRERES,FRA,48.85849,8.08496,8(b)(ii),low,163288.0,7627.43,76.2743,FEASIBLE,0,88.78,59.13,29.65,13.3,False
FR.CAED/9451.FACILITY,11.2814,heat_TES,143.82812123717616,24.263194177511775,103.47664983794398,24.263194177511775,291.15833013014134,1500.0,350.0,0.7666666666666666,4.0,0.97,0.95,12.0,battery_params,2025,350.0,100.0,0.02,25,0.07,100000.0,0.0,0.0,False,24.263194177511775,291.15833013014134,92.61851147892548,61.44462475705546,31.173886721870034,31.173886721870034,0.0,90.00000000000014,9882.50639999985,960,11.2814,1.0,disabled,FR.CAED/9451.FACILITY,LAT NITROGEN OTTMARSHEIM,FRA,47.79004,7.51929,4(c),mid,98824.92,632.0,6.32,INFEASIBLE,2,85.3,56.59,28.71,12.7,False
FR.CAED/9469.FACILITY,7.9727,heat_TES,101.60139724948604,17.157353316642375,73.7820943925252,17.157353316642375,205.88823979970851,1500.0,350.0,0.7666666666666666,4.0,0.97,0.95,12.0,battery_params,2025,350.0,100.0,0.02,25,0.07,100000.0,0.0,0.0,False,17.157353316642375,205.88823979970851,92.61078464673132,61.41823684840321,31.192547798328103,31.192547798328103,0.0,89.99999999999997,6984.085200000021,960,7.9727,1.0,disabled,FR.CAED/9469.FACILITY,BUTACHIMIE,FRA,47.81907,7.53852,4(a)(iv),mid,69840.89,0.0,0.0,INFEASIBLE,2,85.29,56.57,28.73,12.7,True
FR.CAED/9481.FACILITY,56.7595,heat_TES,723.6729135178763,122.266753993701,525.683867152911,122.266753993701,1467.201047924412,1500.0,350.0,0.7666666666666666,4.0,0.97,0.95,12.0,battery_params,2025,350.0,100.0,0.02,25,0.07,100000.0,0.0,0.0,False,122.266753993701,1467.201047924412,92.6709555273584,61.4478714453252,31.22308408203318,31.22308408203318,0.0,90.00000000000007,49721.32199999962,965,56.7595,1.0,disabled,FR.CAED/9481.FACILITY,ALSACHIMIE,FRA,47.8265,7.54591,4(a)(ii),mid,497213.11,5659.44,56.5944,FEASIBLE,2,85.35,56.59,28.76,12.7,False
FR.CAED/9517.FACILITY,75.0405,heat_TES,969.981899272764,147.64145252219413,711.1976359435921,147.64145252219413,1771.6974302663295,1500.0,150.0,0.9,4.0,0.97,0.98,12.0,battery_params,2025,150.0,100.0,0.02,25,0.07,100000.0,0.0,0.0,False,147.64145252219413,1771.6974302663295,90.8155217147972,62.297554376824166,28.517967337973037,28.517967337973037,0.0,90.00000000000024,65735.47799999839,979,75.0405,1.0,disabled,FR.CAED/9517.FACILITY,TEREOS STARCH & SWEETENERS EUROPE,FRA,48.1668,7.59363,8(b)(ii),low,657354.83,14006.74,140.0674,FEASIBLE,0,83.64,57.38,26.27,12.9,False
FR.CAED/9964.FACILITY,0.1669,heat_TES,1.5654799738148697,0.4434954357021484,1.7739817428085936,0.4434954357021484,5.321945228425781,1500.0,750.0,0.5,4.0,0.97,0.95,12.0,battery_params,2025,750.0,100.0,0.02,25,0.07,100000.0,0.0,0.0,False,0.4434954357021484,5.321945228425781,83.72159983482523,45.205811169108934,38.5157886657163,38.5157886657163,0.0,89.9999999999996,146.2044000000057,998,0.1669,1.0,disabled,FR.CAED/9964.FACILITY,SOC D'EXPLOITATION THERMIQUE DU MIRAIL,FRA,43.55826,1.39858,5(b),high,1461.92,6277.31,62.7731,FEASIBLE,0,77.11,41.63,35.47,9.4,False
IT.CAED/030392001.FACILITY,110.8599,heat_TES,735.2734641907997,273.3518834742264,1093.4075338969055,273.3518834742264,3280.2226016907166,1500.0,750.0,0.5,4.0,0.97,0.95,12.0,battery_params,2025,750.0,100.0,0.02,25,0.07,100000.0,0.0,0.0,False,273.3518834742264,3280.2226016907166,71.71571064519495,35.97579152742334,35.7399191177716,35.7399191177716,0.0,90.0000000000002,97113.2723999981,1049,110.8599,1.0,disabled,IT.CAED/030392001.FACILITY,Stabilimento di Sora (FR),ITA,41.6994,13.5869,6(b),high,971133.16,2719.78,27.1978,INFEASIBLE,0,66.05,33.13,32.92,6.6,False
IT.CAED/051002003.FACILITY,0.4668,heat_TES,3.2925044568375057,1.1788743686788212,4.715497474715285,1.1788743686788212,14.146492424145857,1500.0,750.0,0.5,4.0,0.97,0.95,12.0,battery_params,2025,750.0,100.0,0.02,25,0.07,100000.0,0.0,0.0,False,1.1788743686788212,14.146492424145857,74.86400038467208,38.25881125433799,36.605189130334104,36.605189130334104,0.0,90.00000000000057,408.9167999999769,1042,0.4668,1.0,disabled,IT.CAED/051002003.FACILITY,ACEA AMBIENTE Srl UL1_Impianto di Termovalorizzazione,ITA,42.5806,12.6615,5(b),high,4088.74,2872.62,28.7262,FEASIBLE,0,68.95,35.24,33.71,7.1,False
IT.CAED/090181001.FACILITY,123.8526,heat_TES,602.1876966630556,190.996712537501,763.986850150004,190.996712537501,2291.960550450012,1500.0,350.0,0.7666666666666666,4.0,0.97,0.95,12.0,battery_params,2025,350.0,100.0,0.02,25,0.07,100000.0,0.0,0.0,False,190.996712537501,2291.960550450012,48.725724908353506,26.373192083110037,22.352532825243465,22.352532825243465,0.0,90.00000000000064,108494.877599993,1143,123.8526,1.0,disabled,IT.CAED/090181001.FACILITY,Sarlux srl,ITA,39.0971,9.0113,1(a),mid,1084948.77,3850.76,38.5076,INFEASIBLE,0,44.88,24.29,20.59,4.9,False
IT.CAED/100752001.FACILITY,0.0771,heat_TES,0.6085702693231277,0.2156423193405661,0.8625692773622647,0.2156423193405661,2.587707832086794,1500.0,750.0,0.5,4.0,0.97,0.95,12.0,battery_params,2025,750.0,100.0,0.02,25,0.07,100000.0,0.0,0.0,False,0.2156423193405661,2.587707832086794,83.35481307421207,42.814640474867254,40.54017259934483,40.54017259934483,0.0,90.00000000000001,67.5395999999999,999,0.0771,1.0,disabled,IT.CAED/100752001.FACILITY,Ahlstrom-Munksjö Italia S.p.A.,ITA,45.2533,7.5397,6(b),high,675.56,5312.12,53.1212,FEASIBLE,0,76.77,39.43,37.34,7.9,False
IT.CAED/201532001.FACILITY,0.4055,heat_TES,3.2701429388922936,1.0771982994670353,4.308793197868141,1.0771982994670353,12.926379593604423,1500.0,750.0,0.5,4.0,0.97,0.95,12.0,battery_params,2025,750.0,100.0,0.02,25,0.07,100000.0,0.0,0.0,False,1.0771982994670353,12.926379593604423,82.24776543717353,43.743328426944856,38.50443701022868,38.50443701022868,0.0,90.0000000000004,355.2179999999863,1019,0.4055,1.0,disabled,IT.CAED/201532001.FACILITY,Impianto di termovalorizzazione Silla 2,ITA,45.5042,9.0706,5(b),high,3552.18,9020.11,90.2011,FEASIBLE,0,75.75,40.29,35.46,8.1,False
IT.CAED/240442002.FACILITY,35.7603,heat_TES,274.7074137673432,93.87043296025792,375.48173184103166,93.87043296025792,1126.445195523095,1500.0,750.0,0.5,4.0,0.97,0.95,12.0,battery_params,2025,750.0,100.0,0.02,25,0.07,100000.0,0.0,0.0,False,93.87043296025792,1126.445195523095,79.71640040338131,41.66824168243687,38.04815872094445,38.04815872094445,0.0,90.00000000000028,31326.02279999911,1020,35.7603,1.0,disabled,IT.CAED/240442002.FACILITY,Tenaris Dalmine - Stabilimento di Dalmine,ITA,45.6425,9.5969,2(b),high,313260.0,14038.46,140.3846,FEASIBLE,0,73.42,38.38,35.04,7.7,False
IT.CAED/270391001.FACILITY,3.0503,heat_TES,24.324581681474225,5.898276540963693,23.59310616385477,5.898276540963693,70.77931849156431,1500.0,350.0,0.7666666666666666,4.0,0.97,0.95,12.0,battery_params,2025,350.0,100.0,0.02,25,0.07,100000.0,0.0,0.0,False,5.898276540963693,70.77931849156431,71.28301522963997,43.25524470673668,28.02777052290328,28.02777052290328,0.0,89.99999999999996,2672.062800000011,1004,3.0503,1.0,disabled,IT.CAED/270391001.FACILITY,RAFFINERIA DI SANNAZZARO DE' BURGONDI,ITA,45.0997,8.8768,1(a),mid,26720.57,20127.37,201.2737,FEASIBLE,0,65.65,39.84,25.81,8.0,False
IT.CAED/280691001.FACILITY,4.9344,heat_TES,38.54539280647804,9.00733385626854,36.029335425074166,9.00733385626854,108.0880062752225,1500.0,350.0,0.7666666666666666,4.0,0.97,0.95,12.0,battery_params,2025,350.0,100.0,0.02,25,0.07,100000.0,0.0,0.0,False,9.00733385626854,108.0880062752225,68.83018512567398,42.37152270454474,26.458662421129237,26.458662421129237,0.0,89.99999999999999,4322.534400000004,1012,4.9344,1.0,disabled,IT.CAED/280691001.FACILITY,RAFFINERIA SARPOM DI TRECATE,ITA,45.4372,8.7858,1(a),mid,43225.62,17945.74,179.4574,FEASIBLE,0,63.39,39.02,24.37,7.8,False
IT.CAED/301751001.FACILITY,20.4987,heat_TES,152.11128301394425,35.386250599409614,141.54500239763846,35.386250599409614,424.63500719291534,1500.0,350.0,0.7666666666666666,4.0,0.97,0.95,12.0,battery_params,2025,350.0,100.0,0.02,25,0.07,100000.0,0.0,0.0,False,35.386250599409614,424.63500719291534,65.27202926440964,40.250479428582295,25.02154983582734,25.02154983582734,0.0,90.00000000000031,17956.861199999425,1029,20.4987,1.0,disabled,IT.CAED/301751001.FACILITY,Raffineria di Venezia,ITA,45.4594,12.2667,4(a),mid,179568.89,8877.23,88.7723,FEASIBLE,0,60.12,37.07,23.04,7.4,False
IT.CAED/330282002.FACILITY,44.2884,heat_TES,454.82395162769353,136.02516310538894,544.1006524215558,136.02516310538894,1632.3019572646672,1500.0,750.0,0.5,4.0,0.97,0.95,12.0,battery_params,2025,750.0,100.0,0.02,25,0.07,100000.0,0.0,0.0,False,136.02516310538894,1632.3019572646672,100.22233083605956,55.704372198055715,44.51795863800386,44.51795863800386,0.0,90.00000000000004,38796.63839999984,984,44.2884,1.0,disabled,IT.CAED/330282002.FACILITY,Stabilimento di Tolmezzo,ITA,46.3939,13.0169,6(b),high,387966.22,1714.23,17.1423,INFEASIBLE,0,92.3,51.3,41.0,10.3,False
IT.CAED/441221002.FACILITY,33.1006,heat_TES,238.186139683565,58.1531427039252,232.6125708157008,58.1531427039252,697.8377124471024,1500.0,350.0,0.7666666666666666,4.0,0.97,0.95,12.0,battery_params,2025,350.0,100.0,0.02,25,0.07,100000.0,0.0,0.0,False,58.1531427039252,697.8377124471024,64.4965968806755,39.03161914236897,25.464977738306533,25.464977738306533,0.0,90.0000000000005,28996.125599998573,1029,33.1006,1.0,disabled,IT.CAED/441221002.FACILITY,YARA ITALIA SPA - STABILIMENTO DI FERRARA,ITA,44.856,11.5921,4(b),mid,289961.11,23811.49,238.1149,FEASIBLE,0,59.4,35.95,23.45,7.2,False
IT.CAED/570162008.FACILITY,3.7703,heat_TES,24.70199984897223,6.453202193412363,25.81280877364945,6.453202193412363,77.43842632094835,1500.0,350.0,0.7666666666666666,4.0,0.97,0.95,12.0,battery_params,2025,350.0,100.0,0.02,25,0.07,100000.0,0.0,0.0,False,6.453202193412363,77.43842632094835,60.34670842189793,35.53793219303435,24.808776228863582,24.808776228863582,0.0,90.00000000000028,3302.7827999999045,1031,3.7703,1.0,disabled,IT.CAED/570162008.FACILITY,SOLVAY CHIMICA ITALIA S.P.A. ROSIGNANO,ITA,43.4089,10.4739,4(b),mid,33027.78,6495.24,64.9524,FEASIBLE,0,55.58,32.73,22.85,6.6,False
IT.CAED/600151001.FACILITY,48.3122,heat_TES,291.0959351450447,79.500892140139,318.003568560556,79.500892140139,954.010705681668,1500.0,350.0,0.7666666666666666,4.0,0.97,0.95,12.0,battery_params,2025,350.0,100.0,0.02,25,0.07,100000.0,0.0,0.0,False,79.500892140139,954.010705681668,56.534300654223536,32.68250033227515,23.851800321948396,23.851800321948396,0.0,90.00000000000058,42321.48719999753,1054,48.3122,1.0,disabled,IT.CAED/600151001.FACILITY,api Raffineria di Ancona spa,ITA,43.6395,13.3813,1(a),mid,423215.0,5443.73,54.4373,FEASIBLE,0,52.07,30.1,21.97,6.0,False
IT.CAED/850122001.FACILITY,63.9658,heat_TES,401.4596470707157,156.09810708650514,624.3924283460206,156.09810708650514,1873.1772850380617,1500.0,750.0,0.5,4.0,0.97,0.95,12.0,battery_params,2025,750.0,100.0,0.02,25,0.07,100000.0,0.0,0.0,False,156.09810708650514,1873.1772850380617,69.41485869886489,34.043171319881615,35.37168737898329,35.37168737898329,0.0,90.00000000000115,56034.04079999359,1122,63.9658,1.0,disabled,IT.CAED/850122001.FACILITY,CENTRO OLI TEMPA ROSSA,ITA,40.4101,16.0871,3(a),high,560340.35,926.7,9.267,INFEASIBLE,1,63.93,31.35,32.58,6.3,False
IT.CAED/850592002.FACILITY,56.602,heat_TES,373.2875094396615,140.0783590244186,560.3134360976744,140.0783590244186,1680.9403082930232,1500.0,750.0,0.5,4.0,0.97,0.95,12.0,battery_params,2025,750.0,100.0,0.02,25,0.07,100000.0,0.0,0.0,False,140.0783590244186,1680.9403082930232,71.64350849760949,35.772362989425645,35.87114550818386,35.87114550818386,0.0,90.00000000000054,49583.351999997336,1072,56.602,1.0,disabled,IT.CAED/850592002.FACILITY,Centro Olio Val d'Agri,ITA,40.3136,15.8972,3(a),high,495833.33,3917.39,39.1739,FEASIBLE,1,65.98,32.95,33.04,6.6,False
IT.CAED/960101005.FACILITY,364.3943,heat_TES,1819.7467858260015,558.971907348739,2235.887629394956,558.971907348739,6707.662888184868,1500.0,350.0,0.7666666666666666,4.0,0.97,0.95,12.0,battery_params,2025,350.0,100.0,0.02,25,0.07,100000.0,0.0,0.0,False,558.971907348739,6707.662888184868,49.32224701430239,27.087899766967304,22.234347247335087,22.234347247335087,0.0,90.00000000000058,319209.40679998137,1143,364.3943,1.0,disabled,IT.CAED/960101005.FACILITY,Raffineria ISAB Impianti NORD,ITA,37.1791,15.1825,1(a),mid,3192093.73,3569.38,35.6938,INFEASIBLE,2,45.43,24.95,20.48,5.0,False
IT.CAED/960101007.FACILITY,69.8027,heat_TES,348.489636406919,107.04264669864136,428.17058679456545,107.04264669864136,1284.5117603836964,1500.0,350.0,0.7666666666666666,4.0,0.97,0.95,12.0,battery_params,2025,350.0,100.0,0.02,25,0.07,100000.0,0.0,0.0,False,107.04264669864136,1284.5117603836964,49.30780635755368,27.080307617803992,22.227498739749688,22.227498739749688,0.0,90.0000000000008,61147.16519999516,1147,69.8027,1.0,disabled,IT.CAED/960101007.FACILITY,Versalis S.p.A.,ITA,37.167,15.1973,4(a),mid,611471.47,0.0,0.0,INFEASIBLE,2,45.41,24.94,20.47,5.0,True
IT.CAED/960111001.FACILITY,121.8626,heat_TES,607.1656158051444,186.92833146627643,747.7133258651057,186.92833146627643,2243.1399775953173,1500.0,350.0,0.7666666666666666,4.0,0.97,0.95,12.0,battery_params,2025,350.0,100.0,0.02,25,0.07,100000.0,0.0,0.0,False,186.92833146627643,2243.1399775953173,49.25907899765508,27.025434009738493,22.233644987916588,22.233644987916588,0.0,89.99999999999973,106751.63760000277,1150,121.8626,1.0,disabled,IT.CAED/960111001.FACILITY,Sonatrach Raffineria Italiana-Raffineria di Augusta,ITA,37.2216,15.1905,1(a),mid,1067516.67,1295.95,12.9595,INFEASIBLE,2,45.37,24.89,20.48,5.0,False
IT.CAED/980571001.FACILITY,24.7831,heat_TES,134.66940020638998,38.50526686869155,154.0210674747662,38.50526686869155,462.0632024242986,1500.0,350.0,0.7666666666666666,4.0,0.97,0.95,12.0,battery_params,2025,350.0,100.0,0.02,25,0.07,100000.0,0.0,0.0,False,38.50526686869155,462.0632024242986,51.994798744236554,29.474689879197385,22.52010886503917,22.52010886503917,0.0,89.9999999999995,21709.995600001064,1102,24.7831,1.0,disabled,IT.CAED/980571001.FACILITY,Raffineria di Milazzo S.C.p.A.,ITA,38.2027,15.2723,1(a),mid,217100.0,1662.42,16.6242,FEASIBLE,0,47.89,27.15,20.74,5.4,False
PL.MŚ/000000021.FACILITY,10.5405,heat_TES,134.04222084834092,31.31696183053421,125.26784732213684,31.31696183053421,375.80354196641053,1500.0,350.0,0.7666666666666666,4.0,0.97,0.95,12.0,battery_params,2025,350.0,100.0,0.02,25,0.07,100000.0,0.0,0.0,False,31.31696183053421,375.80354196641053,122.4447116620567,79.37971800655222,43.06499365550447,43.06499365550447,0.0,89.9999999999999,9233.478000000086,996,10.5405,1.0,disabled,PL.MŚ/000000021.FACILITY,KOKSOWNIA RADLIN,POL,50.0377769470215,18.4866676330566,1(d),mid,92335.0,10234.64,102.3464,FEASIBLE,0,112.77,73.11,39.66,12.7,False
PL.MŚ/000000023.FACILITY,0.097,heat_TES,1.6837948569494274,0.3696413389600101,1.478565355840041,0.3696413389600101,4.435696067520122,1500.0,350.0,0.7666666666666666,4.0,0.97,0.95,12.0,battery_params,2025,350.0,100.0,0.02,25,0.07,100000.0,0.0,0.0,False,0.3696413389600101,4.435696067520122,163.58946390395496,108.35441057603794,55.23505332791703,55.23505332791703,0.0,90.00000000000006,84.97199999999958,948,0.097,1.0,disabled,PL.MŚ/000000023.FACILITY,LOTOS ASfalt Sp. z o.o.,POL,54.3499298095703,18.7296676635742,1(a),mid,849.33,7389.5,73.895,FEASIBLE,0,150.67,99.79,50.87,17.4,False
PL.MŚ/000000053.FACILITY,5.9893,heat_TES,96.98878153292196,28.954621795330237,115.81848718132096,28.954621795330237,347.4554615439628,1500.0,750.0,0.5,4.0,0.97,0.95,12.0,battery_params,2025,750.0,100.0,0.02,25,0.07,100000.0,0.0,0.0,False,28.954621795330237,347.4554615439628,171.1547081469995,101.08217678816187,70.07253135883764,70.07253135883764,0.0,90.00000000000017,5246.626799999911,971,5.9893,1.0,disabled,PL.MŚ/000000053.FACILITY,Grupa Ożarów S.A.,POL,50.9304275512695,21.6765041351318,3(c),high,52466.67,11683.31,116.8331,FEASIBLE,1,157.63,93.1,64.54,16.2,False
PL.MŚ/000000058.FACILITY,9.7055,heat_TES,142.5291527116888,41.249056322507535,164.99622529003014,41.249056322507535,494.9886758700905,1500.0,750.0,0.5,4.0,0.97,0.95,12.0,battery_params,2025,750.0,100.0,0.02,25,0.07,100000.0,0.0,0.0,False,41.249056322507535,494.9886758700905,153.27043637908432,91.66740541374566,61.60303096533867,61.60303096533867,0.0,89.99999999999983,8502.01800000014,967,9.7055,1.0,disabled,PL.MŚ/000000058.FACILITY,ArcelorMittal Poland S.A. Oddział Dąbrowa Górnicza,POL,50.3461112976074,19.28444480896,2(b),high,85020.0,3929.77,39.2977,FEASIBLE,1,141.16,84.43,56.74,14.7,False
PL.MŚ/000000062.FACILITY,4.967,heat_TES,67.46796630700128,20.249030333061203,80.99612133224481,20.249030333061203,242.9883639967344,1500.0,750.0,0.5,4.0,0.97,0.95,12.0,battery_params,2025,750.0,100.0,0.02,25,0.07,100000.0,0.0,0.0,False,20.249030333061203,242.9883639967344,143.8779321034624,84.78765207008725,59.090280033375144,59.090280033375144,0.0,90.00000000000006,4351.091999999977,989,4.967,1.0,disabled,PL.MŚ/000000062.FACILITY,"Cementownia ""Odra"" S.A.",POL,50.6806411743164,17.9139156341553,3(c),high,43510.67,18142.73,181.4273,FEASIBLE,0,132.51,78.09,54.42,13.6,False
PL.MŚ/000000063.FACILITY,13.6373,heat_TES,224.7113619846922,65.76106875114219,263.04427500456876,65.76106875114219,789.1328250137063,1500.0,750.0,0.5,4.0,0.97,0.95,12.0,battery_params,2025,750.0,100.0,0.02,25,0.07,100000.0,0.0,0.0,False,65.76106875114219,789.1328250137063,172.7501438084818,102.85508968625008,69.89505412223171,69.89505412223171,0.0,90.00000000000014,11946.274799999828,974,13.6373,1.0,disabled,PL.MŚ/000000063.FACILITY,LAFARGE CEMENT S.A,POL,50.8286399841309,20.2727031707764,3(c),high,119462.67,3079.65,30.7965,FEASIBLE,1,159.1,94.73,64.37,16.5,False
PL.MŚ/000000067.FACILITY,23.8638,heat_TES,344.5517327925404,114.70787131251764,458.8314852500705,114.70787131251764,1376.4944557502115,1500.0,750.0,0.5,4.0,0.97,0.95,12.0,battery_params,2025,750.0,100.0,0.02,25,0.07,100000.0,0.0,0.0,False,114.70787131251764,1376.4944557502115,159.79694390975692,90.12473223143311,69.6722116783238,69.6722116783238,0.0,89.9999999999998,20904.68880000041,961,23.8638,1.0,disabled,PL.MŚ/000000067.FACILITY,"CEMENTOWNIA ""WARTA"" SPÓŁKA AKCYJNA",POL,51.1030540466309,18.9263877868652,3(c),high,209046.67,14770.17,147.7017,FEASIBLE,0,147.17,83.0,64.17,14.4,False
PL.MŚ/000000072.FACILITY,203.3734,heat_TES,4192.3072564132035,1144.0911632041586,4576.364652816635,1144.0911632041586,13729.093958449905,1500.0,750.0,0.5,4.0,0.97,0.95,12.0,battery_params,2025,750.0,100.0,0.02,25,0.07,100000.0,0.0,0.0,False,1144.0911632041586,13729.093958449905,210.21352999885607,128.67320105171103,81.54032894714506,81.54032894714506,0.0,90.0,178155.0984,973,203.3734,1.0,disabled,PL.MŚ/000000072.FACILITY,International Paper - Kwidzyn Sp. z o.o.,POL,53.6997413635254,18.9216861724854,6(b),high,1781551.11,15279.46,152.7946,INFEASIBLE,0,193.61,118.51,75.1,20.6,False
PL.MŚ/000000108.FACILITY,8.071,heat_TES,102.25349435095868,23.48498099186061,93.93992396744244,23.48498099186061,281.8197719023273,1500.0,350.0,0.7666666666666666,4.0,0.97,0.95,12.0,battery_params,2025,350.0,100.0,0.02,25,0.07,100000.0,0.0,0.0,False,23.48498099186061,281.8197719023273,121.25875726202938,79.082421799766,42.17633546226337,42.17633546226337,0.0,90.00000000000014,7070.195999999895,1003,8.071,1.0,disabled,PL.MŚ/000000108.FACILITY,Grupa Azoty Zakłady Azotowe Kędzierzyn Spółka Akcyjna,POL,50.303394317627,18.2594203948975,4(c),mid,70701.77,11355.26,113.5526,FEASIBLE,0,111.68,72.83,38.84,12.7,False
PL.MŚ/000000136.FACILITY,71.3904,heat_TES,1140.8645129446113,352.0691473222369,1408.2765892889477,352.0691473222369,4224.829767866843,1500.0,750.0,0.5,4.0,0.97,0.95,12.0,battery_params,2025,750.0,100.0,0.02,25,0.07,100000.0,0.0,0.0,False,352.0691473222369,4224.829767866843,171.23398986154535,99.75241201614416,71.4815778454012,71.4815778454012,0.0,89.99999999999979,62537.990400001305,972,71.3904,1.0,disabled,PL.MŚ/000000136.FACILITY,"Celsa ""Huta Ostrowiec"" Sp.o.o.",POL,50.9482231140137,21.4450912475586,2(b),high,625380.0,5446.46,54.4646,INFEASIBLE,1,157.71,91.87,65.83,16.0,False
PL.MŚ/000000138.FACILITY,81.0426,heat_TES,1551.236571172714,406.12306412665424,1624.492256506617,406.12306412665424,4873.476769519851,1500.0,750.0,0.5,4.0,0.97,0.95,12.0,battery_params,2025,750.0,100.0,0.02,25,0.07,100000.0,0.0,0.0,False,406.12306412665424,4873.476769519851,192.11533956799113,119.47961622410928,72.63572334388186,72.63572334388186,0.0,90.00000000000009,70993.31759999934,957,81.0426,1.0,disabled,PL.MŚ/000000138.FACILITY,Arctic Paper Kostrzyn S.A.,POL,52.5945816040039,14.6254749298096,6(b),high,709933.33,5854.96,58.5496,INFEASIBLE,0,176.94,110.04,66.9,19.1,False
PL.MŚ/000000190.FACILITY,0.0242,heat_TES,0.3589337457881673,0.1120404932094692,0.4481619728378771,0.1120404932094692,1.3444859185136313,1500.0,750.0,0.5,4.0,0.97,0.95,12.0,battery_params,2025,750.0,100.0,0.02,25,0.07,100000.0,0.0,0.0,False,0.1120404932094692,1.3444859185136313,159.688983168314,92.5823232783988,67.10665988991519,67.10665988991519,0.0,90.0000000000003,21.199199999999365,903,0.0242,1.0,disabled,PL.MŚ/000000190.FACILITY,CEMEX Polska Sp. z o.o. - Zakład Cementownia Rudniki,POL,50.8750915527344,19.2573299407959,3(c),high,212.0,18222.03,182.2203,FEASIBLE,0,147.07,85.27,61.81,14.8,False
PL.MŚ/000000197.FACILITY,9.9692,heat_TES,175.76711365316507,39.37349172240205,157.4939668896082,39.37349172240205,472.4819006688246,1500.0,350.0,0.7666666666666666,4.0,0.97,0.95,12.0,battery_params,2025,350.0,100.0,0.02,25,0.07,100000.0,0.0,0.0,False,39.37349172240205,472.4819006688246,167.30074656239003,110.05415962350928,57.246586938880746,57.246586938880746,0.0,89.99999999999973,8733.019200000233,960,9.9692,1.0,disabled,PL.MŚ/000000197.FACILITY,ANWIL S.A.,POL,52.7022247314453,18.9658336639404,4(c),mid,87330.0,11719.24,117.1924,FEASIBLE,0,154.08,101.36,52.72,17.6,False
PL.MŚ/000000212.FACILITY,18.3308,heat_TES,270.33520587023895,99.865507963651,399.4620318546041,99.865507963651,1198.3860955638122,1500.0,750.0,0.5,4.0,0.97,0.95,12.0,battery_params,2025,750.0,100.0,0.02,25,0.07,100000.0,0.0,0.0,False,99.865507963651,1198.3860955638122,171.0216145709081,92.05562656734725,78.96598800356085,78.96598800356085,0.0,89.99999999999989,16057.780800000171,972,18.3308,1.0,disabled,PL.MŚ/000000212.FACILITY,Kronospan Mielec Sp. z o.o.,POL,50.307014465332,21.470874786377,6(b),high,160577.78,11260.46,112.6046,FEASIBLE,0,157.51,84.78,72.73,14.7,False
PL.MŚ/000000215.FACILITY,7.1275,heat_TES,109.06907443025912,33.300521492985844,133.20208597194338,33.300521492985844,399.60625791583016,1500.0,750.0,0.5,4.0,0.97,0.95,12.0,battery_params,2025,750.0,100.0,0.02,25,0.07,100000.0,0.0,0.0,False,33.300521492985844,399.60625791583016,163.24027459698846,95.51983230294653,67.72044229404196,67.72044229404196,0.0,89.99999999999983,6243.690000000113,971,7.1275,1.0,disabled,PL.MŚ/000000215.FACILITY,CEMEX Polska Sp. z o.o - Zakład Cementownia Chełm,POL,51.1371726989746,23.5443572998047,3(c),high,62437.33,9923.32,99.2332,FEASIBLE,0,150.34,87.97,62.37,15.3,False
PL.MŚ/000000221.FACILITY,0.0993,heat_TES,1.3842699532944678,0.444144228861847,1.7765769154473885,0.444144228861847,5.329730746342165,1500.0,750.0,0.5,4.0,0.97,0.95,12.0,battery_params,2025,750.0,100.0,0.02,25,0.07,100000.0,0.0,0.0,False,0.444144228861847,5.329730746342165,151.8470222915192,87.01631614790334,64.83070614361588,64.83070614361588,0.0,89.99999999999993,86.98680000000066,964,0.0993,1.0,disabled,PL.MŚ/000000221.FACILITY,"Huta Cynku ""Miasteczko Śląskie"" S.A.",POL,50.5025901794434,18.9307708740234,2(e),high,870.0,5632.07,56.3207,FEASIBLE,0,139.85,80.14,59.71,13.9,False
PL.MŚ/000000232.FACILITY,0.9741,heat_TES,16.384464519145492,4.575293619668606,18.301174478674422,4.575293619668606,54.90352343602327,1500.0,750.0,0.5,4.0,0.97,0.95,12.0,battery_params,2025,750.0,100.0,0.02,25,0.07,100000.0,0.0,0.0,False,4.575293619668606,54.90352343602327,173.07268993791865,104.9923988460999,68.08029109181872,68.08029109181872,0.0,90.00000000000028,853.3115999999764,970,0.9741,1.0,disabled,PL.MŚ/000000232.FACILITY,Dyckerhoff Polska Sp. z o.o.,POL,50.806941986084,20.5222225189209,3(c),high,8533.33,3448.23,34.4823,FEASIBLE,1,159.4,96.7,62.7,16.8,False
PL.MŚ/000000273.FACILITY,6.9734,heat_TES,119.59931130789155,35.59565411754579,142.38261647018317,35.59565411754579,427.1478494105495,1500.0,750.0,0.5,4.0,0.97,0.95,12.0,battery_params,2025,750.0,100.0,0.02,25,0.07,100000.0,0.0,0.0,False,35.59565411754579,427.1478494105495,181.04405604752344,107.0565518095908,73.98750423793263,73.98750423793263,0.0,89.99999999999979,6108.698400000128,968,6.9734,1.0,disabled,PL.MŚ/000000273.FACILITY,Euroglas Polska Sp. z o.o.,POL,51.6197776794434,19.9349212646484,3(e),high,61086.67,17318.35,173.1835,FEASIBLE,0,166.74,98.6,68.14,17.2,False
PL.MŚ/000000278.FACILITY,5.3539,heat_TES,74.66963130769086,22.2156311911052,88.8625247644208,22.2156311911052,266.5875742932624,1500.0,750.0,0.5,4.0,0.97,0.95,12.0,battery_params,2025,750.0,100.0,0.02,25,0.07,100000.0,0.0,0.0,False,22.2156311911052,266.5875742932624,147.20112721542114,87.05684046927519,60.14428674614594,60.14428674614594,0.0,90.00000000000016,4690.016399999926,982,5.3539,1.0,disabled,PL.MŚ/000000278.FACILITY,"Huta Miedzi ""Legnica""",POL,51.1823844909668,16.1176204681396,2(e),high,46900.0,22254.82,222.5482,FEASIBLE,0,135.57,80.18,55.39,13.9,False
PL.MŚ/000000309.FACILITY,15.8917,heat_TES,233.36992909608315,67.49859477626386,269.99437910505543,67.49859477626386,809.9831373151663,1500.0,750.0,0.5,4.0,0.97,0.95,12.0,battery_params,2025,750.0,100.0,0.02,25,0.07,100000.0,0.0,0.0,False,67.49859477626386,809.9831373151663,153.22952937941082,91.66503021555336,61.56449916385744,61.56449916385744,0.0,90.00000000000003,13921.129199999952,971,15.8917,1.0,disabled,PL.MŚ/000000309.FACILITY,SAINT-GOBAIN INNOVATIVE MATERIALS POLSKA SPÓŁKA Z O.O. ODDZIAŁ GLASS,POL,50.3058013916016,19.3013935089111,3(e),high,139211.11,4691.4,46.914,FEASIBLE,1,141.12,84.42,56.7,14.7,False
