eprtr_facility_id,facility_name,country,iso3,analysis_year_grid,eprtr_activity_grid,temp_band,heat_MWh,match_method,least_cost_pathway_grid,least_cost_pathway_off,lcoh_gas_grid,lcoh_hb_grid,lcoh_hb_off,hb_savings_vs_grid_gas_EUR_MWhth,elec_grid_EUR_MWh,elec_off_hb_EUR_MWh,elec_ratio_grid_to_offhb,gas_EUR_MWh,bnef_data_source,lat,lon
ES.CAED/003067000.FACILITY,FACTORIA MONTAÑANESA,Spain,ESP,2022,6(a),high,36713597.23,spatial_nearest,natural_gas,heat_battery,128.633,228.875,36.946,91.68700000000001,204.05,31.314,6.516254710353197,98.55,bnef,41.693825,-0.825523
LT.CAED/156667399.FACILITY,"AB ""Achema""",Lithuania,LTU,2022,4(c),mid,10344444.45,id_direct,natural_gas,heat_battery,158.782,285.486,44.744,114.03800000000001,255.0,38.332,6.65240530105395,125.685,proxied,55.083703,24.335496
PL.MŚ/000003640.FACILITY,Polski Koncern Naftowy ORLEN S.A.,Poland,POL,2024,1(a),mid,8693472.22,spatial_nearest,natural_gas,heat_battery,104.661,234.541,44.744,59.917,209.15,38.332,5.456276740060524,81.015,proxied,52.58617,19.67325
ES.CAED/004857000.FACILITY,PLANTA DE VALORITZACIO ENERGETICA DE SANT ADRIA DE BESOS,Spain,ESP,2024,5(b),high,8263037.78,spatial_nearest,natural_gas,heat_battery,73.216,157.541,36.946,36.269999999999996,139.85,31.314,4.466053522386153,52.715,bnef,41.419171,2.229837
https://registry.gdi-de.org/id/de.bb.inspire.pf.eureg/23020490,PCK Raffinerie GmbH,Germany,DEU,2024,1(a),mid,6965080.56,spatial_nearest,natural_gas,heat_battery,100.407,262.541,47.885,52.522,234.35,41.159,5.693772929371462,77.187,bnef,53.08759,14.23812
https://registry.gdi-de.org/id/de.nw.inspire.pf.bube-eureg/arb-2017-978024-900-9000377,INNOVATHERM -Ges.zur innovativen Nu tzung v.Brennstoffen,Germany,DEU,2024,5(a),high,6288635.83,spatial_nearest,natural_gas,heat_battery,100.407,262.541,47.885,52.522,234.35,41.159,5.693772929371462,77.187,bnef,51.6112,7.46506
FR.CAED/3814.FACILITY,TOTALENERGIES RAFFINAGE FRANCE,France,FRA,2024,1(a),mid,4992146.97,id_direct,natural_gas,heat_battery,99.913,201.43,45.593,54.31999999999999,179.35,39.096,4.587425823613669,76.743,bnef,49.51034,0.22592
CZ.MZP.U425/CZ17751142.FACILITY,ORLEN Unipetrol RPA,Czechia,CZE,2022,4(a)(i),mid,4459515.28,spatial_nearest,natural_gas,heat_battery,111.739,191.764,44.744,66.995,170.65,38.332,4.451893978921006,83.346,proxied,50.56136055,13.61185648
IE.CAED/P0266.FACILITY,Irving Oil Whitegate Refinery Limited,Ireland,IRL,2024,1(a),mid,4245911.11,spatial_nearest,natural_gas,heat_battery,98.064,286.153,44.744,53.31999999999999,255.6,38.332,6.66805801940937,75.078,proxied,51.820571,-8.24794
IE.CAED/P0035.FACILITY,Aughinish Alumina Limited,Ireland,IRL,2024,4(b)(v),mid,4196775.0,spatial_nearest,natural_gas,heat_battery,98.064,286.153,44.744,53.31999999999999,255.6,38.332,6.66805801940937,75.078,proxied,52.624625,-9.059835
IT.CAED/721001004.FACILITY,Versalis S.p.A.,Italy,ITA,2024,4(a),mid,4146666.67,spatial_nearest,natural_gas,heat_battery,83.636,244.597,38.962,44.67399999999999,218.2,33.128,6.586573291475489,62.093,bnef,40.6395,18.0022
PT.CAED/PT.APA05771242.CI,Central Termoeléctrica do Pego (CI),Portugal,PRT,2021,,mid,4097416.78,spatial_nearest,natural_gas,heat_battery,48.956,127.264,44.744,4.212000000000003,112.6,38.332,2.9374934780340185,32.295,proxied,39.466027,-8.111977
IT.CAED/960101005.FACILITY,Raffineria ISAB Impianti NORD,Italy,ITA,2024,1(a),mid,4092427.86,id_direct,natural_gas,heat_battery,83.636,244.597,38.962,44.67399999999999,218.2,33.128,6.586573291475489,62.093,bnef,37.1791,15.1825
https://registry.gdi-de.org/id/de.st.lau.pf.anlagen-ied-euregistry/100787,SKW Stickstoffwerke Piesteritz GmbH ,Germany,DEU,2021,4(c),mid,4085727.5,spatial_nearest,natural_gas,heat_battery,56.108,206.208,47.885,8.222999999999999,183.65,41.159,4.461964576398843,38.732,bnef,51.88852,12.58348
ES.CAED/001482000.FACILITY,REFINERÍA LA RÁBIDA,Spain,ESP,2024,1(a),mid,4044082.3,id_direct,natural_gas,heat_battery,73.216,157.541,36.946,36.269999999999996,139.85,31.314,4.466053522386153,52.715,bnef,37.184329,-6.894507
IT.CAED/461001002.FACILITY,Stabilimento di Mantova,Italy,ITA,2024,4(a),mid,4015000.0,spatial_nearest,natural_gas,heat_battery,83.636,244.597,38.962,44.67399999999999,218.2,33.128,6.586573291475489,62.093,bnef,45.1457,10.8376
PT.CAED/PT.APA05769662.CI,Refinaria de Sines (CI),Portugal,PRT,2024,1(a),mid,3996666.67,spatial_nearest,natural_gas,heat_battery,77.224,139.986,44.744,32.480000000000004,124.05,38.332,3.2361995199833036,56.322,proxied,37.963901,-8.800138
ES.CAED/001479000.FACILITY,REFINERÍA GIBRALTAR,Spain,ESP,2024,1(a),mid,3665777.22,spatial_nearest,natural_gas,heat_battery,73.216,157.541,36.946,36.269999999999996,139.85,31.314,4.466053522386153,52.715,bnef,36.185634,-5.39647
ES.CAED/001615000.FACILITY,"COMPAÑÍA ESPAÑOLA DE PETRÓLEOS, S.A.U.",Spain,ESP,2011,4(a)(i),mid,3665777.22,spatial_nearest,natural_gas,heat_battery,43.863,129.541,36.946,6.917000000000002,114.65,31.314,3.6613016542121737,35.791,bnef,36.185634,-5.39647
NL.RIVM/000000062.FACILITY,Chemelot Site Permit BV,Netherlands,NLD,2024,4(a)(i),mid,3517489.88,spatial_nearest,natural_gas,heat_battery,100.222,235.375,44.744,55.477999999999994,209.9,38.332,5.4758426380048,77.02,proxied,50.98059,5.79632
BG.CAED/003000008.FACILITY,"Solvey sody Company for Production of 
    Inorganic  chemicals",Bulgaria,BGR,2024,4(b)(iv),mid,3468611.11,spatial_nearest,natural_gas,heat_battery,66.989,138.708,46.197,20.792,122.9,39.64,3.100403632694248,47.111,proxied,43.199561,27.635453
EL.CAED/100048.FACILITY,METLEN ENERGY & METALS S.A. - ALOUMINIUM OF GREECE,Greece,GRC,2024,2(e),high,3413772.22,id_direct,natural_gas,heat_battery,70.504,199.653,44.744,25.760000000000005,177.75,38.332,4.6371178127934884,50.274,proxied,38.36083,22.69167
https://registry.gdi-de.org/id/de.he.0945.de7.pf.eu_industrie/50002119,Werk Werra Standort Hattorf,Germany,DEU,2024,3(a),high,3261802.78,spatial_nearest,natural_gas,heat_battery,100.407,262.541,47.885,52.522,234.35,41.159,5.693772929371462,77.187,bnef,50.83919,9.98085
ES.CAED/001562000.FACILITY,REPSOL QUIMICA,Spain,ESP,2024,4(a)(i),mid,3219944.44,id_direct,natural_gas,heat_battery,73.216,157.541,36.946,36.269999999999996,139.85,31.314,4.466053522386153,52.715,bnef,41.194305,1.226122
ES.CAED/001527000.FACILITY,REPSOL REFINERIA TARRAGONA,Spain,ESP,2023,1(a),mid,3139444.44,id_direct,natural_gas,heat_battery,96.237,176.208,36.946,59.291,156.65,31.314,5.002554767835473,68.586,bnef,41.173678,1.227106
DK.CAED/000067430.FACILITY,a. h. nichro HAARDCHROM A/S,Denmark,DNK,2022,2(f),high,32365.0,spatial_nearest,natural_gas,heat_battery,169.572,218.097,44.744,124.828,194.35,38.332,5.070176353960138,135.396,proxied,55.62103180966257,12.46438215183356
DK.CAED/000114122.FACILITY,"Hovedcentralen, varmeværk",Denmark,DNK,2022,,mid,8619.44,spatial_nearest,natural_gas,heat_battery,169.572,218.097,44.744,124.828,194.35,38.332,5.070176353960138,135.396,proxied,55.63714913160517,12.075006617383028
DK.CAED/000096764.FACILITY,"I/S Vestforbrænding, Glostrup",Denmark,DNK,2022,5(b),high,21174.44,spatial_nearest,natural_gas,heat_battery,169.572,218.097,44.744,124.828,194.35,38.332,5.070176353960138,135.396,proxied,55.706479905675614,12.42220219858454
LT.CAED/110012450.FACILITY,UAB „Grigeo Tissue“,Lithuania,LTU,2022,6(b),high,40277.78,id_direct,natural_gas,heat_battery,158.782,285.486,44.744,114.03800000000001,255.0,38.332,6.65240530105395,125.685,proxied,54.678451,25.086705
LT.CAED/302648707.FACILITY2," ,,Lietuvos energijos gamyba“ AB, Elektrėnų elektrinė",Lithuania,LTU,2022,1(a),mid,1530558.33,spatial_nearest,natural_gas,heat_battery,158.782,285.486,44.744,114.03800000000001,255.0,38.332,6.65240530105395,125.685,proxied,54.773398,24.647993
LT.CAED/301276531.FACILITY,UAB „Fortum Klaipėda“,Lithuania,LTU,2022,5(b),high,5638.89,spatial_nearest,natural_gas,heat_battery,158.782,285.486,44.744,114.03800000000001,255.0,38.332,6.65240530105395,125.685,proxied,55.68099,21.202935
LT.CAED/166451720.FACILITY,"AB ""ORLEN Lietuva""",Lithuania,LTU,2022,1(a),mid,344519.44,id_direct,natural_gas,heat_battery,158.782,285.486,44.744,114.03800000000001,255.0,38.332,6.65240530105395,125.685,proxied,56.381366,22.176387
HU.OKIR/100500821.FACILITY,"ISD Kokszoló Kft. ""f. a.""",Hungary,HUN,2022,1(d),mid,537750.0,spatial_nearest,natural_gas,heat_battery,150.952,218.875,44.744,106.208,195.05,38.332,5.088437858708129,118.638,proxied,46.940316,18.937737
HU.OKIR/100423302.FACILITY,Isd Dunaferr Zrt.,Hungary,HUN,2022,2(a),high,537750.0,spatial_nearest,natural_gas,heat_battery,150.952,218.875,44.744,106.208,195.05,38.332,5.088437858708129,118.638,proxied,46.943314,18.940529
IT.CAED/301761003.FACILITY,Stabilimento di P.to Marghera,Italy,ITA,2022,4(a),mid,266906.39,id_direct,natural_gas,heat_battery,133.935,329.764,38.962,94.973,294.85,33.128,8.900326008210579,103.322,bnef,45.4438,12.2363
ES.CAED/003182000.FACILITY,SOLVAY QUIMICA (FÁBRICA DE TORRELAVEGA),Spain,ESP,2022,4(b)(iv),mid,1502791.11,id_direct,natural_gas,heat_battery,128.633,228.875,36.946,91.68700000000001,204.05,31.314,6.516254710353197,98.55,bnef,43.363203,-4.038539
ES.CAED/001593000.FACILITY,UBE CORPORATION EUROPE S.A. UNIPERSONAL,Spain,ESP,2022,4(a)(iv),mid,396661.95,spatial_nearest,natural_gas,heat_battery,128.633,228.875,36.946,91.68700000000001,204.05,31.314,6.516254710353197,98.55,bnef,39.952916,-0.005726
HU.OKIR/103112830.FACILITY,Duna Furnace Dunai Vasmű Kft.,Hungary,HUN,2023,2(b),high,83352.78,spatial_nearest,natural_gas,heat_battery,135.265,322.708,44.744,90.52099999999999,288.5,38.332,7.5263487425649584,103.711,proxied,46.947504,18.93897
PL.MŚ/000000513.FACILITY,Polchar Sp. z o.o.,Poland,POL,2022,1(b),mid,228222.22,spatial_nearest,natural_gas,heat_battery,124.872,183.097,44.744,80.128,162.85,38.332,4.248408640300532,95.165,proxied,52.592414855957,14.6273193359375
FR.CAED/13783.FACILITY,SA DE LA RAFFINERIE DES ANTILLES,France,FRA,2023,1(a),mid,238182.7,id_direct,natural_gas,heat_battery,118.864,261.153,45.593,73.271,233.1,39.096,5.962246777163904,88.95,bnef,14.61665,-61.02625
https://registry.gdi-de.org/id/de.ni.mu/06277201660,Smurfit Westrock Hoya Papier & Board GmbH,Germany,DEU,2023,6(b),high,701514.72,spatial_nearest,natural_gas,heat_battery,115.596,244.764,47.885,67.71100000000001,218.35,41.159,5.305036565514225,86.009,bnef,52.81138,9.1502
https://registry.gdi-de.org/id/de.nw.inspire.pf.bube-eureg/arb-2017-112000-100-0888309,Venator Germany GmbH,Germany,DEU,2023,4(b)(v),mid,240611.11,spatial_nearest,natural_gas,heat_battery,115.596,244.764,47.885,67.71100000000001,218.35,41.159,5.305036565514225,86.009,bnef,51.43953,6.70524
https://registry.gdi-de.org/id/de.hb/de.hb.pf.bube-eureg.06-04-11/2005382/5/0,ArcelorMittal Bremen GmbH ,Germany,DEU,2023,2(b),high,127472.22,spatial_nearest,natural_gas,heat_battery,115.596,244.764,47.885,67.71100000000001,218.35,41.159,5.305036565514225,86.009,bnef,53.12494,8.68673
https://registry.gdi-de.org/id/de.bw.lubw.inspire.pf/pf-450-34044741-00000000,BEB Bioenergie Baden GmbH ,Germany,DEU,2023,5(a),high,59793.61,spatial_nearest,natural_gas,heat_battery,115.596,244.764,47.885,67.71100000000001,218.35,41.159,5.305036565514225,86.009,bnef,48.5829,7.81992
https://registry.gdi-de.org/id/de.nw.inspire.pf.bube-eureg/arb-2017-366044-300-0079450,Smurfit Westrock Zülpich Paper GmbH,Germany,DEU,2023,6(b),high,379667.22,spatial_nearest,natural_gas,heat_battery,115.596,244.764,47.885,67.71100000000001,218.35,41.159,5.305036565514225,86.009,bnef,50.70659,6.65301
https://registry.gdi-de.org/id/de.st.lau.pf.anlagen-ied-euregistry/100276,Mercer Stendal GmbH ,Germany,DEU,2023,6(a),high,28753.89,spatial_nearest,natural_gas,heat_battery,115.596,244.764,47.885,67.71100000000001,218.35,41.159,5.305036565514225,86.009,bnef,52.72827,12.00586
https://registry.gdi-de.org/id/de.nw.inspire.pf.bube-eureg/arb-2017-112000-100-0077961,Hüttenwerke Krupp Mannesmann GmbH,Germany,DEU,2023,2(b),high,449933.06,spatial_nearest,natural_gas,heat_battery,115.596,244.764,47.885,67.71100000000001,218.35,41.159,5.305036565514225,86.009,bnef,51.36823,6.71227
https://registry.gdi-de.org/id/de.he.0945.de7.pf.eu_industrie/20000004,Opel Automobile GmbH ,Germany,DEU,2023,9(c),mid,1153044.44,spatial_nearest,natural_gas,heat_battery,115.596,244.764,47.885,67.71100000000001,218.35,41.159,5.305036565514225,86.009,bnef,49.99482,8.39753
CZ.MZP.T802/CZ29145586.FACILITY,Provozovna Třinec,Czechia,CZE,2022,2(b),high,1456667.79,spatial_nearest,natural_gas,heat_battery,111.739,191.764,44.744,66.995,170.65,38.332,4.451893978921006,83.346,proxied,49.68810552,18.64728154
CZ.MZP.Z723/CZ92460364.FACILITY,CS CABOT,Czechia,CZE,2022,4(b)(v),mid,243695.32,spatial_nearest,natural_gas,heat_battery,111.739,191.764,44.744,66.995,170.65,38.332,4.451893978921006,83.346,proxied,49.50139807,17.95567516
CZ.MZP.E532/CZ53884341.FACILITY,Synthesia a. s.,Czechia,CZE,2022,4(a)(x),mid,687843.01,spatial_nearest,natural_gas,heat_battery,111.739,191.764,44.744,66.995,170.65,38.332,4.451893978921006,83.346,proxied,50.05719241,15.71540491
NL.RIVM/000024302.FACILITY,Crown van Gelder International B.V.,Netherlands,NLD,2022,6(b),high,263177.35,spatial_nearest,natural_gas,heat_battery,108.965,204.041,44.744,64.221,181.7,38.332,4.74016487530001,80.849,proxied,52.46697,4.63896
AT.CAED/9008391215752.FACILITY,EVN Wärmekraftwerke GmbH,Austria,AUT,2023,5(b),high,1744222.22,spatial_nearest,natural_gas,heat_battery,106.163,283.708,44.744,61.419,253.4,38.332,6.610664718772827,77.52,proxied,48.327389,15.932417
PL.MŚ/000000429.FACILITY,"Grupa Azoty Zakłady Chemiczne ""POLICE"" SA",Poland,POL,2024,4(b),mid,39891.67,spatial_nearest,natural_gas,heat_battery,104.661,234.541,44.744,59.917,209.15,38.332,5.456276740060524,81.015,proxied,53.5698280334473,14.5381364822388
PL.MŚ/000000072.FACILITY,International Paper - Kwidzyn Sp. z o.o.,Poland,POL,2024,6(b),high,2226938.89,id_direct,natural_gas,heat_battery,104.661,234.541,44.744,59.917,209.15,38.332,5.456276740060524,81.015,proxied,53.6997413635254,18.9216861724854
https://data.gov.sk/set/data/so/b4d884b3-4442-43db-a19c-ceb6e127960f/SK37021405.NRZ.FACILITY,Duslo a.s.,Slovakia,SVK,2022,4(c),mid,295113.37,spatial_nearest,natural_gas,heat_battery,103.786,257.097,44.744,59.042,229.45,38.332,5.985860377752269,76.188,proxied,48.181531,17.937156
https://data.gov.sk/set/data/so/b4d884b3-4442-43db-a19c-ceb6e127960f/SK47025613.NRZ.FACILITY,"Slovalco, a.s.",Slovakia,SVK,2022,2(e)(i),high,43243.98,spatial_nearest,natural_gas,heat_battery,103.786,257.097,44.744,59.042,229.45,38.332,5.985860377752269,76.188,proxied,48.564183,18.846948
https://data.gov.sk/set/data/so/b4d884b3-4442-43db-a19c-ceb6e127960f/SK37012102.NRZ.FACILITY,"SLOVNAFT, a.s.",Slovakia,SVK,2022,1(a),mid,2933727.37,spatial_nearest,natural_gas,heat_battery,103.786,257.097,44.744,59.042,229.45,38.332,5.985860377752269,76.188,proxied,48.119024,17.18056
FR.CAED/7560.FACILITY,ARKEMA FRANCE,France,FRA,2022,4(a)(iv),mid,393539.46,id_direct,natural_gas,heat_battery,102.183,143.264,45.593,56.59,127.0,39.096,3.2484141600163703,74.745,bnef,43.2833,5.49868
FR.CAED/5506.FACILITY,LA ROCHETTE CARTONBOARD SAS,France,FRA,2022,6(b),high,24547.67,id_direct,natural_gas,heat_battery,102.183,143.264,45.593,56.59,127.0,39.096,3.2484141600163703,74.745,bnef,45.4537,6.1185
NL.RIVM/000010057.FACILITY,Shell Nederland Raffinaderij BV,Netherlands,NLD,2024,1(a),mid,2575231.18,spatial_nearest,natural_gas,heat_battery,100.222,235.375,44.744,55.477999999999994,209.9,38.332,5.4758426380048,77.02,proxied,51.88013,4.33533
NL.RIVM/000051501.FACILITY,Zeeland Refinery N.V.,Netherlands,NLD,2024,1(a),mid,2368613.09,spatial_nearest,natural_gas,heat_battery,100.222,235.375,44.744,55.477999999999994,209.9,38.332,5.4758426380048,77.02,proxied,51.44562,3.72705
PT.CAED/PT.APA05763542.CI,"Repsol Polimeros , Lda. (CI)",Portugal,PRT,2023,4(a)(i),mid,196175.0,spatial_nearest,natural_gas,heat_battery,98.395,119.653,44.744,53.650999999999996,105.75,38.332,2.7587916101429615,70.528,proxied,37.984145,-8.83258
IE.CAED/W0232.FACILITY,Dublin Waste to Energy Limited,Ireland,IRL,2024,5(b),high,6188.89,spatial_nearest,natural_gas,heat_battery,98.064,286.153,44.744,53.31999999999999,255.6,38.332,6.66805801940937,75.078,proxied,53.338968,-6.200382
https://data.ied_registry.omgeving.vlaanderen.be/id/productionfacility/BE.VL.000000992.FACILITY,GREENPOWER OOSTENDE,Belgium,BEL,2023,5(b),high,637.9,spatial_nearest,natural_gas,heat_battery,91.736,248.43,44.744,46.992000000000004,221.65,38.332,5.782375039131796,64.535,proxied,51.21008,2.9953
https://data.ied_registry.omgeving.vlaanderen.be/id/productionfacility/BE.VL.000000162.FACILITY,INEOS STYROLUTION BELGIUM,Belgium,BEL,2023,4(a)(i),mid,16426.11,spatial_nearest,natural_gas,heat_battery,91.736,248.43,44.744,46.992000000000004,221.65,38.332,5.782375039131796,64.535,proxied,51.3623,4.26567
IT.CAED/741231002.FACILITY,RAFFINERIA DI TARANTO,Italy,ITA,2024,1(a),mid,908091.67,spatial_nearest,natural_gas,heat_battery,83.636,244.597,38.962,44.67399999999999,218.2,33.128,6.586573291475489,62.093,bnef,40.4892,17.193
IT.CAED/570162008.FACILITY,SOLVAY CHIMICA ITALIA S.P.A. ROSIGNANO,Italy,ITA,2024,4(b),mid,40277.78,id_direct,natural_gas,heat_battery,83.636,244.597,38.962,44.67399999999999,218.2,33.128,6.586573291475489,62.093,bnef,43.4089,10.4739
AT.CAED/9008390537091.FACILITY,Sappi Austria Produktions-GmbH & Co. KG,Austria,AUT,2024,6(b),high,1834014.49,spatial_nearest,natural_gas,heat_battery,85.301,223.986,44.744,40.557,199.65,38.332,5.208442032766357,63.592,proxied,47.134111,15.334056
AT.CAED/9008390661741.FACILITY,OMV Downstream GmbH,Austria,AUT,2024,1(a),mid,3051246.61,spatial_nearest,natural_gas,heat_battery,85.301,223.986,44.744,40.557,199.65,38.332,5.208442032766357,63.592,proxied,48.144722,16.493889
EE.KAUR.TTR/76.FACILITY,"Enefit Power AS, Enefit õlitööstus",Estonia,EST,2024,1(b),mid,2047222.22,spatial_nearest,natural_gas,heat_battery,83.883,163.986,44.744,39.138999999999996,145.65,38.332,3.7996973807784618,62.315,proxied,59.2732286256,27.895653742
EE.KAUR.TTR/185.FACILITY,"VKG Oil AS, Kohtla-Järve Petroter põlevkiviõlitehas",Estonia,EST,2024,1(b),mid,1272875.0,spatial_nearest,natural_gas,heat_battery,83.883,163.986,44.744,39.138999999999996,145.65,38.332,3.7996973807784618,62.315,proxied,59.3867080255,27.2380242422
EE.KAUR.TTR/88.FACILITY,"Horizon Tselluloosi ja Paberi AS, Kehra paberivabrik",Estonia,EST,2024,6(b),high,10694.44,id_direct,natural_gas,heat_battery,83.883,163.986,44.744,39.138999999999996,145.65,38.332,3.7996973807784618,62.315,proxied,59.3405854971,25.3401582309
http://paikkatiedot.fi/so/1002031/pf/ProductionFacility/0000027819.ProductionFacility,"SMA Mineral Oy, Röyttän Kalkkitehdas",Finland,FIN,2019,3(c)(ii),high,579916.67,spatial_nearest,natural_gas,heat_battery,79.665,81.597,44.744,34.92100000000001,71.5,38.332,1.8652822706876762,65.589,proxied,65.75984,24.1556
http://paikkatiedot.fi/so/1002031/pf/ProductionFacility/0100300015.ProductionFacility,"Lahti Energia Oy, Kymijärven jätteenpolttolaitos, Lahti",Finland,FIN,2019,5(b),high,1472269.44,spatial_nearest,natural_gas,heat_battery,79.665,81.597,44.744,34.92100000000001,71.5,38.332,1.8652822706876762,65.589,proxied,60.99101,25.72008
HR.CAED/000000067.FACILITY,Rafinerija nafte Rijeka,Croatia,HRV,2024,1(a),mid,2223080.56,spatial_nearest,natural_gas,heat_battery,79.567,214.097,44.744,34.82299999999999,190.75,38.332,4.976260043827612,58.431,proxied,45.28543,14.5342
HR.CAED/000000064.FACILITY,Proizvodnja gnojiva,Croatia,HRV,2024,4(c),mid,577777.78,spatial_nearest,natural_gas,heat_battery,79.567,214.097,44.744,34.82299999999999,190.75,38.332,4.976260043827612,58.431,proxied,45.46648,16.79753
PT.CAED/PT.APA05764382.CI,Europaec (CI),Portugal,PRT,2024,6(a),high,514444.44,spatial_nearest,natural_gas,heat_battery,77.224,139.986,44.744,32.480000000000004,124.05,38.332,3.2361995199833036,56.322,proxied,41.703661,-8.712395
PT.CAED/PT.APA05765202.CI,"Navigator Pulp Cacia, S.A. (CI)",Portugal,PRT,2024,6(a),high,1790625.28,spatial_nearest,natural_gas,heat_battery,77.224,139.986,44.744,32.480000000000004,124.05,38.332,3.2361995199833036,56.322,proxied,40.6846,-8.587658
RO.CAED/102VL0001.FACILITY,SC CHIM COMPLEX S.A. Borzesti - Sucursala Ramnicu Valcea,Romania,ROU,2024,4(b)(iii),mid,141460.83,spatial_nearest,natural_gas,heat_battery,75.436,183.708,44.744,30.692000000000007,163.4,38.332,4.262756965459668,54.713,proxied,45.045965,24.296956
RO.CAED/106PH0001.FACILITY,OMV PETROM SA - Petrobrazi,Romania,ROU,2024,1(a),mid,225958.06,spatial_nearest,natural_gas,heat_battery,75.436,183.708,44.744,30.692000000000007,163.4,38.332,4.262756965459668,54.713,proxied,44.876519,26.010388
https://data.ied_registry.omgeving.vlaanderen.be/id/productionfacility/BE.VL.000000590.FACILITY,ALCO BIO FUEL,Belgium,BEL,2024,4(a)(ii),mid,531785.28,spatial_nearest,natural_gas,heat_battery,75.066,201.875,44.744,30.322000000000003,179.75,38.332,4.689293540644892,54.38,proxied,51.14163,3.79426
EL.CAED/100074.FACILITY,HEIDELBERG MATERIALS HELLAS S.A.,Greece,GRC,2024,3(c)(i),high,106405.56,spatial_nearest,natural_gas,heat_battery,70.504,199.653,44.744,25.760000000000005,177.75,38.332,4.6371178127934884,50.274,proxied,38.03679,23.59286
EL.CAED/100053.FACILITY,HELLENIC PETROLEUM R.S.S.O.P.P. S.A. - INDUSTRIAL DIVISION OF ASPROPYRGOS,Greece,GRC,2024,1(a),mid,808525.0,id_direct,natural_gas,heat_battery,70.504,199.653,44.744,25.760000000000005,177.75,38.332,4.6371178127934884,50.274,proxied,38.03236,23.60276
SE.CAED/10024566.Facility,SMA Mineral AB,Sweden,SWE,2013,3(c),high,55619.44,spatial_nearest,natural_gas,heat_battery,70.008,88.319,44.744,25.263999999999996,77.55,38.332,2.0231138474381716,61.039,proxied,65.56331,22.21479
BG.CAED/002000008.FACILITY,Lukoil Neftohim Burgas AD,Bulgaria,BGR,2024,1(a),mid,88055.56,spatial_nearest,natural_gas,heat_battery,66.989,138.708,46.197,20.792,122.9,39.64,3.100403632694248,47.111,proxied,42.54544,27.336508
http://paikkatiedot.fi/so/1002031/pf/ProductionFacility/0000002234.ProductionFacility,"Metsä Fibre Oy, Äänekosken sellutehdas",Finland,FIN,2017,6(a),high,157861.11,spatial_nearest,natural_gas,heat_battery,63.759,76.764,44.744,19.015,67.15,38.332,1.7518000626108736,55.213,proxied,62.59055,25.75298
RO.CAED/103VL0001.FACILITY,UZINELE SODICE GOVORA - CIECH CHEMICAL GROUP SA,Romania,ROU,2019,4(b)(iv),mid,16229.17,spatial_nearest,natural_gas,heat_battery,45.816,112.486,44.744,1.0720000000000027,99.3,38.332,2.590524887822185,35.125,proxied,45.034531,24.289853
CY.EEA/51.FACILITY,"VASSILIKO CEMENT WORKS PUBLIC COMPANY LTD, Moni Plant",Cyprus,CYP,2010,3(c)(i),high,372222.22,spatial_nearest,natural_gas,heat_battery,45.236,181.875,44.744,0.49199999999999733,161.75,38.332,4.21971198998226,36.623,proxied,34.710277,33.191388
