source_id,eprtr_facility_name,iso3_country,eprtr_lat,eprtr_lon,eprtr_activity,process_heat_temp_band,process_temp_c,annual_heat_demand_MWh_th,load_mw,potential_mw_solar,suitable_land_adj_km2,land_feasibility_adj,overlap_n_neighbours,overlap_area_total_km2,bnef_year_used,epsilon_used
PL.MŚ/000000232.FACILITY,Dyckerhoff Polska Sp. z o.o.,POL,50.806941986084,20.5222225189209,3(c),high,750.0,8533.33,0.9741,3448.23,34.4823,FEASIBLE,1,14.5029,2025.0,0.48
FR.CAED/10790.FACILITY,VERSALIS FRANCE S.A.S.,FRA,51.03032,2.2455,4(a)(i),mid,350.0,330602.13,37.74,9296.84,92.9684,FEASIBLE,0,0.0,2025.0,0.8
ES.CAED/002762000.FACILITY,SAICA PAPER EL BURGO DE EBRO,ESP,41.546601,-0.678377,6(b),high,750.0,1136283.56,129.7127,10992.92,109.9292,FEASIBLE,0,0.0,2025.0,0.8
FR.CAED/7624.FACILITY,KEM ONE,FRA,43.45583,4.93172,4(a)(vi),mid,350.0,143978.08,16.4359,0.0,0.0,INFEASIBLE,6,984.5594,2025.0,0.8
IT.CAED/441221002.FACILITY,YARA ITALIA SPA - STABILIMENTO DI FERRARA,ITA,44.856,11.5921,4(b),mid,350.0,289961.11,33.1006,23811.49,238.1149,FEASIBLE,0,0.0,2025.0,0.82
ES.CAED/001482000.FACILITY,REFINERÍA LA RÁBIDA,ESP,37.184329,-6.894507,1(a),mid,350.0,3154384.19,360.0895,5522.44,55.2244,INFEASIBLE,1,305.3708,2025.0,0.78
FR.CAED/3437.FACILITY,CRISTAL UNION,FRA,49.35335,4.15622,8(b)(ii),low,150.0,635777.18,72.5773,26640.86,266.4086,FEASIBLE,0,0.0,2025.0,0.85
FR.CAED/7658.FACILITY,TOTALENERGIES RAFFINAGE FRANCE,FRA,43.38846,5.15267,1(a),mid,350.0,704648.34,80.4393,1425.62,14.2562,INFEASIBLE,5,236.0958,2025.0,0.78
ES.CAED/003701000.FACILITY,"PETROLEOS DEL NORTE, PETRONOR, S.A. (PETRONOR)",ESP,43.325743,-3.110944,1(a),mid,350.0,905883.33,103.4113,909.44,9.0944,INFEASIBLE,0,0.0,2025.0,0.78
IT.CAED/850122001.FACILITY,CENTRO OLI TEMPA ROSSA,ITA,40.4101,16.0871,3(a),high,750.0,560340.35,63.9658,926.7,9.267,INFEASIBLE,1,2.2519,2025.0,0.75
IT.CAED/960101005.FACILITY,Raffineria ISAB Impianti NORD,ITA,37.1791,15.1825,1(a),mid,350.0,3192093.73,364.3943,3569.38,35.6938,INFEASIBLE,2,496.1436,2025.0,0.78
FR.CAED/12675.FACILITY,TEREOS FRANCE,FRA,48.08478,1.88246,8(b)(ii),low,150.0,256422.72,29.272,23790.14,237.9014,FEASIBLE,0,0.0,2025.0,0.85
IT.CAED/850592002.FACILITY,Centro Olio Val d'Agri,ITA,40.3136,15.8972,3(a),high,750.0,495833.33,56.602,3917.39,39.1739,FEASIBLE,1,2.2519,2025.0,0.75
FR.CAED/3814.FACILITY,TOTALENERGIES RAFFINAGE FRANCE,FRA,49.51034,0.22592,1(a),mid,350.0,3893874.64,444.5062,8899.96,88.9996,INFEASIBLE,2,571.5081,2025.0,0.78
PL.MŚ/000000108.FACILITY,Grupa Azoty Zakłady Azotowe Kędzierzyn Spółka Akcyjna,POL,50.303394317627,18.2594203948975,4(c),mid,350.0,70701.77,8.071,11355.26,113.5526,FEASIBLE,0,0.0,2025.0,0.82
ES.CAED/001528000.FACILITY,REPSOL PETROLEO S.A.,ESP,38.672,-4.0497,1(a),mid,350.0,1554280.0,177.4292,10739.84,107.3984,FEASIBLE,0,0.0,2025.0,0.78
FR.CAED/10838.FACILITY,SUCRERIES DISTILLERIES HAUTS DE FRANCE,FRA,50.55963,2.49065,8(b)(ii),low,150.0,405954.32,46.3418,18301.6,183.016,FEASIBLE,1,39.1744,2025.0,0.85
FR.CAED/7615.FACILITY,NAPHTACHIMIE,FRA,43.38438,5.01737,4(a)(i),mid,350.0,383525.96,43.7815,0.0,0.0,INFEASIBLE,6,813.462,2025.0,0.8
FR.CAED/6705.FACILITY,TOTALENERGIES MARKETING SERVICES,FRA,47.37229,-2.12805,1(a),mid,350.0,243562.14,27.8039,5293.2,52.932,FEASIBLE,0,0.0,2025.0,0.78
IT.CAED/600151001.FACILITY,api Raffineria di Ancona spa,ITA,43.6395,13.3813,1(a),mid,350.0,423215.0,48.3122,5443.73,54.4373,FEASIBLE,0,0.0,2025.0,0.78
PL.MŚ/000000138.FACILITY,Arctic Paper Kostrzyn S.A.,POL,52.5945816040039,14.6254749298096,6(b),high,750.0,709933.33,81.0426,5854.96,58.5496,INFEASIBLE,0,0.0,2025.0,0.8
PL.MŚ/000000221.FACILITY,"Huta Cynku ""Miasteczko Śląskie"" S.A.",POL,50.5025901794434,18.9307708740234,2(e),high,750.0,870.0,0.0993,5632.07,56.3207,FEASIBLE,0,0.0,2025.0,0.72
ES.CAED/001526000.FACILITY,REPSOL COMPLEJO INDUSTRIAL A CORUÑA,ESP,43.353129,-8.446743,1(a),mid,350.0,872779.48,99.6324,1853.75,18.5375,INFEASIBLE,0,0.0,2025.0,0.78
FR.CAED/5914.FACILITY,NOVACARB,FRA,48.6394,6.26553,4(b)(iv),mid,350.0,791198.64,90.3195,9867.17,98.6717,FEASIBLE,1,174.6751,2025.0,0.82
ES.CAED/001562000.FACILITY,REPSOL QUIMICA,ESP,41.194305,1.226122,4(a)(i),mid,350.0,2575955.56,294.0589,8492.43,84.9243,INFEASIBLE,1,278.0474,2025.0,0.8
ES.CAED/002716000.FACILITY,DOW CHEMICAL IBERICA (DOW NORD),ESP,41.178667,1.220202,4(a)(viii),mid,350.0,1338944.44,152.8475,5030.95,50.3095,INFEASIBLE,1,278.0474,2025.0,0.8
FR.CAED/9415.FACILITY,ROQUETTE FRERES,FRA,48.85849,8.08496,8(b)(ii),low,150.0,163288.0,18.6402,7627.43,76.2743,FEASIBLE,0,0.0,2025.0,0.85
ES.CAED/002761000.FACILITY,SAICA 1,ESP,41.670085,-0.871259,6(b),high,750.0,724563.56,82.7127,14139.78,141.3978,FEASIBLE,0,0.0,2025.0,0.8
IT.CAED/090181001.FACILITY,Sarlux srl,ITA,39.0971,9.0113,1(a),mid,350.0,1084948.77,123.8526,3850.76,38.5076,INFEASIBLE,0,0.0,2025.0,0.78
FR.CAED/6144.FACILITY,NORSKE SKOG GOLBEY,FRA,48.20944,6.42027,6(b),high,750.0,71862.94,8.2035,8962.01,89.6201,FEASIBLE,0,0.0,2025.0,0.8
EL.CAED/100048.FACILITY,METLEN ENERGY & METALS S.A. - ALOUMINIUM OF GREECE,GRC,38.36083,22.69167,2(e),high,750.0,2457916.0,280.584,1062.49,10.6249,INFEASIBLE,0,0.0,2025.0,0.72
FR.CAED/5422.FACILITY,TOTALENERGIES RAFFINAGE FRANCE,FRA,45.67743,4.86113,1(a),mid,350.0,184800.81,21.096,7676.24,76.7624,FEASIBLE,0,0.0,2025.0,0.78
IT.CAED/280691001.FACILITY,RAFFINERIA SARPOM DI TRECATE,ITA,45.4372,8.7858,1(a),mid,350.0,43225.62,4.9344,17945.74,179.4574,FEASIBLE,0,0.0,2025.0,0.78
FR.CAED/788.FACILITY,RAYONIER A.M. TARTAS,FRA,43.83137,-0.82634,6(a),high,750.0,80155.03,9.1501,11619.41,116.1941,FEASIBLE,0,0.0,2025.0,0.82
ES.CAED/000704000.FACILITY,"BP ENERGÍA ESPAÑA, S.A.",ESP,39.976742,0.014574,1(a),mid,350.0,403151.67,46.0219,6104.41,61.0441,FEASIBLE,0,0.0,2025.0,0.78
PL.MŚ/000000197.FACILITY,ANWIL S.A.,POL,52.7022247314453,18.9658336639404,4(c),mid,350.0,87330.0,9.9692,11719.24,117.1924,FEASIBLE,0,0.0,2025.0,0.82
FR.CAED/7656.FACILITY,ARCELORMITTAL MEDITERRANEE,FRA,43.46551,4.93663,2(b),high,750.0,44706.56,5.1035,0.0,0.0,INFEASIBLE,6,924.9509,2025.0,0.72
FR.CAED/9517.FACILITY,TEREOS STARCH & SWEETENERS EUROPE,FRA,48.1668,7.59363,8(b)(ii),low,150.0,657354.83,75.0405,14006.74,140.0674,FEASIBLE,0,0.0,2025.0,0.85
PL.MŚ/000000278.FACILITY,"Huta Miedzi ""Legnica""",POL,51.1823844909668,16.1176204681396,2(e),high,750.0,46900.0,5.3539,22254.82,222.5482,FEASIBLE,0,0.0,2025.0,0.72
FR.CAED/11135.FACILITY,ROQUETTE FRERES,FRA,50.63404,2.67593,8(b)(ii),low,150.0,1762585.7,201.2084,23874.07,238.7407,FEASIBLE,1,39.1744,2025.0,0.85
PL.MŚ/000000212.FACILITY,Kronospan Mielec Sp. z o.o.,POL,50.307014465332,21.470874786377,6(b),high,750.0,160577.78,18.3308,11260.46,112.6046,FEASIBLE,0,0.0,2025.0,0.8
FR.CAED/7646.FACILITY,RHONE ENERGIES FOS-SUR-MER SAS,FRA,43.44832,4.93111,1(a),mid,350.0,1654664.84,188.8887,1433.49,14.3349,INFEASIBLE,6,997.8614,2025.0,0.78
FR.CAED/6155.FACILITY,EGGER PANNEAUX ET DECORS,FRA,48.33671,6.65654,6(b),high,750.0,41129.73,4.6952,10479.03,104.7903,FEASIBLE,0,0.0,2025.0,0.8
FR.CAED/1260.FACILITY,STE BEARNAISE DE GESTION INDUSTRIELLE,FRA,43.41473,-0.61294,1(b),mid,350.0,456494.87,52.1113,10405.81,104.0581,FEASIBLE,0,0.0,2025.0,0.72
FR.CAED/791.FACILITY,LES DERIVES RESINIQUES ET TERPENIQUES,FRA,43.94703,-1.29872,4(a)(ii),mid,350.0,88790.97,10.136,5281.18,52.8118,FEASIBLE,0,0.0,2025.0,0.8
PL.MŚ/000000136.FACILITY,"Celsa ""Huta Ostrowiec"" Sp.o.o.",POL,50.9482231140137,21.4450912475586,2(b),high,750.0,625380.0,71.3904,5446.46,54.4646,INFEASIBLE,1,28.7555,2025.0,0.72
ES.CAED/003378000.FACILITY,CEASA ENCE- FÁBRICA DE NAVIA,ESP,43.54111,-6.72114,6(a),high,750.0,16352.17,1.8667,3027.52,30.2752,FEASIBLE,0,0.0,2025.0,0.82
FR.CAED/7588.FACILITY,FIBRE EXCELLENCE PROVENCE,FRA,43.7932,4.66201,6(a),high,750.0,47637.37,5.4381,11938.67,119.3867,FEASIBLE,0,0.0,2025.0,0.82
EE.KAUR.TTR/88.FACILITY,"Horizon Tselluloosi ja Paberi AS, Kehra paberivabrik",EST,59.3405854971,25.3401582309,6(b),high,750.0,8555.56,0.9767,10015.14,100.1514,FEASIBLE,0,0.0,2025.0,0.8
FR.CAED/9964.FACILITY,SOC D'EXPLOITATION THERMIQUE DU MIRAIL,FRA,43.55826,1.39858,5(b),high,750.0,1461.92,0.1669,6277.31,62.7731,FEASIBLE,0,0.0,2025.0,0.85
FR.CAED/10011.FACILITY,FIBRE EXCELLENCE SAINT-GAUDENS SAS,FRA,43.09995,0.72184,6(a),high,750.0,10955.22,1.2506,10560.59,105.6059,FEASIBLE,0,0.0,2025.0,0.82
IT.CAED/330282002.FACILITY,Stabilimento di Tolmezzo,ITA,46.3939,13.0169,6(b),high,750.0,387966.22,44.2884,1714.23,17.1423,INFEASIBLE,0,0.0,2025.0,0.8
FR.CAED/662.FACILITY,SMURFIT WESTROCK CELLULOSE DU PIN,FRA,44.62884,-0.97612,6(a),high,750.0,3987.58,0.4552,594.0,5.94,FEASIBLE,0,0.0,2025.0,0.82
FR.CAED/3936.FACILITY,LAT NITROGEN FRANCE,FRA,49.42375,1.03674,4(b)(ii),mid,350.0,840970.68,96.0012,3079.95,30.7995,INFEASIBLE,0,0.0,2025.0,0.82
PL.MŚ/000000053.FACILITY,Grupa Ożarów S.A.,POL,50.9304275512695,21.6765041351318,3(c),high,750.0,52466.67,5.9893,11683.31,116.8331,FEASIBLE,1,28.7555,2025.0,0.48
FR.CAED/5938.FACILITY,SAINT-GOBAIN PAM CANALISATION,FRA,48.89672,6.05187,2(b),high,750.0,84619.79,9.6598,5916.19,59.1619,FEASIBLE,0,0.0,2025.0,0.72
ES.CAED/001619000.FACILITY,FÁBRICA DE PALOS DE LA FRONTERA (CEPSA QUÍMICA),ESP,37.18396,-6.889568,4(a)(i),mid,350.0,463266.67,52.8843,964.75,9.6475,INFEASIBLE,1,305.3708,2025.0,0.8
PL.MŚ/000000273.FACILITY,Euroglas Polska Sp. z o.o.,POL,51.6197776794434,19.9349212646484,3(e),high,750.0,61086.67,6.9734,17318.35,173.1835,FEASIBLE,0,0.0,2025.0,0.68
ES.CAED/001960000.FACILITY,"DS SMITH SPAIN, S.A.",ESP,41.84,-4.559444,6(b),high,750.0,422708.89,48.2544,18543.93,185.4393,FEASIBLE,0,0.0,2025.0,0.8
FR.CAED/44.FACILITY,SOLVAY FRANCE,FRA,47.03851,5.41265,4(a)(vi),mid,350.0,1189377.39,135.7737,15179.9,151.799,FEASIBLE,0,0.0,2025.0,0.8
FR.CAED/3839.FACILITY,TOTALENERGIES PETROCHEMICALS FRANCE,FRA,49.50488,0.20609,4(a)(i),mid,350.0,132600.02,15.137,0.0,0.0,INFEASIBLE,2,591.652,2025.0,0.8
PL.MŚ/000000058.FACILITY,ArcelorMittal Poland S.A. Oddział Dąbrowa Górnicza,POL,50.3461112976074,19.28444480896,2(b),high,750.0,85020.0,9.7055,3929.77,39.2977,FEASIBLE,1,222.1805,2025.0,0.72
IT.CAED/980571001.FACILITY,Raffineria di Milazzo S.C.p.A.,ITA,38.2027,15.2723,1(a),mid,350.0,217100.0,24.7831,1662.42,16.6242,FEASIBLE,0,0.0,2025.0,0.78
EL.CAED/100058.FACILITY,HELLENIC PETROLEUM R.S.S.O.P.P. S.A. –SOUTH REFINERIES COMPLEX – ELEFSIS INDUSTRIAL FACILITIES,GRC,38.04222,23.51083,1(a),mid,350.0,2346.5,0.2679,2303.18,23.0318,FEASIBLE,1,156.24,2025.0,0.78
IT.CAED/301751001.FACILITY,Raffineria di Venezia,ITA,45.4594,12.2667,4(a),mid,350.0,179568.89,20.4987,8877.23,88.7723,FEASIBLE,0,0.0,2025.0,0.8
FR.CAED/759.FACILITY,GASCOGNE PAPIER,FRA,44.20724,-1.2716,6(a),high,750.0,44341.0,5.0618,3577.79,35.7779,FEASIBLE,0,0.0,2025.0,0.82
IT.CAED/030392001.FACILITY,Stabilimento di Sora (FR),ITA,41.6994,13.5869,6(b),high,750.0,971133.16,110.8599,2719.78,27.1978,INFEASIBLE,0,0.0,2025.0,0.8
FR.CAED/146.FACILITY,SAICA PAPER FRANCE,FRA,49.36547,3.41373,6(a),high,750.0,48449.63,5.5308,5623.66,56.2366,FEASIBLE,1,225.777,2025.0,0.82
ES.CAED/001529000.FACILITY,"REPSOL PETRÓLEO, S.A. - C.I. CARTAGENA",ESP,37.622214,-0.982184,1(a),mid,350.0,1094374.67,124.9286,12805.32,128.0532,FEASIBLE,0,0.0,2025.0,0.78
FR.CAED/7626.FACILITY,LYONDELL CHIMIE FRANCE,FRA,43.42011,4.8602,4(a)(ii),mid,350.0,495422.73,56.5551,1194.14,11.9414,INFEASIBLE,5,647.983,2025.0,0.8
FR.CAED/4151.FACILITY,TEREOS STARCH & SWEETENERS LBN,FRA,49.48913,0.52521,4(a)(ii),mid,350.0,103025.69,11.7609,0.0,0.0,INFEASIBLE,2,513.1031,2025.0,0.8
EL.CAED/100062.FACILITY,HELLENIC PETROLEUM R.S.S.O.P.P. S.A. - THESSALONIKI INDUSTRIAL COMPLEX,GRC,40.67952,22.87819,1(a),mid,350.0,864798.78,98.7213,7335.97,73.3597,FEASIBLE,0,0.0,2025.0,0.78
EL.CAED/100053.FACILITY,HELLENIC PETROLEUM R.S.S.O.P.P. S.A. - INDUSTRIAL DIVISION OF ASPROPYRGOS,GRC,38.03236,23.60276,1(a),mid,350.0,630649.5,71.992,4022.43,40.2243,FEASIBLE,1,156.24,2025.0,0.78
FR.CAED/3829.FACILITY,YARA FRANCE,FRA,49.50521,0.20993,4(b)(i),mid,350.0,567130.02,64.7409,135.81,1.3581,INFEASIBLE,2,596.9872,2025.0,0.82
IT.CAED/570162008.FACILITY,SOLVAY CHIMICA ITALIA S.P.A. ROSIGNANO,ITA,43.4089,10.4739,4(b),mid,350.0,33027.78,3.7703,6495.24,64.9524,FEASIBLE,0,0.0,2025.0,0.82
PL.MŚ/000000072.FACILITY,International Paper - Kwidzyn Sp. z o.o.,POL,53.6997413635254,18.9216861724854,6(b),high,750.0,1781551.11,203.3734,15279.46,152.7946,INFEASIBLE,0,0.0,2025.0,0.8
FR.CAED/9481.FACILITY,ALSACHIMIE,FRA,47.8265,7.54591,4(a)(ii),mid,350.0,497213.11,56.7595,5659.44,56.5944,FEASIBLE,2,518.9236,2025.0,0.8
FR.CAED/9469.FACILITY,BUTACHIMIE,FRA,47.81907,7.53852,4(a)(iv),mid,350.0,69840.89,7.9727,0.0,0.0,INFEASIBLE,2,538.1652,2025.0,0.8
IT.CAED/240442002.FACILITY,Tenaris Dalmine - Stabilimento di Dalmine,ITA,45.6425,9.5969,2(b),high,750.0,313260.0,35.7603,14038.46,140.3846,FEASIBLE,0,0.0,2025.0,0.72
IT.CAED/960101007.FACILITY,Versalis S.p.A.,ITA,37.167,15.1973,4(a),mid,350.0,611471.47,69.8027,0.0,0.0,INFEASIBLE,2,470.6973,2025.0,0.8
PL.MŚ/000000023.FACILITY,LOTOS ASfalt Sp. z o.o.,POL,54.3499298095703,18.7296676635742,1(a),mid,350.0,849.33,0.097,7389.5,73.895,FEASIBLE,0,0.0,2025.0,0.78
FR.CAED/6088.FACILITY,ARKEMA FRANCE,FRA,49.1401,6.70733,4(a)(ii),mid,350.0,292993.53,33.4468,6085.4,60.854,FEASIBLE,0,0.0,2025.0,0.8
FR.CAED/8363.FACILITY,ENORIS,FRA,48.71938,2.27887,5(b),high,750.0,54333.95,6.2025,5514.89,55.1489,FEASIBLE,0,0.0,2025.0,0.85
FR.CAED/7874.FACILITY,PETROINEOS MANUFACTURING FRANCE SAS,FRA,43.38403,5.02829,1(a),mid,350.0,1571463.86,179.3909,1942.78,19.4278,INFEASIBLE,6,784.7707,2025.0,0.78
FR.CAED/9451.FACILITY,LAT NITROGEN OTTMARSHEIM,FRA,47.79004,7.51929,4(c),mid,350.0,98824.92,11.2814,632.0,6.32,INFEASIBLE,2,468.4926,2025.0,0.82
IT.CAED/051002003.FACILITY,ACEA AMBIENTE Srl UL1_Impianto di Termovalorizzazione,ITA,42.5806,12.6615,5(b),high,750.0,4088.74,0.4668,2872.62,28.7262,FEASIBLE,0,0.0,2025.0,0.85
PL.MŚ/000000309.FACILITY,SAINT-GOBAIN INNOVATIVE MATERIALS POLSKA SPÓŁKA Z O.O. ODDZIAŁ GLASS,POL,50.3058013916016,19.3013935089111,3(e),high,750.0,139211.11,15.8917,4691.4,46.914,FEASIBLE,1,222.1805,2025.0,0.68
PL.MŚ/000000021.FACILITY,KOKSOWNIA RADLIN,POL,50.0377769470215,18.4866676330566,1(d),mid,350.0,92335.0,10.5405,10234.64,102.3464,FEASIBLE,0,0.0,2025.0,0.9
IT.CAED/960111001.FACILITY,Sonatrach Raffineria Italiana-Raffineria di Augusta,ITA,37.2216,15.1905,1(a),mid,350.0,1067516.67,121.8626,1295.95,12.9595,INFEASIBLE,2,413.5625,2025.0,0.78
FR.CAED/3572.FACILITY,CRISTAL UNION,FRA,48.53275,4.11393,8(b)(ii),low,150.0,544376.3,62.1434,26790.33,267.9033,FEASIBLE,0,0.0,2025.0,0.85
PL.MŚ/000000067.FACILITY,"CEMENTOWNIA ""WARTA"" SPÓŁKA AKCYJNA",POL,51.1030540466309,18.9263877868652,3(c),high,750.0,209046.67,23.8638,14770.17,147.7017,FEASIBLE,0,0.0,2025.0,0.48
IT.CAED/100752001.FACILITY,Ahlstrom-Munksjö Italia S.p.A.,ITA,45.2533,7.5397,6(b),high,750.0,675.56,0.0771,5312.12,53.1212,FEASIBLE,0,0.0,2025.0,0.8
FR.CAED/82.FACILITY,TEREOS FRANCE,FRA,49.39409,3.37064,8(b)(ii),low,150.0,317925.28,36.2928,13592.42,135.9242,FEASIBLE,1,225.777,2025.0,0.85
FR.CAED/132.FACILITY,TEREOS FRANCE,FRA,49.83966,3.48056,8(b)(ii),low,150.0,874135.09,99.7871,23035.86,230.3586,FEASIBLE,0,0.0,2025.0,0.85
FR.CAED/3834.FACILITY,ESSO RAFFINAGE,FRA,49.48838,0.56521,1(a),mid,350.0,1220293.33,139.3029,2422.34,24.2234,INFEASIBLE,2,570.7108,2025.0,0.78
PL.MŚ/000000063.FACILITY,LAFARGE CEMENT S.A,POL,50.8286399841309,20.2727031707764,3(c),high,750.0,119462.67,13.6373,3079.65,30.7965,FEASIBLE,1,14.5029,2025.0,0.48
IT.CAED/270391001.FACILITY,RAFFINERIA DI SANNAZZARO DE' BURGONDI,ITA,45.0997,8.8768,1(a),mid,350.0,26720.57,3.0503,20127.37,201.2737,FEASIBLE,0,0.0,2025.0,0.78
FR.CAED/3833.FACILITY,EXXONMOBIL CHEMICAL FRANCE,FRA,49.48838,0.56521,4(a)(i),mid,350.0,1251582.9,142.8748,2489.08,24.8908,INFEASIBLE,2,570.7108,2025.0,0.8
ES.CAED/001998000.FACILITY,ALUMINA ESPAÑOLA S.A.,ESP,43.697515,-7.454929,4(b)(v),mid,350.0,1624966.67,185.4985,1070.49,10.7049,INFEASIBLE,0,0.0,2025.0,0.82
FR.CAED/6359.FACILITY,INEOS POLYMERS SARRALBE SAS,FRA,49.0053,7.03121,4(a)(viii),mid,350.0,264914.82,30.2414,12809.71,128.0971,FEASIBLE,0,0.0,2025.0,0.8
FR.CAED/10727.FACILITY,TEREOS FRANCE,FRA,50.20943,2.76763,8(b)(ii),low,150.0,398859.22,45.5319,25540.73,255.4073,FEASIBLE,0,0.0,2025.0,0.85
PL.MŚ/000000062.FACILITY,"Cementownia ""Odra"" S.A.",POL,50.6806411743164,17.9139156341553,3(c),high,750.0,43510.67,4.967,18142.73,181.4273,FEASIBLE,0,0.0,2025.0,0.48
FR.CAED/4602.FACILITY,SYLVAMO FRANCE SA,FRA,45.86907,0.82809,6(b),high,750.0,67000.09,7.6484,9378.92,93.7892,FEASIBLE,0,0.0,2025.0,0.8
FR.CAED/5125.FACILITY,SAICA PAPER FRANCE,FRA,45.21534,4.81297,6(a),high,750.0,110888.33,12.6585,11294.62,112.9462,FEASIBLE,0,0.0,2025.0,0.82
PL.MŚ/000000190.FACILITY,CEMEX Polska Sp. z o.o. - Zakład Cementownia Rudniki,POL,50.8750915527344,19.2573299407959,3(c),high,750.0,212.0,0.0242,18222.03,182.2203,FEASIBLE,0,0.0,2025.0,0.48
EL.CAED/100066.FACILITY,MOTOR OIL HELLLAS-CORINTH REFINERIES S.A.,GRC,37.91778,23.07361,1(a),mid,350.0,673335.0,76.8647,2644.97,26.4497,INFEASIBLE,0,0.0,2025.0,0.78
FR.CAED/3466.FACILITY,TEREOS FRANCE,FRA,48.7222,3.92123,8(b)(ii),low,150.0,439154.56,50.1318,27244.26,272.4426,FEASIBLE,0,0.0,2025.0,0.85
PL.MŚ/000000215.FACILITY,CEMEX Polska Sp. z o.o - Zakład Cementownia Chełm,POL,51.1371726989746,23.5443572998047,3(c),high,750.0,62437.33,7.1275,9923.32,99.2332,FEASIBLE,0,0.0,2025.0,0.48
IT.CAED/201532001.FACILITY,Impianto di termovalorizzazione Silla 2,ITA,45.5042,9.0706,5(b),high,750.0,3552.18,0.4055,9020.11,90.2011,FEASIBLE,0,0.0,2025.0,0.85
FR.CAED/5900.FACILITY,SOLVAY OPERATIONS FRANCE,FRA,48.6196,6.35778,4(b)(iv),mid,350.0,879780.36,100.4315,11827.22,118.2722,FEASIBLE,1,174.6751,2025.0,0.82
